timestamp,msisdn,score,price,pool,new
2026-08-11 01:18:47,0955654333,14,699,universal,
2026-08-11 01:18:47,0953211119,14,999,naga,
2026-08-11 01:18:47,0957654222,14,499,emperor,
2026-08-11 01:18:47,0963456661,14,499,emperor,
2026-08-11 01:18:47,0967654446,14,499,emperor,
2026-08-11 01:18:47,0855821000,13,699,rahu,
2026-08-11 01:18:47,0961611117,13,1999,ajchang,
2026-08-11 01:18:47,0858536789,11,899,rahu,NEW
2026-08-11 01:18:47,0855146789,11,499,rahu,NEW
2026-08-11 01:18:47,0658861234,11,899,rahu,NEW
2026-08-11 01:18:47,0967654422,11,499,emperor,
2026-08-11 01:18:47,0957654646,11,499,emperor,
2026-08-11 01:18:47,0957654466,11,499,emperor,
2026-08-11 01:18:47,0953456822,11,499,emperor,
2026-08-11 01:18:47,0967654646,11,499,emperor,
2026-08-11 01:18:47,0956715222,10,699,universal,
2026-08-11 01:18:47,0956745777,10,699,universal,
2026-08-11 01:18:47,0955154343,10,699,universal,
2026-08-11 01:18:47,0956749111,10,699,universal,
2026-08-11 01:18:47,0858276555,10,699,universal,
2026-08-11 01:18:47,0957433339,10,899,universal,
2026-08-11 01:18:47,0962522223,10,1199,universal,
2026-08-11 01:18:47,0954369666,10,899,universal,
2026-08-11 01:18:47,0955623444,10,699,universal,
2026-08-11 01:18:47,0962500007,10,899,universal,
2026-08-11 01:18:47,0961733334,10,899,universal,
2026-08-11 01:18:47,0956766622,10,899,universal,
2026-08-11 01:18:47,0954381116,10,499,rahu,
2026-08-11 01:18:47,0834065444,10,499,rahu,
2026-08-11 01:18:47,0967833737,10,1199,rahu,
2026-08-11 01:18:47,0963511117,10,1199,khanthep,
2026-08-11 01:18:47,0962511117,10,1199,khanthep,
2026-08-11 01:18:47,0957722229,10,999,naga,
2026-08-11 01:18:47,0957344449,10,999,naga,
2026-08-11 01:18:47,0956719111,10,999,naga,
2026-08-11 01:18:47,0953100009,10,999,naga,
2026-08-11 01:18:47,0954394666,10,699,naga,
2026-08-11 01:18:47,0967411119,10,999,naga,
2026-08-11 01:18:47,0956795553,10,699,naga,
2026-08-11 01:18:47,0963567779,10,699,naga,
2026-08-11 01:18:47,0951633339,10,999,naga,
2026-08-11 01:18:47,0962688883,10,1999,ajchang,
2026-08-11 01:18:47,0967871115,10,1199,ajchang,
2026-08-11 01:18:47,0954311616,10,899,ajchang,
2026-08-11 01:18:47,0955671444,10,899,ajchang,
2026-08-11 01:18:47,0954755556,10,899,ajchang,
2026-08-11 01:18:47,0962355552,10,899,ajchang,
2026-08-11 01:18:47,0967366662,10,899,ajchang,
2026-08-11 01:18:47,0963432225,10,599,ajchang,
2026-08-11 01:18:47,0967234999,10,599,ajchang,
2026-08-11 01:18:47,0963455583,10,499,ajchang,
2026-08-11 01:18:47,0918766690,10,499,ajchang,
2026-08-11 01:18:47,0955543751,10,499,ajchang,
2026-08-11 01:18:47,0958766638,10,499,ajchang,
2026-08-11 01:18:47,0953459111,10,499,emperor,
2026-08-11 01:18:47,0957645666,10,499,emperor,
2026-08-11 01:18:47,0967456999,10,499,emperor,
2026-08-11 01:18:47,0963165444,10,499,emperor,
2026-08-11 01:18:47,0954344426,10,499,emperor,
2026-08-11 01:18:47,0954344462,10,499,emperor,
2026-08-11 01:18:47,0953432111,14,699,universal
2026-08-11 01:18:47,0658811234,11,899,rahu
2026-08-11 01:18:47,0855123458,11,699,rahu
2026-08-11 01:18:47,0955700003,10,899,universal
2026-08-11 01:18:47,0963144445,10,899,universal
2026-08-11 01:18:47,0967835333,10,899,universal
2026-08-11 01:18:47,0956767227,10,699,universal
2026-08-11 01:18:47,0954723444,10,699,universal
2026-08-11 01:18:47,0641544447,10,1699,universal
2026-08-11 01:18:47,0644465463,10,1499,universal
2026-08-11 01:18:47,0956766464,10,899,universal
2026-08-11 01:18:47,0963176555,10,699,universal
2026-08-11 01:18:47,0832150222,10,499,rahu
2026-08-11 01:18:47,0644345858,10,899,rahu
2026-08-11 01:18:47,0820012225,10,699,rahu
2026-08-11 01:18:47,0956797666,10,699,naga
2026-08-11 01:18:47,0953122229,10,999,naga
2026-08-11 01:18:47,0956719333,10,699,naga
2026-08-11 01:18:47,0967199990,10,999,naga
2026-08-11 01:18:47,0954766669,10,999,naga
2026-08-11 01:18:47,0963799994,10,999,naga
2026-08-11 01:18:47,0956749666,10,699,naga
2026-08-11 01:18:47,0963622221,10,1999,ajchang
2026-08-11 01:18:47,0957144446,10,1499,ajchang
2026-08-11 01:18:47,0963452225,10,899,ajchang
2026-08-11 01:18:47,0957366664,10,899,ajchang
2026-08-11 01:18:47,0644487601,10,499,ajchang
2026-08-11 01:18:47,0610122297,10,499,ajchang
2026-08-11 01:18:47,0643288870,10,499,ajchang
2026-08-11 01:18:57,0938345666,14,699,universal
2026-08-11 01:18:57,0954322271,14,499,ajchang
2026-08-11 01:18:57,0855351234,11,899,rahu
2026-08-11 01:18:57,0820611234,11,699,rahu
2026-08-11 01:18:57,0832155666,10,899,universal
2026-08-11 01:18:57,0956511113,10,899,universal
2026-08-11 01:18:57,0967411115,10,899,universal
2026-08-11 01:18:57,0967835553,10,899,universal
2026-08-11 01:18:57,0956757222,10,699,universal
2026-08-11 01:18:57,0955711110,10,899,universal
2026-08-11 01:18:57,0963457772,10,699,universal
2026-08-11 01:18:57,0826432228,10,899,rahu
2026-08-11 01:18:57,0658123555,10,899,rahu
2026-08-11 01:18:57,0952700009,10,999,naga
2026-08-11 01:18:57,0956794449,10,999,naga
2026-08-11 01:18:57,0968566661,10,1999,ajchang
2026-08-11 01:18:57,0956549111,10,1699,ajchang
2026-08-11 01:18:57,0956715111,10,899,ajchang
2026-08-11 01:18:57,0855543803,10,499,ajchang
2026-08-11 01:18:57,0955567122,10,499,ajchang
2026-08-11 01:18:58,0957654222,14,499,emperor,
2026-08-11 01:18:58,0967654446,14,499,emperor,
2026-08-11 01:18:58,0957654442,14,499,emperor,
2026-08-11 01:18:58,0832126000,13,699,rahu,
2026-08-11 01:18:58,0954543339,13,699,naga,
2026-08-11 01:18:58,0825456767,11,499,rahu,
2026-08-11 01:18:58,0889491234,11,499,rahu,NEW
2026-08-11 01:18:58,0967654224,11,499,emperor,
2026-08-11 01:18:58,0957654646,11,499,emperor,
2026-08-11 01:18:58,0957654466,11,499,emperor,
2026-08-11 01:18:58,0967654664,11,499,emperor,
2026-08-11 01:18:58,0841476555,10,699,universal,
2026-08-11 01:18:58,0834509666,10,699,universal,
2026-08-11 01:18:58,0648766555,10,899,universal,
2026-08-11 01:18:58,0968177772,10,899,universal,
2026-08-11 01:18:58,0967567111,10,699,universal,
2026-08-11 01:18:58,0954374555,10,699,universal,
2026-08-11 01:18:58,0832188444,10,899,universal,
2026-08-11 01:18:58,0954377666,10,899,universal,
2026-08-11 01:18:58,0886541555,10,899,universal,
2026-08-11 01:18:58,0642745666,10,699,universal,
2026-08-11 01:18:58,0963145666,10,699,universal,
2026-08-11 01:18:58,0967266660,10,899,universal,
2026-08-11 01:18:58,0963733339,10,1199,universal,
2026-08-11 01:18:58,0962765558,10,499,rahu,
2026-08-11 01:18:58,0967822292,10,1199,rahu,
2026-08-11 01:18:58,0968543331,10,499,rahu,
2026-08-11 01:18:58,0858761444,10,899,rahu,
2026-08-11 01:18:58,0832160111,10,499,rahu,
2026-08-11 01:18:58,0966811114,10,499,rahu,
2026-08-11 01:18:58,0958322228,10,1199,rahu,
2026-08-11 01:18:58,0957177774,10,1199,khanthep,
2026-08-11 01:18:58,0953833335,10,1199,khanthep,
2026-08-11 01:18:58,0952833336,10,1199,khanthep,
2026-08-11 01:18:58,0956719666,10,699,naga,
2026-08-11 01:18:58,0956769333,10,699,naga,
2026-08-11 01:18:58,0961277779,10,999,naga,
2026-08-11 01:18:58,0954369111,10,699,naga,
2026-08-11 01:18:58,0955611117,10,1999,ajchang,
2026-08-11 01:18:58,0963722229,10,899,ajchang,
2026-08-11 01:18:58,0962755551,10,899,ajchang,
2026-08-11 01:18:58,0961322221,10,899,ajchang,
2026-08-11 01:18:58,0957655444,10,899,ajchang,
2026-08-11 01:18:58,0812355548,10,499,ajchang,
2026-08-11 01:18:58,0954311165,10,499,emperor,
2026-08-11 01:18:58,0967816664,10,499,emperor,
2026-08-11 01:18:58,0957651119,10,499,emperor,
2026-08-11 01:18:58,0953459111,10,499,emperor,
2026-08-11 01:18:58,0967456999,10,499,emperor,
2026-08-11 01:19:07,0954311110,14,899,universal
2026-08-11 01:19:07,0802123000,13,499,rahu
2026-08-11 01:19:07,0839789000,13,499,rahu
2026-08-11 01:19:07,0826264000,12,499,rahu
2026-08-11 01:19:07,0959578000,12,499,rahu
2026-08-11 01:19:07,0658861234,11,899,rahu
2026-08-11 01:19:07,0954325115,11,699,khanthep
2026-08-11 01:19:07,0956765333,10,699,universal
2026-08-11 01:19:07,0646548111,10,699,universal
2026-08-11 01:19:07,0956166667,10,1199,universal
2026-08-11 01:19:07,0842678222,10,699,universal
2026-08-11 01:19:07,0834545569,10,1199,universal
2026-08-11 01:19:07,0956234777,10,699,universal
2026-08-11 01:19:07,0956454333,10,699,universal
2026-08-11 01:19:07,0956732777,10,699,universal
2026-08-11 01:19:07,0962533338,10,899,universal
2026-08-11 01:19:07,0961765999,10,699,universal
2026-08-11 01:19:07,0642176555,10,699,universal
2026-08-11 01:19:07,0803876111,10,499,rahu
2026-08-11 01:19:07,0834573331,10,499,rahu
2026-08-11 01:19:07,0839123339,10,899,rahu
2026-08-11 01:19:07,0963266678,10,699,rahu
2026-08-11 01:19:07,0829123334,10,899,rahu
2026-08-11 01:19:07,0855732111,10,499,rahu
2026-08-11 01:19:07,0954364777,10,699,khanthep
2026-08-11 01:19:07,0956797111,10,699,naga
2026-08-11 01:19:07,0967299993,10,999,naga
2026-08-11 01:19:07,0954394333,10,699,naga
2026-08-11 01:19:07,0962400009,10,999,naga
2026-08-11 01:19:07,0961511117,10,1999,ajchang
2026-08-11 01:19:07,0967188886,10,1499,ajchang
2026-08-11 01:19:07,0962765558,10,899,ajchang
2026-08-11 01:19:07,0956311112,10,899,ajchang
2026-08-11 01:19:07,0644456830,10,499,ajchang
2026-08-11 01:19:07,0610122261,10,499,ajchang
2026-08-11 01:19:07,0903211175,10,499,ajchang
2026-08-11 01:19:09,0954322225,18,899,universal,
2026-08-11 01:19:09,0962344440,14,899,universal,
2026-08-11 01:19:09,0838345677,14,699,rahu,
2026-08-11 01:19:09,0645679944,11,699,universal,
2026-08-11 01:19:09,0886981234,11,499,rahu,NEW
2026-08-11 01:19:09,0658855678,11,699,rahu,
2026-08-11 01:19:09,0886850123,11,699,rahu,
2026-08-11 01:19:09,0955171234,11,699,khanthep,
2026-08-11 01:19:09,0967654664,11,499,emperor,
2026-08-11 01:19:09,0967654224,11,499,emperor,
2026-08-11 01:19:09,0967654422,11,499,emperor,
2026-08-11 01:19:09,0957654466,11,499,emperor,
2026-08-11 01:19:09,0953456822,11,499,emperor,
2026-08-11 01:19:09,0963744449,10,899,universal,
2026-08-11 01:19:09,0957133335,10,899,universal,
2026-08-11 01:19:09,0967722224,10,1199,universal,
2026-08-11 01:19:09,0956762227,10,699,universal,
2026-08-11 01:19:09,0957433332,10,899,universal,
2026-08-11 01:19:09,0955345222,10,699,universal,
2026-08-11 01:19:09,0963654448,10,699,universal,
2026-08-11 01:19:09,0953454333,10,699,universal,
2026-08-11 01:19:09,0954311717,10,899,universal,
2026-08-11 01:19:09,0956654040,10,1199,universal,
2026-08-11 01:19:09,0956211117,10,899,universal,
2026-08-11 01:19:09,0967588880,10,499,rahu,
2026-08-11 01:19:09,0966639871,10,699,khanthep,
2026-08-11 01:19:09,0952700009,10,999,naga,
2026-08-11 01:19:09,0955593321,10,999,naga,
2026-08-11 01:19:09,0956549111,10,699,naga,
2026-08-11 01:19:09,0957659333,10,699,naga,
2026-08-11 01:19:09,0961311119,10,999,naga,
2026-08-11 01:19:09,0961377779,10,999,naga,
2026-08-11 01:19:09,0961211117,10,1999,ajchang,
2026-08-11 01:19:09,0954654111,10,1699,ajchang,
2026-08-11 01:19:09,0956544417,10,1699,ajchang,
2026-08-11 01:19:09,0954352666,10,899,ajchang,
2026-08-11 01:19:09,0956716444,10,899,ajchang,
2026-08-11 01:19:09,0957645666,10,899,ajchang,
2026-08-11 01:19:09,0855543796,10,499,ajchang,
2026-08-11 01:19:09,0958766638,10,499,ajchang,
2026-08-11 01:19:09,0834322265,10,499,ajchang,
2026-08-11 01:19:09,0834322271,10,499,ajchang,
2026-08-11 01:19:09,0955567066,10,499,ajchang,
2026-08-11 01:19:09,0812355548,10,499,ajchang,
2026-08-11 01:19:09,0953459222,10,499,emperor,
2026-08-11 01:19:09,0953459111,10,499,emperor,
2026-08-11 01:19:09,0954344462,10,499,emperor,
2026-08-11 01:19:09,0954344426,10,499,emperor,
2026-08-11 01:19:09,0957651119,10,499,emperor,
2026-08-11 01:19:09,0967456999,10,499,emperor,
2026-08-11 01:19:09,0967816664,10,499,emperor,
2026-08-11 01:19:17,0643211116,18,899,universal
2026-08-11 01:19:17,0956722220,14,899,universal
2026-08-11 01:19:17,0956788777,14,1199,universal
2026-08-11 01:19:17,0952765444,14,899,ajchang
2026-08-11 01:19:17,0829951234,11,899,rahu
2026-08-11 01:19:17,0968543232,11,499,rahu
2026-08-11 01:19:17,0956533331,10,899,universal
2026-08-11 01:19:17,0938945666,10,1199,universal
2026-08-11 01:19:17,0972987444,10,899,universal
2026-08-11 01:19:17,0966546333,10,699,universal
2026-08-11 01:19:17,0961677779,10,899,universal
2026-08-11 01:19:17,0952343666,10,699,universal
2026-08-11 01:19:17,0956211117,10,899,universal
2026-08-11 01:19:17,0955546546,10,1499,universal
2026-08-11 01:19:17,0834530222,10,499,rahu
2026-08-11 01:19:17,0958543331,10,499,rahu
2026-08-11 01:19:17,0836098777,10,499,rahu
2026-08-11 01:19:17,0832598777,10,499,rahu
2026-08-11 01:19:17,0958244443,10,1199,rahu
2026-08-11 01:19:17,0963533336,10,1199,khanthep
2026-08-11 01:19:17,0956792777,10,699,naga
2026-08-11 01:19:17,0956400009,10,999,naga
2026-08-11 01:19:17,0957133339,10,999,naga
2026-08-11 01:19:17,0963499990,10,999,naga
2026-08-11 01:19:17,0967211119,10,999,naga
2026-08-11 01:19:17,0961288883,10,1999,ajchang
2026-08-11 01:19:17,0965412224,10,1699,ajchang
2026-08-11 01:19:17,0967544441,10,899,ajchang
2026-08-11 01:19:17,0955543501,10,499,ajchang
2026-08-11 01:19:17,0955516012,10,499,ajchang
2026-08-11 01:19:20,0838765553,14,899,rahu,
2026-08-11 01:19:20,0957654442,14,499,emperor,
2026-08-11 01:19:20,0967654646,11,699,universal,
2026-08-11 01:19:20,0638380123,11,699,rahu,
2026-08-11 01:19:20,0658033456,11,499,rahu,NEW
2026-08-11 01:19:20,0855873456,11,899,rahu,NEW
2026-08-11 01:19:20,0967654422,11,499,emperor,
2026-08-11 01:19:20,0953456822,11,499,emperor,
2026-08-11 01:19:20,0967654664,11,499,emperor,
2026-08-11 01:19:20,0957654466,11,499,emperor,
2026-08-11 01:19:20,0957654646,11,499,emperor,
2026-08-11 01:19:20,0956744777,10,1199,universal,
2026-08-11 01:19:20,0967874555,10,899,universal,
2026-08-11 01:19:20,0953455777,10,899,universal,
2026-08-11 01:19:20,0956752111,10,699,universal,
2026-08-11 01:19:20,0962311114,10,899,universal,
2026-08-11 01:19:20,0970922224,10,899,universal,
2026-08-11 01:19:20,0956477772,10,899,universal,
2026-08-11 01:19:20,0956717666,10,699,universal,
2026-08-11 01:19:20,0967544446,10,899,universal,
2026-08-11 01:19:20,0954356555,10,899,universal,
2026-08-11 01:19:20,0956511110,10,899,universal,
2026-08-11 01:19:20,0959366662,10,1699,universal,
2026-08-11 01:19:20,0967816664,10,899,rahu,
2026-08-11 01:19:20,0837034555,10,499,rahu,
2026-08-11 01:19:20,0838012220,10,699,rahu,
2026-08-11 01:19:20,0952987555,10,899,rahu,
2026-08-11 01:19:20,0954353888,10,899,rahu,
2026-08-11 01:19:20,0961466668,10,499,rahu,
2026-08-11 01:19:20,0834210555,10,499,rahu,
2026-08-11 01:19:20,0957177774,10,1199,khanthep,
2026-08-11 01:19:20,0963987778,10,1199,khanthep,
2026-08-11 01:19:20,0957200009,10,999,naga,
2026-08-11 01:19:20,0961765999,10,699,naga,
2026-08-11 01:19:20,0957199992,10,999,naga,
2026-08-11 01:19:20,0956794777,10,699,naga,
2026-08-11 01:19:20,0953200009,10,999,naga,
2026-08-11 01:19:20,0954700009,10,999,naga,
2026-08-11 01:19:20,0956759777,10,699,naga,
2026-08-11 01:19:20,0961766669,10,899,ajchang,
2026-08-11 01:19:20,0957655522,10,899,ajchang,
2026-08-11 01:19:20,0954379555,10,899,ajchang,
2026-08-11 01:19:20,0966876161,10,599,ajchang,
2026-08-11 01:19:20,0963211141,10,899,ajchang,
2026-08-11 01:19:20,0951366664,10,899,ajchang,
2026-08-11 01:19:20,0955671444,10,899,ajchang,
2026-08-11 01:19:20,0957234222,10,599,ajchang,
2026-08-11 01:19:20,0812355576,10,499,ajchang,
2026-08-11 01:19:20,0955567590,10,499,ajchang,
2026-08-11 01:19:20,0955543183,10,499,ajchang,
2026-08-11 01:19:20,0967456999,10,499,emperor,
2026-08-11 01:19:20,0963165444,10,499,emperor,
2026-08-11 01:19:20,0953459222,10,499,emperor,
2026-08-11 01:19:20,0953459111,10,499,emperor,
2026-08-11 01:19:27,0963211117,14,899,universal
2026-08-11 01:19:27,0956123444,14,699,universal
2026-08-11 01:19:27,0886431234,11,499,rahu
2026-08-11 01:19:27,0967122225,10,899,universal
2026-08-11 01:19:27,0954312111,10,899,universal
2026-08-11 01:19:27,0962344464,10,899,universal
2026-08-11 01:19:27,0967866611,10,899,universal
2026-08-11 01:19:27,0956761777,10,699,universal
2026-08-11 01:19:27,0962347666,10,699,universal
2026-08-11 01:19:27,0959165444,10,1499,universal
2026-08-11 01:19:27,0956477772,10,899,universal
2026-08-11 01:19:27,0951711123,10,899,universal
2026-08-11 01:19:27,0956722323,10,899,universal
2026-08-11 01:19:27,0957522220,10,899,universal
2026-08-11 01:19:27,0963678885,10,499,rahu
2026-08-11 01:19:27,0955311118,10,499,rahu
2026-08-11 01:19:27,0967388881,10,1199,rahu
2026-08-11 01:19:27,0952876111,10,899,rahu
2026-08-11 01:19:27,0966616432,10,1199,khanthep
2026-08-11 01:19:27,0956733396,10,699,naga
2026-08-11 01:19:27,0966711119,10,999,naga
2026-08-11 01:19:27,0963219111,10,999,naga
2026-08-11 01:19:27,0956799971,10,999,naga
2026-08-11 01:19:27,0954349666,10,699,naga
2026-08-11 01:19:27,0962755559,10,999,naga
2026-08-11 01:19:27,0963711119,10,899,ajchang
2026-08-11 01:19:27,0967652666,10,899,ajchang
2026-08-11 01:19:27,0954365222,10,899,ajchang
2026-08-11 01:19:27,0962734555,10,599,ajchang
2026-08-11 01:19:27,0955567388,10,499,ajchang
2026-08-11 01:19:27,0955543585,10,499,ajchang
2026-08-11 01:19:31,0963543222,14,699,universal,
2026-08-11 01:19:31,0644321666,14,699,universal,
2026-08-11 01:19:31,0954329777,14,699,naga,
2026-08-11 01:19:31,0963455552,14,899,ajchang,
2026-08-11 01:19:31,0957654222,14,499,emperor,
2026-08-11 01:19:31,0967654446,14,499,emperor,
2026-08-11 01:19:31,0834621000,13,499,rahu,
2026-08-11 01:19:31,0825311234,11,899,rahu,NEW
2026-08-11 01:19:31,0820080123,11,699,rahu,
2026-08-11 01:19:31,0968765566,11,1199,rahu,
2026-08-11 01:19:31,0967654664,11,499,emperor,
2026-08-11 01:19:31,0967654422,11,499,emperor,
2026-08-11 01:19:31,0957654466,11,499,emperor,
2026-08-11 01:19:31,0953456822,11,499,emperor,
2026-08-11 01:19:31,0957654646,11,499,emperor,
2026-08-11 01:19:31,0962356777,10,699,universal,
2026-08-11 01:19:31,0956717222,10,699,universal,
2026-08-11 01:19:31,0956567997,10,699,universal,
2026-08-11 01:19:31,0963122227,10,899,universal,
2026-08-11 01:19:31,0957155550,10,899,universal,
2026-08-11 01:19:31,0953155550,10,899,universal,
2026-08-11 01:19:31,0961456333,10,699,universal,
2026-08-11 01:19:31,0644465497,10,1199,universal,
2026-08-11 01:19:31,0952311114,10,899,universal,
2026-08-11 01:19:31,0963677779,10,899,universal,
2026-08-11 01:19:31,0956755522,10,899,universal,
2026-08-11 01:19:31,0963732111,10,699,universal,
2026-08-11 01:19:31,0834518883,10,899,rahu,
2026-08-11 01:19:31,0902108555,10,499,rahu,
2026-08-11 01:19:31,0961488885,10,499,rahu,
2026-08-11 01:19:31,0836012224,10,699,rahu,
2026-08-11 01:19:31,0825567778,10,499,rahu,
2026-08-11 01:19:31,0839870555,10,499,rahu,
2026-08-11 01:19:31,0658243222,10,899,rahu,
2026-08-11 01:19:31,0953833335,10,1199,khanthep,
2026-08-11 01:19:31,0967422225,10,1199,khanthep,
2026-08-11 01:19:31,0958711116,10,1199,khanthep,
2026-08-11 01:19:31,0964133339,10,999,naga,
2026-08-11 01:19:31,0952349111,10,699,naga,
2026-08-11 01:19:31,0956749111,10,699,naga,
2026-08-11 01:19:31,0961722229,10,999,naga,
2026-08-11 01:19:31,0967399990,10,999,naga,
2026-08-11 01:19:31,0954391333,10,699,naga,
2026-08-11 01:19:31,0961499990,10,999,naga,
2026-08-11 01:19:31,0954722229,10,999,naga,
2026-08-11 01:19:31,0956749777,10,699,naga,
2026-08-11 01:19:31,0967733339,10,999,naga,
2026-08-11 01:19:31,0963611117,10,1999,ajchang,
2026-08-11 01:19:31,0967166668,10,1499,ajchang,
2026-08-11 01:19:31,0952344422,10,899,ajchang,
2026-08-11 01:19:31,0951722226,10,899,ajchang,
2026-08-11 01:19:31,0966765151,10,899,ajchang,
2026-08-11 01:19:31,0855524323,10,499,ajchang,
2026-08-11 01:19:31,0955576506,10,499,ajchang,
2026-08-11 01:19:31,0953211167,10,499,ajchang,
2026-08-11 01:19:31,0962311123,10,499,ajchang,
2026-08-11 01:19:31,0802911123,10,499,ajchang,
2026-08-11 01:19:31,0955567137,10,499,ajchang,
2026-08-11 01:19:31,0834611123,10,499,ajchang,
2026-08-11 01:19:31,0855531876,10,499,ajchang,
2026-08-11 01:19:31,0957645666,10,499,emperor,
2026-08-11 01:19:31,0953459222,10,499,emperor,
2026-08-11 01:19:31,0954311165,10,499,emperor,
2026-08-11 01:19:31,0963165444,10,499,emperor,
2026-08-11 01:19:31,0954344426,10,499,emperor,
2026-08-11 01:19:31,0967816664,10,499,emperor,
2026-08-11 01:19:38,0956711110,14,899,universal
2026-08-11 01:19:38,0961432111,14,599,ajchang
2026-08-11 01:19:38,0643211149,14,499,ajchang
2026-08-11 01:19:38,0938543000,13,699,rahu
2026-08-11 01:19:38,0832234000,13,499,rahu
2026-08-11 01:19:38,0962828000,12,699,rahu
2026-08-11 01:19:38,0955851234,11,899,rahu
2026-08-11 01:19:38,0961432155,11,599,ajchang
2026-08-11 01:19:38,0961700003,10,899,universal
2026-08-11 01:19:38,0967633339,10,899,universal
2026-08-11 01:19:38,0956321555,10,699,universal
2026-08-11 01:19:38,0962543555,10,699,universal
2026-08-11 01:19:38,0644654888,10,699,universal
2026-08-11 01:19:38,0953215777,10,699,universal
2026-08-11 01:19:38,0966567773,10,699,universal
2026-08-11 01:19:38,0963216663,10,699,universal
2026-08-11 01:19:38,0834323334,10,499,rahu
2026-08-11 01:19:38,0918210005,10,499,rahu
2026-08-11 01:19:38,0834518883,10,899,rahu
2026-08-11 01:19:38,0967855151,10,1199,rahu
2026-08-11 01:19:38,0966615321,10,699,khanthep
2026-08-11 01:19:38,0956729777,10,699,naga
2026-08-11 01:19:38,0954397222,10,699,naga
2026-08-11 01:19:38,0954700009,10,999,naga
2026-08-11 01:19:38,0961277779,10,999,naga
2026-08-11 01:19:38,0967399992,10,999,naga
2026-08-11 01:19:38,0953611115,10,1999,ajchang
2026-08-11 01:19:38,0962788886,10,899,ajchang
2026-08-11 01:19:38,0963744449,10,899,ajchang
2026-08-11 01:19:38,0963451116,10,899,ajchang
2026-08-11 01:19:38,0956321118,10,899,ajchang
2026-08-11 01:19:38,0963451666,10,899,ajchang
2026-08-11 01:19:38,0886345553,10,499,ajchang
2026-08-11 01:19:38,0955587674,10,499,ajchang
2026-08-11 01:19:42,0644476540,14,499,ajchang,
2026-08-11 01:19:42,0967654446,14,499,emperor,
2026-08-11 01:19:42,0957654442,14,499,emperor,
2026-08-11 01:19:42,0967829000,13,499,rahu,
2026-08-11 01:19:42,0858831234,11,899,rahu,NEW
2026-08-11 01:19:42,0973394321,11,699,naga,
2026-08-11 01:19:42,0957654646,11,499,emperor,
2026-08-11 01:19:42,0957654466,11,499,emperor,
2026-08-11 01:19:42,0967654646,11,499,emperor,
2026-08-11 01:19:42,0967654422,11,499,emperor,
2026-08-11 01:19:42,0953456822,11,499,emperor,
2026-08-11 01:19:42,0955944447,10,1699,universal,
2026-08-11 01:19:42,0954316777,10,699,universal,
2026-08-11 01:19:42,0961944442,10,1699,universal,
2026-08-11 01:19:42,0646812333,10,699,universal,
2026-08-11 01:19:42,0963200009,10,899,universal,
2026-08-11 01:19:42,0967188887,10,899,universal,
2026-08-11 01:19:42,0837043222,10,499,rahu,
2026-08-11 01:19:42,0966587676,10,899,rahu,
2026-08-11 01:19:42,0967188881,10,499,rahu,
2026-08-11 01:19:42,0644798777,10,899,rahu,
2026-08-11 01:19:42,0967878338,10,699,khanthep,
2026-08-11 01:19:42,0967500009,10,999,naga,
2026-08-11 01:19:42,0963199990,10,999,naga,
2026-08-11 01:19:42,0967144441,10,1999,ajchang,
2026-08-11 01:19:42,0961488886,10,1999,ajchang,
2026-08-11 01:19:42,0965461114,10,1699,ajchang,
2026-08-11 01:19:42,0963654448,10,1699,ajchang,
2026-08-11 01:19:42,0957166663,10,1499,ajchang,
2026-08-11 01:19:42,0967299994,10,899,ajchang,
2026-08-11 01:19:42,0954345222,10,899,ajchang,
2026-08-11 01:19:42,0955543310,10,499,ajchang,
2026-08-11 01:19:42,0834599920,10,499,ajchang,
2026-08-11 01:19:42,0955567067,10,499,ajchang,
2026-08-11 01:19:42,0955516765,10,499,ajchang,
2026-08-11 01:19:42,0855535210,10,499,ajchang,
2026-08-11 01:19:42,0955501202,10,499,ajchang,
2026-08-11 01:19:42,0834322271,10,499,ajchang,
2026-08-11 01:19:42,0956799930,10,499,ajchang,
2026-08-11 01:19:42,0953459222,10,499,emperor,
2026-08-11 01:19:42,0967456999,10,499,emperor,
2026-08-11 01:19:42,0963165444,10,499,emperor,
2026-08-11 01:19:42,0967816664,10,499,emperor,
2026-08-11 01:19:49,0967678444,13,699,universal
2026-08-11 01:19:49,0909722210,13,499,ajchang
2026-08-11 01:19:49,0967743456,11,699,universal
2026-08-11 01:19:49,0959583456,11,899,rahu
2026-08-11 01:19:49,0889850123,11,699,rahu
2026-08-11 01:19:49,0952322226,10,1199,universal
2026-08-11 01:19:49,0643544440,10,899,universal
2026-08-11 01:19:49,0967712333,10,699,universal
2026-08-11 01:19:49,0841376555,10,699,universal
2026-08-11 01:19:49,0956711333,10,899,universal
2026-08-11 01:19:49,0956741777,10,699,universal
2026-08-11 01:19:49,0954374111,10,699,universal
2026-08-11 01:19:49,0957756767,10,699,universal
2026-08-11 01:19:49,0963577770,10,899,universal
2026-08-11 01:19:49,0957633334,10,899,universal
2026-08-11 01:19:49,0962600003,10,899,universal
2026-08-11 01:19:49,0955567771,10,699,universal
2026-08-11 01:19:49,0963211122,10,1199,universal
2026-08-11 01:19:49,0954788883,10,1199,rahu
2026-08-11 01:19:49,0855567717,10,499,rahu
2026-08-11 01:19:49,0963488885,10,499,rahu
2026-08-11 01:19:49,0838767779,10,899,rahu
2026-08-11 01:19:49,0952533338,10,1199,khanthep
2026-08-11 01:19:49,0956759333,10,699,naga
2026-08-11 01:19:49,0962344439,10,999,naga
2026-08-11 01:19:49,0962311119,10,999,naga
2026-08-11 01:19:49,0955593321,10,999,naga
2026-08-11 01:19:49,0963700009,10,999,naga
2026-08-11 01:19:49,0964122225,10,1999,ajchang
2026-08-11 01:19:49,0956541222,10,1699,ajchang
2026-08-11 01:19:49,0956714666,10,899,ajchang
2026-08-11 01:19:49,0956725444,10,899,ajchang
2026-08-11 01:19:49,0952744446,10,899,ajchang
2026-08-11 01:19:49,0855512338,10,499,ajchang
2026-08-11 01:19:49,0957655514,10,499,ajchang
2026-08-11 01:19:53,0954328885,14,899,rahu,
2026-08-11 01:19:53,0955765454,14,899,ajchang,
2026-08-11 01:19:53,0957654442,14,499,emperor,
2026-08-11 01:19:53,0963456661,14,499,emperor,
2026-08-11 01:19:53,0967791234,11,699,universal,
2026-08-11 01:19:53,0834413456,11,499,rahu,NEW
2026-08-11 01:19:53,0826161234,11,899,rahu,
2026-08-11 01:19:53,0966543579,11,699,naga,
2026-08-11 01:19:53,0967654646,11,499,emperor,
2026-08-11 01:19:53,0967654224,11,499,emperor,
2026-08-11 01:19:53,0967816664,10,699,universal,
2026-08-11 01:19:53,0954397666,10,699,universal,
2026-08-11 01:19:53,0953211141,10,899,universal,
2026-08-11 01:19:53,0954211110,10,899,universal,
2026-08-11 01:19:53,0643271999,10,699,universal,
2026-08-11 01:19:53,0957277774,10,1199,universal,
2026-08-11 01:19:53,0638766622,10,899,universal,
2026-08-11 01:19:53,0938188885,10,1199,universal,
2026-08-11 01:19:53,0954433339,10,1199,universal,
2026-08-11 01:19:53,0963455111,10,899,universal,
2026-08-11 01:19:53,0954677775,10,899,universal,
2026-08-11 01:19:53,0952311114,10,899,universal,
2026-08-11 01:19:53,0953234222,10,699,universal,
2026-08-11 01:19:53,0963165444,10,699,universal,
2026-08-11 01:19:53,0964211113,10,899,universal,
2026-08-11 01:19:53,0832543332,10,499,rahu,
2026-08-11 01:19:53,0803587666,10,499,rahu,
2026-08-11 01:19:53,0953611115,10,1199,khanthep,
2026-08-11 01:19:53,0953633338,10,1199,khanthep,
2026-08-11 01:19:53,0954391222,10,699,naga,
2026-08-11 01:19:53,0963766669,10,999,naga,
2026-08-11 01:19:53,0957499993,10,999,naga,
2026-08-11 01:19:53,0956769777,10,699,naga,
2026-08-11 01:19:53,0966377779,10,999,naga,
2026-08-11 01:19:53,0963567779,10,699,naga,
2026-08-11 01:19:53,0962522221,10,1999,ajchang,
2026-08-11 01:19:53,0962388881,10,599,ajchang,
2026-08-11 01:19:53,0954365111,10,899,ajchang,
2026-08-11 01:19:53,0954344462,10,899,ajchang,
2026-08-11 01:19:53,0803455594,10,499,ajchang,
2026-08-11 01:19:53,0953211159,10,499,emperor,
2026-08-11 01:19:53,0957645666,10,499,emperor,
2026-08-11 01:20:00,0956711114,14,899,universal
2026-08-11 01:20:00,0953211116,14,899,universal
2026-08-11 01:20:00,0838987666,14,899,rahu
2026-08-11 01:20:00,0955433339,14,999,naga
2026-08-11 01:20:00,0955711234,11,699,universal
2026-08-11 01:20:00,0839876060,11,499,rahu
2026-08-11 01:20:00,0963166662,10,899,universal
2026-08-11 01:20:00,0886766661,10,1199,universal
2026-08-11 01:20:00,0953411112,10,899,universal
2026-08-11 01:20:00,0658288885,10,1199,universal
2026-08-11 01:20:00,0963214111,10,899,universal
2026-08-11 01:20:00,0956123222,10,899,universal
2026-08-11 01:20:00,0962343555,10,699,universal
2026-08-11 01:20:00,0842344888,10,899,universal
2026-08-11 01:20:00,0957299990,10,999,naga
2026-08-11 01:20:00,0956795553,10,699,naga
2026-08-11 01:20:00,0954396333,10,699,naga
2026-08-11 01:20:00,0956799973,10,999,naga
2026-08-11 01:20:00,0956733391,10,699,naga
2026-08-11 01:20:00,0956794443,10,699,naga
2026-08-11 01:20:00,0961399994,10,999,naga
2026-08-11 01:20:00,0962577779,10,999,naga
2026-08-11 01:20:00,0961411112,10,1999,ajchang
2026-08-11 01:20:00,0951711112,10,1999,ajchang
2026-08-11 01:20:00,0963755554,10,899,ajchang
2026-08-11 01:20:00,0957588876,10,499,ajchang
2026-08-11 01:20:00,0855524323,10,499,ajchang
2026-08-11 01:20:04,0963211119,14,999,naga,
2026-08-11 01:20:04,0967654446,14,499,emperor,
2026-08-11 01:20:04,0834562288,11,699,universal,
2026-08-11 01:20:04,0962711234,11,699,universal,
2026-08-11 01:20:04,0938855678,11,699,rahu,
2026-08-11 01:20:04,0968543232,11,499,rahu,
2026-08-11 01:20:04,0967791234,11,699,naga,
2026-08-11 01:20:04,0957654466,11,499,emperor,
2026-08-11 01:20:04,0967654664,11,499,emperor,
2026-08-11 01:20:04,0967654422,11,499,emperor,
2026-08-11 01:20:04,0953456822,11,499,emperor,
2026-08-11 01:20:04,0957200004,10,899,universal,
2026-08-11 01:20:04,0956211115,10,899,universal,
2026-08-11 01:20:04,0644465498,10,1199,universal,
2026-08-11 01:20:04,0957543666,10,699,universal,
2026-08-11 01:20:04,0648588881,10,1199,universal,
2026-08-11 01:20:04,0951711113,10,1199,universal,
2026-08-11 01:20:04,0963254333,10,699,universal,
2026-08-11 01:20:04,0886987874,10,699,universal,
2026-08-11 01:20:04,0955433444,10,1199,universal,
2026-08-11 01:20:04,0958711116,10,1199,rahu,
2026-08-11 01:20:04,0832160111,10,499,rahu,
2026-08-11 01:20:04,0967100008,10,499,rahu,
2026-08-11 01:20:04,0953532115,10,699,khanthep,
2026-08-11 01:20:04,0956749666,10,699,naga,
2026-08-11 01:20:04,0967244449,10,999,naga,
2026-08-11 01:20:04,0954349666,10,699,naga,
2026-08-11 01:20:04,0956799971,10,999,naga,
2026-08-11 01:20:04,0961366669,10,999,naga,
2026-08-11 01:20:04,0956733369,10,699,naga,
2026-08-11 01:20:04,0961511116,10,1999,ajchang,
2026-08-11 01:20:04,0957122221,10,1999,ajchang,
2026-08-11 01:20:04,0962511119,10,1999,ajchang,
2026-08-11 01:20:04,0956755522,10,899,ajchang,
2026-08-11 01:20:04,0952344422,10,899,ajchang,
2026-08-11 01:20:04,0953211159,10,499,emperor,
2026-08-11 01:20:04,0967456999,10,499,emperor,
2026-08-11 01:20:04,0954311165,10,499,emperor,
2026-08-11 01:20:04,0953459111,10,499,emperor,
2026-08-11 01:20:04,0957645666,10,499,emperor,
2026-08-11 01:20:04,0954344426,10,499,emperor,
2026-08-11 01:20:04,0953459222,10,499,emperor,
2026-08-11 01:20:04,0967816664,10,499,emperor,
2026-08-11 01:20:10,0952344442,14,899,universal
2026-08-11 01:20:10,0643211176,14,499,ajchang
2026-08-11 01:20:10,0838021000,13,699,rahu
2026-08-11 01:20:10,0646987000,13,499,rahu
2026-08-11 01:20:10,0838351000,12,699,rahu
2026-08-11 01:20:10,0658033456,11,499,rahu
2026-08-11 01:20:10,0956727555,10,699,universal
2026-08-11 01:20:10,0953277772,10,1199,universal
2026-08-11 01:20:10,0966616547,10,1199,universal
2026-08-11 01:20:10,0963123332,10,899,universal
2026-08-11 01:20:10,0956768555,10,699,universal
2026-08-11 01:20:10,0967422227,10,899,universal
2026-08-11 01:20:10,0829655553,10,1699,universal
2026-08-11 01:20:10,0960128333,10,699,rahu
2026-08-11 01:20:10,0834521333,10,499,rahu
2026-08-11 01:20:10,0963611117,10,1199,khanthep
2026-08-11 01:20:10,0954319222,10,699,naga
2026-08-11 01:20:10,0953822224,10,1999,ajchang
2026-08-11 01:20:10,0961366669,10,899,ajchang
2026-08-11 01:20:10,0955311112,10,899,ajchang
2026-08-11 01:20:10,0643266601,10,499,ajchang
2026-08-11 01:20:16,0956711117,14,1199,universal,
2026-08-11 01:20:16,0643211135,14,499,ajchang,
2026-08-11 01:20:16,0963456661,14,499,emperor,
2026-08-11 01:20:16,0957654222,14,499,emperor,
2026-08-11 01:20:16,0967654446,14,499,emperor,
2026-08-11 01:20:16,0957654442,14,499,emperor,
2026-08-11 01:20:16,0952311234,11,699,universal,
2026-08-11 01:20:16,0858570123,11,699,rahu,
2026-08-11 01:20:16,0658322345,11,699,rahu,
2026-08-11 01:20:16,0967654664,11,499,emperor,
2026-08-11 01:20:16,0953456822,11,499,emperor,
2026-08-11 01:20:16,0962321222,10,899,universal,
2026-08-11 01:20:16,0967828444,10,699,universal,
2026-08-11 01:20:16,0954399191,10,899,universal,
2026-08-11 01:20:16,0954341222,10,699,universal,
2026-08-11 01:20:16,0956743331,10,699,universal,
2026-08-11 01:20:16,0956744434,10,899,universal,
2026-08-11 01:20:16,0648762666,10,899,universal,
2026-08-11 01:20:16,0961288883,10,899,universal,
2026-08-11 01:20:16,0953766664,10,899,universal,
2026-08-11 01:20:16,0644345858,10,899,rahu,
2026-08-11 01:20:16,0954711115,10,1199,khanthep,
2026-08-11 01:20:16,0954394111,10,699,naga,
2026-08-11 01:20:16,0952349111,10,699,naga,
2026-08-11 01:20:16,0962799992,10,999,naga,
2026-08-11 01:20:16,0953199990,10,999,naga,
2026-08-11 01:20:16,0954319777,10,699,naga,
2026-08-11 01:20:16,0956749222,10,699,naga,
2026-08-11 01:20:16,0954600009,10,999,naga,
2026-08-11 01:20:16,0967277779,10,999,naga,
2026-08-11 01:20:16,0955593345,10,999,naga,
2026-08-11 01:20:16,0954397111,10,699,naga,
2026-08-11 01:20:16,0963219333,10,699,naga,
2026-08-11 01:20:16,0957722229,10,999,naga,
2026-08-11 01:20:16,0952344949,10,999,naga,
2026-08-11 01:20:16,0967234999,10,699,naga,
2026-08-11 01:20:16,0967544449,10,899,ajchang,
2026-08-11 01:20:16,0962311112,10,899,ajchang,
2026-08-11 01:20:16,0957234222,10,599,ajchang,
2026-08-11 01:20:16,0820122243,10,499,ajchang,
2026-08-11 01:20:16,0855567099,10,499,ajchang,
2026-08-11 01:20:16,0640911123,10,499,ajchang,
2026-08-11 01:20:16,0820122247,10,499,ajchang,
2026-08-11 01:20:16,0967816664,10,499,emperor,
2026-08-11 01:20:16,0967456999,10,499,emperor,
2026-08-11 01:20:16,0957651119,10,499,emperor,
2026-08-11 01:20:16,0953459111,10,499,emperor,
2026-08-11 01:20:16,0954311165,10,499,emperor,
2026-08-11 01:20:20,0835234000,13,499,rahu
2026-08-11 01:20:20,0812346600,11,499,rahu
2026-08-11 01:20:20,0837781234,11,899,rahu
2026-08-11 01:20:20,0973394321,11,699,naga
2026-08-11 01:20:20,0961266663,10,899,universal
2026-08-11 01:20:20,0825165444,10,1499,universal
2026-08-11 01:20:20,0841945666,10,1199,universal
2026-08-11 01:20:20,0967733336,10,1199,universal
2026-08-11 01:20:20,0966755553,10,899,universal
2026-08-11 01:20:20,0820456999,10,899,universal
2026-08-11 01:20:20,0967871115,10,699,universal
2026-08-11 01:20:20,0966783331,10,699,universal
2026-08-11 01:20:20,0967266662,10,1199,universal
2026-08-11 01:20:20,0956752223,10,699,universal
2026-08-11 01:20:20,0961788882,10,1499,universal
2026-08-11 01:20:20,0955345111,10,699,universal
2026-08-11 01:20:20,0855210888,10,499,rahu
2026-08-11 01:20:20,0963654448,10,499,rahu
2026-08-11 01:20:20,0837721010,10,499,rahu
2026-08-11 01:20:20,0858761444,10,899,rahu
2026-08-11 01:20:20,0838387667,10,899,rahu
2026-08-11 01:20:20,0910678222,10,499,rahu
2026-08-11 01:20:20,0963799990,10,999,naga
2026-08-11 01:20:20,0956759777,10,699,naga
2026-08-11 01:20:20,0956733369,10,699,naga
2026-08-11 01:20:20,0962500009,10,999,naga
2026-08-11 01:20:20,0956545111,10,1699,ajchang
2026-08-11 01:20:20,0967166664,10,1499,ajchang
2026-08-11 01:20:20,0954311555,10,899,ajchang
2026-08-11 01:20:20,0952744445,10,899,ajchang
2026-08-11 01:20:20,0962344484,10,899,ajchang
2026-08-11 01:20:20,0956722626,10,899,ajchang
2026-08-11 01:20:20,0918766690,10,499,ajchang
2026-08-11 01:20:20,0834511187,10,499,ajchang
2026-08-11 01:20:20,0820255567,10,499,ajchang
2026-08-11 01:20:28,0855543231,14,499,ajchang,
2026-08-11 01:20:28,0967654446,14,499,emperor,
2026-08-11 01:20:28,0957654222,14,499,emperor,
2026-08-11 01:20:28,0957654442,14,499,emperor,
2026-08-11 01:20:28,0909782000,12,499,rahu,
2026-08-11 01:20:28,0961613456,11,699,universal,
2026-08-11 01:20:28,0858816789,11,899,rahu,NEW
2026-08-11 01:20:28,0855341234,11,899,rahu,NEW
2026-08-11 01:20:28,0959581234,11,899,rahu,NEW
2026-08-11 01:20:28,0855213456,11,499,rahu,NEW
2026-08-11 01:20:28,0967654422,11,499,emperor,
2026-08-11 01:20:28,0957654466,11,499,emperor,
2026-08-11 01:20:28,0953456822,11,499,emperor,
2026-08-11 01:20:28,0967654664,11,499,emperor,
2026-08-11 01:20:28,0967654646,11,499,emperor,
2026-08-11 01:20:28,0962433339,10,899,universal,
2026-08-11 01:20:28,0957365444,10,699,universal,
2026-08-11 01:20:28,0644612333,10,699,universal,
2026-08-11 01:20:28,0643278222,10,699,universal,
2026-08-11 01:20:28,0953453111,10,699,universal,
2026-08-11 01:20:28,0956755533,10,899,universal,
2026-08-11 01:20:28,0962611110,10,899,universal,
2026-08-11 01:20:28,0966616432,10,699,universal,
2026-08-11 01:20:28,0952377776,10,899,universal,
2026-08-11 01:20:28,0658321999,10,699,universal,
2026-08-11 01:20:28,0955438444,10,699,universal,
2026-08-11 01:20:28,0968755558,10,899,universal,
2026-08-11 01:20:28,0954317555,10,699,universal,
2026-08-11 01:20:28,0954351333,10,699,universal,
2026-08-11 01:20:28,0957233337,10,899,universal,
2026-08-11 01:20:28,0646812333,10,899,rahu,
2026-08-11 01:20:28,0953219777,10,699,naga,
2026-08-11 01:20:28,0961300009,10,999,naga,
2026-08-11 01:20:28,0961700009,10,999,naga,
2026-08-11 01:20:28,0952411119,10,999,naga,
2026-08-11 01:20:28,0956433339,10,999,naga,
2026-08-11 01:20:28,0955567779,10,699,naga,
2026-08-11 01:20:28,0953200009,10,999,naga,
2026-08-11 01:20:28,0954396777,10,699,naga,
2026-08-11 01:20:28,0953654448,10,1699,ajchang,
2026-08-11 01:20:28,0967166663,10,1499,ajchang,
2026-08-11 01:20:28,0954366111,10,899,ajchang,
2026-08-11 01:20:28,0956711222,10,899,ajchang,
2026-08-11 01:20:28,0956756111,10,899,ajchang,
2026-08-11 01:20:28,0967522221,10,899,ajchang,
2026-08-11 01:20:28,0855546012,10,499,ajchang,
2026-08-11 01:20:28,0954311129,10,499,ajchang,
2026-08-11 01:20:28,0953459222,10,499,emperor,
2026-08-11 01:20:28,0967816664,10,499,emperor,
2026-08-11 01:20:28,0953211159,10,499,emperor,
2026-08-11 01:20:28,0953459111,10,499,emperor,
2026-08-11 01:20:28,0954344426,10,499,emperor,
2026-08-11 01:20:28,0957645666,10,499,emperor,
2026-08-11 01:20:28,0963165444,10,499,emperor,
2026-08-11 01:20:30,0809121000,13,499,rahu
2026-08-11 01:20:30,0658587654,11,699,rahu
2026-08-11 01:20:30,0825581234,11,899,rahu
2026-08-11 01:20:30,0855716789,11,499,rahu
2026-08-11 01:20:30,0855403456,11,499,rahu
2026-08-11 01:20:30,0996789126,11,499,rahu
2026-08-11 01:20:30,0954322461,11,699,khanthep
2026-08-11 01:20:30,0956717555,10,699,universal
2026-08-11 01:20:30,0967871222,10,699,universal
2026-08-11 01:20:30,0963213111,10,899,universal
2026-08-11 01:20:30,0967411114,10,1199,universal
2026-08-11 01:20:30,0953277776,10,899,universal
2026-08-11 01:20:30,0956717222,10,699,universal
2026-08-11 01:20:30,0955512382,10,699,rahu
2026-08-11 01:20:30,0834585333,10,899,rahu
2026-08-11 01:20:30,0825438880,10,699,rahu
2026-08-11 01:20:30,0958711116,10,1199,rahu
2026-08-11 01:20:30,0962477778,10,1199,khanthep
2026-08-11 01:20:30,0954391333,10,699,naga
2026-08-11 01:20:30,0962799993,10,999,naga
2026-08-11 01:20:30,0963217779,10,699,naga
2026-08-11 01:20:30,0956793111,10,699,naga
2026-08-11 01:20:30,0961711119,10,999,naga
2026-08-11 01:20:30,0953219111,10,999,naga
2026-08-11 01:20:30,0956762111,10,899,ajchang
2026-08-11 01:20:30,0956766626,10,899,ajchang
2026-08-11 01:20:30,0963211141,10,899,ajchang
2026-08-11 01:20:30,0955548210,10,499,ajchang
2026-08-11 01:20:30,0838766643,10,499,ajchang
2026-08-11 01:20:30,0834588809,10,499,ajchang
2026-08-11 01:20:30,0645611173,10,499,ajchang
2026-08-11 01:20:30,0959022210,10,499,ajchang
2026-08-11 01:20:30,0955543835,10,499,ajchang
2026-08-11 01:20:39,0955432444,14,699,universal,
2026-08-11 01:20:39,0954325111,14,699,universal,
2026-08-11 01:20:39,0834522224,14,1199,universal,
2026-08-11 01:20:39,0954322271,14,499,ajchang,
2026-08-11 01:20:39,0957654442,14,499,emperor,
2026-08-11 01:20:39,0967654446,14,499,emperor,
2026-08-11 01:20:39,0963456661,14,499,emperor,
2026-08-11 01:20:39,0829433456,11,499,rahu,NEW
2026-08-11 01:20:39,0955854567,11,699,rahu,
2026-08-11 01:20:39,0957654646,11,899,ajchang,
2026-08-11 01:20:39,0967654664,11,499,emperor,
2026-08-11 01:20:39,0967654646,11,499,emperor,
2026-08-11 01:20:39,0961200004,10,899,universal,
2026-08-11 01:20:39,0809455552,10,1499,universal,
2026-08-11 01:20:39,0963643222,10,699,universal,
2026-08-11 01:20:39,0951755551,10,899,universal,
2026-08-11 01:20:39,0961235111,10,699,universal,
2026-08-11 01:20:39,0967819555,10,699,universal,
2026-08-11 01:20:39,0952743222,10,699,universal,
2026-08-11 01:20:39,0834545562,10,1199,universal,
2026-08-11 01:20:39,0966711119,10,899,universal,
2026-08-11 01:20:39,0967454333,10,699,universal,
2026-08-11 01:20:39,0963422227,10,899,universal,
2026-08-11 01:20:39,0951355559,10,899,universal,
2026-08-11 01:20:39,0961423444,10,699,universal,
2026-08-11 01:20:39,0952102888,10,499,rahu,
2026-08-11 01:20:39,0832423444,10,499,rahu,
2026-08-11 01:20:39,0967827111,10,499,rahu,
2026-08-11 01:20:39,0958123339,10,899,rahu,
2026-08-11 01:20:39,0834503335,10,499,rahu,
2026-08-11 01:20:39,0956794443,10,699,naga,
2026-08-11 01:20:39,0961366669,10,999,naga,
2026-08-11 01:20:39,0967411119,10,999,naga,
2026-08-11 01:20:39,0956759222,10,699,naga,
2026-08-11 01:20:39,0964133339,10,999,naga,
2026-08-11 01:20:39,0956499990,10,999,naga,
2026-08-11 01:20:39,0953199990,10,999,naga,
2026-08-11 01:20:39,0954397222,10,699,naga,
2026-08-11 01:20:39,0967399994,10,999,naga,
2026-08-11 01:20:39,0953219111,10,999,naga,
2026-08-11 01:20:39,0956759777,10,699,naga,
2026-08-11 01:20:39,0962311119,10,999,naga,
2026-08-11 01:20:39,0955611112,10,1999,ajchang,
2026-08-11 01:20:39,0961211115,10,1999,ajchang,
2026-08-11 01:20:39,0967722225,10,899,ajchang,
2026-08-11 01:20:39,0957411119,10,899,ajchang,
2026-08-11 01:20:39,0963214111,10,899,ajchang,
2026-08-11 01:20:39,0962744445,10,899,ajchang,
2026-08-11 01:20:39,0954365666,10,899,ajchang,
2026-08-11 01:20:39,0961734555,10,599,ajchang,
2026-08-11 01:20:39,0954344462,10,499,emperor,
2026-08-11 01:20:39,0953459111,10,499,emperor,
2026-08-11 01:20:39,0963165444,10,499,emperor,
2026-08-11 01:20:39,0967816664,10,499,emperor,
2026-08-11 01:20:39,0957651119,10,499,emperor,
2026-08-11 01:20:39,0954344426,10,499,emperor,
2026-08-11 01:20:39,0954311165,10,499,emperor,
2026-08-11 01:20:41,0642987000,13,699,universal
2026-08-11 01:20:41,0803212000,13,499,rahu
2026-08-11 01:20:41,0957123443,11,699,universal
2026-08-11 01:20:41,0962345115,11,899,ajchang
2026-08-11 01:20:41,0963643222,10,699,universal
2026-08-11 01:20:41,0956754666,10,699,universal
2026-08-11 01:20:41,0967144449,10,899,universal
2026-08-11 01:20:41,0834544646,10,1499,universal
2026-08-11 01:20:41,0803644440,10,899,universal
2026-08-11 01:20:41,0962744447,10,1199,universal
2026-08-11 01:20:41,0963451555,10,899,universal
2026-08-11 01:20:41,0956133330,10,899,universal
2026-08-11 01:20:41,0955567779,10,699,universal
2026-08-11 01:20:41,0953457222,10,699,universal
2026-08-11 01:20:41,0963432444,10,699,universal
2026-08-11 01:20:41,0953211616,10,899,universal
2026-08-11 01:20:41,0963733345,10,899,universal
2026-08-11 01:20:41,0855056767,10,499,rahu
2026-08-11 01:20:41,0658587667,10,899,rahu
2026-08-11 01:20:41,0954387111,10,699,khanthep
2026-08-11 01:20:41,0956177774,10,1199,khanthep
2026-08-11 01:20:41,0962433339,10,999,naga
2026-08-11 01:20:41,0956791333,10,699,naga
2026-08-11 01:20:41,0956799333,10,999,naga
2026-08-11 01:20:41,0962399990,10,999,naga
2026-08-11 01:20:41,0962347779,10,699,naga
2026-08-11 01:20:41,0964211112,10,2199,ajchang
2026-08-11 01:20:41,0962342111,10,899,ajchang
2026-08-11 01:20:41,0956765111,10,899,ajchang
2026-08-11 01:20:41,0963765554,10,899,ajchang
2026-08-11 01:20:41,0951588876,10,499,ajchang
2026-08-11 01:20:51,0967654446,14,499,emperor,
2026-08-11 01:20:51,0834586000,13,699,rahu,
2026-08-11 01:20:51,0825121000,13,699,rahu,
2026-08-11 01:20:51,0966543773,11,699,universal,
2026-08-11 01:20:51,0962511234,11,699,universal,
2026-08-11 01:20:51,0820070123,11,699,rahu,
2026-08-11 01:20:51,0838876789,11,899,rahu,NEW
2026-08-11 01:20:51,0967654422,11,499,emperor,
2026-08-11 01:20:51,0957654646,11,499,emperor,
2026-08-11 01:20:51,0967654664,11,499,emperor,
2026-08-11 01:20:51,0967654224,11,499,emperor,
2026-08-11 01:20:51,0953456822,11,499,emperor,
2026-08-11 01:20:51,0963214222,10,699,universal,
2026-08-11 01:20:51,0967599990,10,899,universal,
2026-08-11 01:20:51,0955765888,10,699,universal,
2026-08-11 01:20:51,0957123111,10,699,universal,
2026-08-11 01:20:51,0967412333,10,699,universal,
2026-08-11 01:20:51,0957345444,10,899,universal,
2026-08-11 01:20:51,0966567773,10,699,universal,
2026-08-11 01:20:51,0962422227,10,1199,universal,
2026-08-11 01:20:51,0967366668,10,499,rahu,
2026-08-11 01:20:51,0889601222,10,499,rahu,
2026-08-11 01:20:51,0954381117,10,499,rahu,
2026-08-11 01:20:51,0643123338,10,899,rahu,
2026-08-11 01:20:51,0962588887,10,1199,rahu,
2026-08-11 01:20:51,0957644449,10,999,naga,
2026-08-11 01:20:51,0956793336,10,699,naga,
2026-08-11 01:20:51,0963700009,10,999,naga,
2026-08-11 01:20:51,0952300009,10,999,naga,
2026-08-11 01:20:51,0956799973,10,999,naga,
2026-08-11 01:20:51,0956744493,10,699,naga,
2026-08-11 01:20:51,0954394666,10,699,naga,
2026-08-11 01:20:51,0956549777,10,699,naga,
2026-08-11 01:20:51,0953219111,10,999,naga,
2026-08-11 01:20:51,0967544449,10,999,naga,
2026-08-11 01:20:51,0956719333,10,699,naga,
2026-08-11 01:20:51,0964133339,10,999,naga,
2026-08-11 01:20:51,0961499990,10,999,naga,
2026-08-11 01:20:51,0957122229,10,999,naga,
2026-08-11 01:20:51,0953677779,10,999,naga,
2026-08-11 01:20:51,0954611119,10,1999,ajchang,
2026-08-11 01:20:51,0964122225,10,1999,ajchang,
2026-08-11 01:20:51,0953822224,10,1999,ajchang,
2026-08-11 01:20:51,0967166668,10,1499,ajchang,
2026-08-11 01:20:51,0954391555,10,899,ajchang,
2026-08-11 01:20:51,0956755252,10,899,ajchang,
2026-08-11 01:20:51,0956711144,10,899,ajchang,
2026-08-11 01:20:51,0954374111,10,599,ajchang,
2026-08-11 01:20:51,0955674222,10,599,ajchang,
2026-08-11 01:20:51,0855510120,10,499,ajchang,
2026-08-11 01:20:51,0855567400,10,499,ajchang,
2026-08-11 01:20:51,0955567137,10,499,ajchang,
2026-08-11 01:20:51,0963165444,10,499,emperor,
2026-08-11 01:20:51,0953211159,10,499,emperor,
2026-08-11 01:20:51,0954344426,10,499,emperor,
2026-08-11 01:20:51,0957645666,10,499,emperor,
2026-08-11 01:20:51,0953459111,10,499,emperor,
2026-08-11 01:20:51,0967816664,10,499,emperor,
2026-08-11 01:20:51,0953459222,10,499,emperor,
2026-08-11 01:20:52,0955765454,14,899,ajchang
2026-08-11 01:20:52,0961232333,13,1199,universal
2026-08-11 01:20:52,0858571234,11,899,rahu
2026-08-11 01:20:52,0956714111,10,899,universal
2026-08-11 01:20:52,0957322227,10,899,universal
2026-08-11 01:20:52,0956735777,10,699,universal
2026-08-11 01:20:52,0963211616,10,899,universal
2026-08-11 01:20:52,0962343111,10,699,universal
2026-08-11 01:20:52,0963211222,10,1199,universal
2026-08-11 01:20:52,0966542111,10,699,universal
2026-08-11 01:20:52,0966522221,10,899,universal
2026-08-11 01:20:52,0963644440,10,1499,universal
2026-08-11 01:20:52,0962711119,10,899,universal
2026-08-11 01:20:52,0963455585,10,899,universal
2026-08-11 01:20:52,0832160111,10,499,rahu
2026-08-11 01:20:52,0967878892,10,699,rahu
2026-08-11 01:20:52,0834513888,10,899,rahu
2026-08-11 01:20:52,0956729222,10,999,naga
2026-08-11 01:20:52,0952144441,10,2199,ajchang
2026-08-11 01:20:52,0968366661,10,1999,ajchang
2026-08-11 01:20:52,0834588860,10,499,ajchang
2026-08-11 01:20:52,0955543061,10,499,ajchang
2026-08-11 01:20:52,0834522281,10,499,ajchang
2026-08-11 01:20:52,0955543317,10,499,ajchang
2026-08-11 01:20:52,0639722210,10,499,ajchang
2026-08-11 01:21:02,0954322208,14,499,ajchang,
2026-08-11 01:21:02,0957654442,14,499,emperor,
2026-08-11 01:21:02,0963456661,14,499,emperor,
2026-08-11 01:21:02,0834561133,11,499,rahu,
2026-08-11 01:21:02,0967654664,11,499,emperor,
2026-08-11 01:21:02,0967654422,11,499,emperor,
2026-08-11 01:21:02,0967654224,11,499,emperor,
2026-08-11 01:21:02,0967654646,11,499,emperor,
2026-08-11 01:21:02,0640522229,10,1499,universal,
2026-08-11 01:21:02,0957177773,10,1199,universal,
2026-08-11 01:21:02,0956321118,10,699,universal,
2026-08-11 01:21:02,0834581888,10,899,universal,
2026-08-11 01:21:02,0956749333,10,699,universal,
2026-08-11 01:21:02,0967355554,10,899,universal,
2026-08-11 01:21:02,0967765777,10,699,universal,
2026-08-11 01:21:02,0963477771,10,899,universal,
2026-08-11 01:21:02,0832321991,10,699,universal,
2026-08-11 01:21:02,0957499993,10,899,universal,
2026-08-11 01:21:02,0967311114,10,899,universal,
2026-08-11 01:21:02,0967365444,10,699,universal,
2026-08-11 01:21:02,0902108555,10,499,rahu,
2026-08-11 01:21:02,0858654777,10,899,rahu,
2026-08-11 01:21:02,0967828277,10,699,rahu,
2026-08-11 01:21:02,0832124447,10,899,rahu,
2026-08-11 01:21:02,0962533338,10,1199,rahu,
2026-08-11 01:21:02,0967188886,10,499,rahu,
2026-08-11 01:21:02,0955512353,10,699,khanthep,
2026-08-11 01:21:02,0957177774,10,1199,khanthep,
2026-08-11 01:21:02,0957166663,10,1199,khanthep,
2026-08-11 01:21:02,0966616321,10,1199,khanthep,
2026-08-11 01:21:02,0967871116,10,699,khanthep,
2026-08-11 01:21:02,0957422229,10,999,naga,
2026-08-11 01:21:02,0956769333,10,699,naga,
2026-08-11 01:21:02,0954392111,10,699,naga,
2026-08-11 01:21:02,0954369777,10,699,naga,
2026-08-11 01:21:02,0963211919,10,999,naga,
2026-08-11 01:21:02,0962511119,10,999,naga,
2026-08-11 01:21:02,0968755558,10,899,ajchang,
2026-08-11 01:21:02,0967566662,10,899,ajchang,
2026-08-11 01:21:02,0956744222,10,899,ajchang,
2026-08-11 01:21:02,0648766680,10,499,ajchang,
2026-08-11 01:21:02,0855513211,10,499,ajchang,
2026-08-11 01:21:02,0954344426,10,499,emperor,
2026-08-11 01:21:02,0967816664,10,499,emperor,
2026-08-11 01:21:02,0953211159,10,499,emperor,
2026-08-11 01:21:02,0954344462,10,499,emperor,
2026-08-11 01:21:02,0957645666,10,499,emperor,
2026-08-11 01:21:03,0958766668,14,1199,rahu
2026-08-11 01:21:03,0909188876,13,499,ajchang
2026-08-11 01:21:03,0858515000,12,699,rahu
2026-08-11 01:21:03,0962577770,10,899,universal
2026-08-11 01:21:03,0845876888,10,699,universal
2026-08-11 01:21:03,0967456222,10,899,universal
2026-08-11 01:21:03,0957651777,10,699,universal
2026-08-11 01:21:03,0963122221,10,1199,universal
2026-08-11 01:21:03,0902945666,10,899,universal
2026-08-11 01:21:03,0958832111,10,899,rahu
2026-08-11 01:21:03,0962877772,10,1199,rahu
2026-08-11 01:21:03,0957658887,10,499,rahu
2026-08-11 01:21:03,0958322228,10,1199,rahu
2026-08-11 01:21:03,0955388881,10,1199,rahu
2026-08-11 01:21:03,0966647432,10,699,khanthep
2026-08-11 01:21:03,0967599997,10,999,naga
2026-08-11 01:21:03,0957722229,10,999,naga
2026-08-11 01:21:03,0962799992,10,999,naga
2026-08-11 01:21:03,0952533339,10,999,naga
2026-08-11 01:21:03,0956769111,10,699,naga
2026-08-11 01:21:03,0962688883,10,1999,ajchang
2026-08-11 01:21:03,0954611119,10,1999,ajchang
2026-08-11 01:21:03,0955567526,10,499,ajchang
2026-08-11 01:21:03,0962311123,10,499,ajchang
2026-08-11 01:21:14,0960083456,11,499,rahu
2026-08-11 01:21:14,0834311234,11,899,rahu
2026-08-11 01:21:14,0951355557,10,899,universal
2026-08-11 01:21:14,0952311114,10,899,universal
2026-08-11 01:21:14,0956746222,10,699,universal
2026-08-11 01:21:14,0962144445,10,899,universal
2026-08-11 01:21:14,0966788444,10,899,universal
2026-08-11 01:21:14,0955611113,10,899,universal
2026-08-11 01:21:14,0968577771,10,899,universal
2026-08-11 01:21:14,0956233335,10,899,universal
2026-08-11 01:21:14,0961344443,10,1199,universal
2026-08-11 01:21:14,0858288886,10,1199,universal
2026-08-11 01:21:14,0826782333,10,899,rahu
2026-08-11 01:21:14,0954383334,10,899,rahu
2026-08-11 01:21:14,0966642346,10,699,khanthep
2026-08-11 01:21:14,0957122229,10,999,naga
2026-08-11 01:21:14,0967500009,10,999,naga
2026-08-11 01:21:14,0954369111,10,699,naga
2026-08-11 01:21:14,0967188885,10,1499,ajchang
2026-08-11 01:21:14,0953466664,10,899,ajchang
2026-08-11 01:21:14,0953458885,10,899,ajchang
2026-08-11 01:21:14,0963476555,10,599,ajchang
2026-08-11 01:21:14,0967732121,10,599,ajchang
2026-08-11 01:21:14,0961855567,10,499,ajchang
2026-08-11 01:21:14,0955523401,10,499,ajchang
2026-08-11 01:21:14,0963211175,10,499,ajchang
2026-08-11 01:21:14,0834599920,10,499,ajchang
2026-08-11 01:21:14,0839188876,10,499,ajchang
2026-08-11 01:21:14,0834322214,10,499,ajchang
2026-08-11 01:21:15,0953211110,14,899,universal,
2026-08-11 01:21:15,0967654446,14,499,emperor,
2026-08-11 01:21:15,0963456661,14,499,emperor,
2026-08-11 01:21:15,0957654442,14,499,emperor,
2026-08-11 01:21:15,0957654222,14,499,emperor,
2026-08-11 01:21:15,0837821000,13,699,rahu,
2026-08-11 01:21:15,0962722345,11,699,universal,
2026-08-11 01:21:15,0855961234,11,899,rahu,NEW
2026-08-11 01:21:15,0855251234,11,899,rahu,NEW
2026-08-11 01:21:15,0954322461,11,699,khanthep,
2026-08-11 01:21:15,0973394321,11,699,naga,
2026-08-11 01:21:15,0957654466,11,499,emperor,
2026-08-11 01:21:15,0953456822,11,499,emperor,
2026-08-11 01:21:15,0967654224,11,499,emperor,
2026-08-11 01:21:15,0967654646,11,499,emperor,
2026-08-11 01:21:15,0967654422,11,499,emperor,
2026-08-11 01:21:15,0953214441,10,899,universal,
2026-08-11 01:21:15,0967344440,10,899,universal,
2026-08-11 01:21:15,0967732121,10,699,universal,
2026-08-11 01:21:15,0954316777,10,699,universal,
2026-08-11 01:21:15,0953455575,10,899,universal,
2026-08-11 01:21:15,0967244441,10,899,universal,
2026-08-11 01:21:15,0964154333,10,699,universal,
2026-08-11 01:21:15,0963611113,10,899,universal,
2026-08-11 01:21:15,0855023434,10,499,rahu,
2026-08-11 01:21:15,0967820888,10,499,rahu,
2026-08-11 01:21:15,0832124666,10,899,rahu,
2026-08-11 01:21:15,0966632178,10,699,khanthep,
2026-08-11 01:21:15,0955439111,10,699,naga,
2026-08-11 01:21:15,0961633339,10,999,naga,
2026-08-11 01:21:15,0961677779,10,999,naga,
2026-08-11 01:21:15,0956719333,10,699,naga,
2026-08-11 01:21:15,0954397333,10,699,naga,
2026-08-11 01:21:15,0958711116,10,1999,ajchang,
2026-08-11 01:21:15,0952722225,10,899,ajchang,
2026-08-11 01:21:15,0953211161,10,899,ajchang,
2026-08-11 01:21:15,0952711118,10,899,ajchang,
2026-08-11 01:21:15,0963432225,10,599,ajchang,
2026-08-11 01:21:15,0955567458,10,499,ajchang,
2026-08-11 01:21:15,0648766680,10,499,ajchang,
2026-08-11 01:21:15,0834588841,10,499,ajchang,
2026-08-11 01:21:15,0954344426,10,499,emperor,
2026-08-11 01:21:15,0957651119,10,499,emperor,
2026-08-11 01:21:15,0954311165,10,499,emperor,
2026-08-11 01:21:15,0953459111,10,499,emperor,
2026-08-11 01:21:15,0963165444,10,499,emperor,
2026-08-11 01:21:15,0967456999,10,499,emperor,
2026-08-11 01:21:24,0909758000,12,499,rahu
2026-08-11 01:21:24,0820206789,11,499,rahu
2026-08-11 01:21:24,0963453777,10,699,universal
2026-08-11 01:21:24,0963755550,10,899,universal
2026-08-11 01:21:24,0966577770,10,899,universal
2026-08-11 01:21:24,0954347222,10,699,universal
2026-08-11 01:21:24,0956727774,10,699,universal
2026-08-11 01:21:24,0954358222,10,699,universal
2026-08-11 01:21:24,0825431666,10,699,universal
2026-08-11 01:21:24,0954371777,10,899,universal
2026-08-11 01:21:24,0955133335,10,899,universal
2026-08-11 01:21:24,0963123555,10,699,universal
2026-08-11 01:21:24,0962788881,10,1199,rahu
2026-08-11 01:21:24,0968733330,10,499,rahu
2026-08-11 01:21:24,0839101222,10,699,rahu
2026-08-11 01:21:24,0958123339,10,899,rahu
2026-08-11 01:21:24,0825065444,10,499,rahu
2026-08-11 01:21:24,0957611119,10,999,naga
2026-08-11 01:21:24,0954393555,10,699,naga
2026-08-11 01:21:24,0962733339,10,999,naga
2026-08-11 01:21:24,0956743999,10,699,naga
2026-08-11 01:21:24,0953500009,10,999,naga
2026-08-11 01:21:24,0957644449,10,999,naga
2026-08-11 01:21:24,0966544111,10,1999,ajchang
2026-08-11 01:21:24,0957288886,10,899,ajchang
2026-08-11 01:21:24,0956742224,10,899,ajchang
2026-08-11 01:21:24,0956724111,10,899,ajchang
2026-08-11 01:21:24,0952711119,10,899,ajchang
2026-08-11 01:21:24,0838411123,10,499,ajchang
2026-08-11 01:21:24,0849855567,10,499,ajchang
2026-08-11 01:21:24,0955567753,10,499,ajchang
2026-08-11 01:21:26,0957654442,14,499,emperor,
2026-08-11 01:21:26,0959588882,13,899,universal,
2026-08-11 01:21:26,0954343331,13,1199,universal,
2026-08-11 01:21:26,0838021000,13,699,rahu,
2026-08-11 01:21:26,0967834000,13,499,rahu,
2026-08-11 01:21:26,0825511234,11,899,rahu,
2026-08-11 01:21:26,0802511234,11,499,rahu,NEW
2026-08-11 01:21:26,0645581234,11,899,rahu,NEW
2026-08-11 01:21:26,0967654422,11,499,emperor,
2026-08-11 01:21:26,0953456822,11,499,emperor,
2026-08-11 01:21:26,0957654646,11,499,emperor,
2026-08-11 01:21:26,0967654646,11,499,emperor,
2026-08-11 01:21:26,0957654466,11,499,emperor,
2026-08-11 01:21:26,0952744445,10,899,universal,
2026-08-11 01:21:26,0962577772,10,899,universal,
2026-08-11 01:21:26,0956741666,10,699,universal,
2026-08-11 01:21:26,0953123111,10,699,universal,
2026-08-11 01:21:26,0832186999,10,699,universal,
2026-08-11 01:21:26,0973212999,10,699,universal,
2026-08-11 01:21:26,0956547333,10,699,universal,
2026-08-11 01:21:26,0962543332,10,699,universal,
2026-08-11 01:21:26,0956133339,10,899,universal,
2026-08-11 01:21:26,0967432666,10,699,universal,
2026-08-11 01:21:26,0957144446,10,1199,universal,
2026-08-11 01:21:26,0999989268,10,699,universal,
2026-08-11 01:21:26,0961266661,10,899,universal,
2026-08-11 01:21:26,0952600007,10,899,universal,
2026-08-11 01:21:26,0643454666,10,699,universal,
2026-08-11 01:21:26,0825234999,10,699,universal,
2026-08-11 01:21:26,0968744440,10,499,rahu,
2026-08-11 01:21:26,0837543337,10,499,rahu,
2026-08-11 01:21:26,0902678333,10,499,rahu,
2026-08-11 01:21:26,0954381115,10,499,rahu,
2026-08-11 01:21:26,0834325666,10,499,rahu,
2026-08-11 01:21:26,0832165444,10,499,rahu,
2026-08-11 01:21:26,0955177778,10,1199,khanthep,
2026-08-11 01:21:26,0956388883,10,1199,khanthep,
2026-08-11 01:21:26,0961344449,10,999,naga,
2026-08-11 01:21:26,0962511119,10,999,naga,
2026-08-11 01:21:26,0962744449,10,999,naga,
2026-08-11 01:21:26,0953411119,10,999,naga,
2026-08-11 01:21:26,0963452229,10,699,naga,
2026-08-11 01:21:26,0957699992,10,999,naga,
2026-08-11 01:21:26,0956739111,10,699,naga,
2026-08-11 01:21:26,0957122229,10,999,naga,
2026-08-11 01:21:26,0955122226,10,1999,ajchang,
2026-08-11 01:21:26,0955688887,10,1999,ajchang,
2026-08-11 01:21:26,0967144442,10,1499,ajchang,
2026-08-11 01:21:26,0954722225,10,899,ajchang,
2026-08-11 01:21:26,0953211124,10,899,ajchang,
2026-08-11 01:21:26,0956731666,10,599,ajchang,
2026-08-11 01:21:26,0955679444,10,899,ajchang,
2026-08-11 01:21:26,0953211109,10,499,ajchang,
2026-08-11 01:21:26,0849755567,10,499,ajchang,
2026-08-11 01:21:26,0961855567,10,499,ajchang,
2026-08-11 01:21:26,0953211159,10,499,emperor,
2026-08-11 01:21:26,0967456999,10,499,emperor,
2026-08-11 01:21:26,0954311165,10,499,emperor,
2026-08-11 01:21:26,0967816664,10,499,emperor,
2026-08-11 01:21:26,0963165444,10,499,emperor,
2026-08-11 01:21:26,0957651119,10,499,emperor,
2026-08-11 01:21:26,0957645666,10,499,emperor,
2026-08-11 01:21:34,0955765444,14,699,universal
2026-08-11 01:21:34,0954324333,14,699,universal
2026-08-11 01:21:34,0829432000,13,499,rahu
2026-08-11 01:21:34,0855864567,11,699,rahu
2026-08-11 01:21:34,0967654848,11,499,rahu
2026-08-11 01:21:34,0962347111,10,699,universal
2026-08-11 01:21:34,0910544449,10,1199,universal
2026-08-11 01:21:34,0963100003,10,899,universal
2026-08-11 01:21:34,0956711171,10,1199,universal
2026-08-11 01:21:34,0648745666,10,899,universal
2026-08-11 01:21:34,0951722224,10,899,universal
2026-08-11 01:21:34,0858323444,10,899,rahu
2026-08-11 01:21:34,0825431555,10,499,rahu
2026-08-11 01:21:34,0832196668,10,499,rahu
2026-08-11 01:21:34,0826012228,10,699,rahu
2026-08-11 01:21:34,0832190222,10,499,rahu
2026-08-11 01:21:34,0955688887,10,1199,rahu
2026-08-11 01:21:34,0966876767,10,1199,rahu
2026-08-11 01:21:34,0956755959,10,999,naga
2026-08-11 01:21:34,0962477779,10,999,naga
2026-08-11 01:21:34,0967155551,10,1999,ajchang
2026-08-11 01:21:34,0957155554,10,1499,ajchang
2026-08-11 01:21:34,0953234111,10,599,ajchang
2026-08-11 01:21:34,0952765556,10,899,ajchang
2026-08-11 01:21:34,0967532111,10,599,ajchang
2026-08-11 01:21:37,0643211666,14,899,universal,
2026-08-11 01:21:37,0855532108,14,499,ajchang,
2026-08-11 01:21:37,0954322275,14,499,ajchang,
2026-08-11 01:21:37,0963456661,14,499,emperor,
2026-08-11 01:21:37,0957654442,14,499,emperor,
2026-08-11 01:21:37,0967654446,14,499,emperor,
2026-08-11 01:21:37,0909281000,12,499,rahu,
2026-08-11 01:21:37,0967373456,11,699,universal,
2026-08-11 01:21:37,0855873456,11,899,rahu,NEW
2026-08-11 01:21:37,0968765566,11,899,ajchang,
2026-08-11 01:21:37,0953456822,11,499,emperor,
2026-08-11 01:21:37,0967654646,11,499,emperor,
2026-08-11 01:21:37,0957654646,11,499,emperor,
2026-08-11 01:21:37,0952342111,10,699,universal,
2026-08-11 01:21:37,0954375557,10,899,universal,
2026-08-11 01:21:37,0963177773,10,899,universal,
2026-08-11 01:21:37,0955511765,10,699,universal,
2026-08-11 01:21:37,0963400001,10,899,universal,
2026-08-11 01:21:37,0954314666,10,699,universal,
2026-08-11 01:21:37,0967377772,10,1199,universal,
2026-08-11 01:21:37,0648766611,10,899,universal,
2026-08-11 01:21:37,0957211114,10,899,universal,
2026-08-11 01:21:37,0938188886,10,1199,universal,
2026-08-11 01:21:37,0962355552,10,899,universal,
2026-08-11 01:21:37,0962388887,10,1199,rahu,
2026-08-11 01:21:37,0838123111,10,899,rahu,
2026-08-11 01:21:37,0966612383,10,699,rahu,
2026-08-11 01:21:37,0820127779,10,699,rahu,
2026-08-11 01:21:37,0820789333,10,499,rahu,
2026-08-11 01:21:37,0966632178,10,699,rahu,
2026-08-11 01:21:37,0957477778,10,1199,khanthep,
2026-08-11 01:21:37,0962511117,10,1199,khanthep,
2026-08-11 01:21:37,0966615435,10,699,khanthep,
2026-08-11 01:21:37,0963822224,10,1199,khanthep,
2026-08-11 01:21:37,0963211149,10,699,naga,
2026-08-11 01:21:37,0961344449,10,999,naga,
2026-08-11 01:21:37,0956791777,10,699,naga,
2026-08-11 01:21:37,0954397666,10,699,naga,
2026-08-11 01:21:37,0961511116,10,1999,ajchang,
2026-08-11 01:21:37,0967822292,10,1499,ajchang,
2026-08-11 01:21:37,0967399994,10,899,ajchang,
2026-08-11 01:21:37,0963711119,10,899,ajchang,
2026-08-11 01:21:37,0956744666,10,899,ajchang,
2026-08-11 01:21:37,0963145666,10,899,ajchang,
2026-08-11 01:21:37,0639688876,10,499,ajchang,
2026-08-11 01:21:37,0955534876,10,499,ajchang,
2026-08-11 01:21:37,0836844456,10,499,ajchang,
2026-08-11 01:21:37,0953459111,10,499,emperor,
2026-08-11 01:21:37,0957651119,10,499,emperor,
2026-08-11 01:21:37,0953459222,10,499,emperor,
2026-08-11 01:21:37,0954344426,10,499,emperor,
2026-08-11 01:21:44,0855123434,14,899,rahu
2026-08-11 01:21:44,0855543273,14,499,ajchang
2026-08-11 01:21:44,0957577774,13,1199,universal
2026-08-11 01:21:44,0829123000,13,699,rahu
2026-08-11 01:21:44,0962345522,11,699,universal
2026-08-11 01:21:44,0802251234,11,499,rahu
2026-08-11 01:21:44,0855283456,11,899,rahu
2026-08-11 01:21:44,0832765666,10,899,universal
2026-08-11 01:21:44,0954351777,10,699,universal
2026-08-11 01:21:44,0644988882,10,1499,universal
2026-08-11 01:21:44,0825044449,10,1499,universal
2026-08-11 01:21:44,0961355550,10,899,universal
2026-08-11 01:21:44,0957355551,10,899,universal
2026-08-11 01:21:44,0953200009,10,899,universal
2026-08-11 01:21:44,0820127779,10,699,rahu
2026-08-11 01:21:44,0838698777,10,899,rahu
2026-08-11 01:21:44,0838678883,10,899,rahu
2026-08-11 01:21:44,0954391555,10,699,naga
2026-08-11 01:21:44,0962388886,10,899,ajchang
2026-08-11 01:21:44,0956744411,10,899,ajchang
2026-08-11 01:21:44,0957355552,10,899,ajchang
2026-08-11 01:21:44,0966765222,10,899,ajchang
2026-08-11 01:21:44,0964134555,10,599,ajchang
2026-08-11 01:21:44,0955525433,10,499,ajchang
2026-08-11 01:21:44,0903211178,10,499,ajchang
2026-08-11 01:21:44,0956722208,10,499,ajchang
2026-08-11 01:21:48,0967765454,14,899,ajchang,
2026-08-11 01:21:48,0967654446,14,499,emperor,
2026-08-11 01:21:48,0803821000,13,699,rahu,
2026-08-11 01:21:48,0909758000,12,499,rahu,
2026-08-11 01:21:48,0967543232,11,699,universal,
2026-08-11 01:21:48,0962543232,11,699,universal,
2026-08-11 01:21:48,0802711234,11,499,rahu,NEW
2026-08-11 01:21:48,0957654646,11,499,emperor,
2026-08-11 01:21:48,0967654224,11,499,emperor,
2026-08-11 01:21:48,0967654646,11,499,emperor,
2026-08-11 01:21:48,0967654664,11,499,emperor,
2026-08-11 01:21:48,0953456822,11,499,emperor,
2026-08-11 01:21:48,0957654466,11,499,emperor,
2026-08-11 01:21:48,0956716333,10,699,universal,
2026-08-11 01:21:48,0961244440,10,899,universal,
2026-08-11 01:21:48,0834646654,10,1499,universal,
2026-08-11 01:21:48,0829871888,10,699,universal,
2026-08-11 01:21:48,0957300002,10,899,universal,
2026-08-11 01:21:48,0957321333,10,699,universal,
2026-08-11 01:21:48,0954394111,10,699,universal,
2026-08-11 01:21:48,0956737444,10,699,universal,
2026-08-11 01:21:48,0971432666,10,699,universal,
2026-08-11 01:21:48,0956766333,10,899,universal,
2026-08-11 01:21:48,0954373338,10,499,rahu,
2026-08-11 01:21:48,0834512224,10,899,rahu,
2026-08-11 01:21:48,0962488883,10,499,rahu,
2026-08-11 01:21:48,0967188881,10,499,rahu,
2026-08-11 01:21:48,0968166660,10,499,rahu,
2026-08-11 01:21:48,0855023434,10,499,rahu,
2026-08-11 01:21:48,0999289012,10,699,rahu,
2026-08-11 01:21:48,0855567185,10,699,rahu,
2026-08-11 01:21:48,0967871116,10,699,khanthep,
2026-08-11 01:21:48,0952833336,10,1199,khanthep,
2026-08-11 01:21:48,0963877771,10,1199,khanthep,
2026-08-11 01:21:48,0963211149,10,699,naga,
2026-08-11 01:21:48,0961711119,10,999,naga,
2026-08-11 01:21:48,0962433339,10,999,naga,
2026-08-11 01:21:48,0951700009,10,999,naga,
2026-08-11 01:21:48,0967733339,10,999,naga,
2026-08-11 01:21:48,0954543993,10,699,naga,
2026-08-11 01:21:48,0966744449,10,899,ajchang,
2026-08-11 01:21:48,0963211919,10,899,ajchang,
2026-08-11 01:21:48,0962799992,10,899,ajchang,
2026-08-11 01:21:48,0966321515,10,899,ajchang,
2026-08-11 01:21:48,0957366664,10,899,ajchang,
2026-08-11 01:21:48,0967488886,10,899,ajchang,
2026-08-11 01:21:48,0956711444,10,899,ajchang,
2026-08-11 01:21:48,0610122297,10,499,ajchang,
2026-08-11 01:21:48,0954311165,10,499,emperor,
2026-08-11 01:21:48,0957645666,10,499,emperor,
2026-08-11 01:21:48,0954344426,10,499,emperor,
2026-08-11 01:21:48,0967816664,10,499,emperor,
2026-08-11 01:21:48,0953211159,10,499,emperor,
2026-08-11 01:21:55,0638763000,13,499,rahu
2026-08-11 01:21:55,0658521000,13,699,rahu
2026-08-11 01:21:55,0838544567,11,699,rahu
2026-08-11 01:21:55,0645640444,10,1499,universal
2026-08-11 01:21:55,0966466667,10,1199,universal
2026-08-11 01:21:55,0963533334,10,1199,universal
2026-08-11 01:21:55,0962533337,10,899,universal
2026-08-11 01:21:55,0955633330,10,899,universal
2026-08-11 01:21:55,0967456333,10,699,universal
2026-08-11 01:21:55,0956731777,10,699,universal
2026-08-11 01:21:55,0956736111,10,699,universal
2026-08-11 01:21:55,0918321888,10,499,rahu
2026-08-11 01:21:55,0855054343,10,499,rahu
2026-08-11 01:21:55,0962388883,10,1199,rahu
2026-08-11 01:21:55,0961288887,10,1199,rahu
2026-08-11 01:21:55,0826321666,10,499,rahu
2026-08-11 01:21:55,0834326444,10,499,rahu
2026-08-11 01:21:55,0967852444,10,899,rahu
2026-08-11 01:21:55,0958744442,10,1199,khanthep
2026-08-11 01:21:55,0957100009,10,999,naga
2026-08-11 01:21:55,0967600009,10,999,naga
2026-08-11 01:21:55,0952349111,10,699,naga
2026-08-11 01:21:55,0954211112,10,2199,ajchang
2026-08-11 01:21:55,0961654111,10,1699,ajchang
2026-08-11 01:21:55,0967144446,10,1499,ajchang
2026-08-11 01:21:55,0967255552,10,899,ajchang
2026-08-11 01:21:55,0962765551,10,899,ajchang
2026-08-11 01:21:55,0956476555,10,599,ajchang
2026-08-11 01:21:55,0952755567,10,499,ajchang
2026-08-11 01:21:59,0956543222,14,699,universal,
2026-08-11 01:21:59,0855543273,14,499,ajchang,
2026-08-11 01:21:59,0957654442,14,499,emperor,
2026-08-11 01:21:59,0957654222,14,499,emperor,
2026-08-11 01:21:59,0968763000,13,699,universal,
2026-08-11 01:21:59,0837821000,13,699,rahu,
2026-08-11 01:21:59,0855836789,11,899,rahu,NEW
2026-08-11 01:21:59,0826620123,11,699,rahu,
2026-08-11 01:21:59,0829011234,11,699,rahu,NEW
2026-08-11 01:21:59,0967654664,11,499,emperor,
2026-08-11 01:21:59,0967654646,11,499,emperor,
2026-08-11 01:21:59,0967654422,11,499,emperor,
2026-08-11 01:21:59,0957652225,10,899,universal,
2026-08-11 01:21:59,0967321666,10,699,universal,
2026-08-11 01:21:59,0962343331,10,699,universal,
2026-08-11 01:21:59,0953400006,10,899,universal,
2026-08-11 01:21:59,0967355553,10,1199,universal,
2026-08-11 01:21:59,0951377770,10,899,universal,
2026-08-11 01:21:59,0961355551,10,899,universal,
2026-08-11 01:21:59,0956716444,10,699,universal,
2026-08-11 01:21:59,0638545666,10,699,universal,
2026-08-11 01:21:59,0954944448,10,1199,universal,
2026-08-11 01:21:59,0963411119,10,899,universal,
2026-08-11 01:21:59,0962745666,10,699,universal,
2026-08-11 01:21:59,0825439666,10,699,universal,
2026-08-11 01:21:59,0953455575,10,899,universal,
2026-08-11 01:21:59,0962477778,10,899,universal,
2026-08-11 01:21:59,0639872228,10,499,rahu,
2026-08-11 01:21:59,0966833330,10,499,rahu,
2026-08-11 01:21:59,0958244440,10,499,rahu,
2026-08-11 01:21:59,0832163222,10,499,rahu,
2026-08-11 01:21:59,0644323888,10,499,rahu,
2026-08-11 01:21:59,0967733339,10,999,naga,
2026-08-11 01:21:59,0964100009,10,999,naga,
2026-08-11 01:21:59,0954394111,10,699,naga,
2026-08-11 01:21:59,0967399990,10,999,naga,
2026-08-11 01:21:59,0952433339,10,999,naga,
2026-08-11 01:21:59,0954393555,10,699,naga,
2026-08-11 01:21:59,0956792333,10,699,naga,
2026-08-11 01:21:59,0966744449,10,999,naga,
2026-08-11 01:21:59,0952411119,10,1999,ajchang,
2026-08-11 01:21:59,0964122229,10,1999,ajchang,
2026-08-11 01:21:59,0956411115,10,1999,ajchang,
2026-08-11 01:21:59,0956544417,10,1699,ajchang,
2026-08-11 01:21:59,0967255552,10,899,ajchang,
2026-08-11 01:21:59,0967871114,10,1199,ajchang,
2026-08-11 01:21:59,0954399111,10,899,ajchang,
2026-08-11 01:21:59,0966711114,10,899,ajchang,
2026-08-11 01:21:59,0956766111,10,899,ajchang,
2026-08-11 01:21:59,0956722214,10,899,ajchang,
2026-08-11 01:21:59,0962744442,10,899,ajchang,
2026-08-11 01:21:59,0967134555,10,599,ajchang,
2026-08-11 01:21:59,0955674222,10,599,ajchang,
2026-08-11 01:21:59,0641755543,10,499,ajchang,
2026-08-11 01:21:59,0956855543,10,499,ajchang,
2026-08-11 01:21:59,0954311165,10,499,emperor,
2026-08-11 01:21:59,0967456999,10,499,emperor,
2026-08-11 01:21:59,0953459222,10,499,emperor,
2026-08-11 01:21:59,0954344426,10,499,emperor,
2026-08-11 01:21:59,0963165444,10,499,emperor,
2026-08-11 01:21:59,0953459111,10,499,emperor,
2026-08-11 01:21:59,0957651119,10,499,emperor,
2026-08-11 01:22:06,0954543339,13,699,naga
2026-08-11 01:22:06,0956543344,11,899,universal
2026-08-11 01:22:06,0955171234,11,699,universal
2026-08-11 01:22:06,0855865432,11,699,rahu
2026-08-11 01:22:06,0838345679,11,699,rahu
2026-08-11 01:22:06,0963411115,10,899,universal
2026-08-11 01:22:06,0962433335,10,899,universal
2026-08-11 01:22:06,0957722221,10,1199,universal
2026-08-11 01:22:06,0966345777,10,699,universal
2026-08-11 01:22:06,0957300004,10,899,universal
2026-08-11 01:22:06,0954315666,10,699,universal
2026-08-11 01:22:06,0953212226,10,699,universal
2026-08-11 01:22:06,0955477774,10,1199,universal
2026-08-11 01:22:06,0952377776,10,899,universal
2026-08-11 01:22:06,0825876664,10,899,rahu
2026-08-11 01:22:06,0967188887,10,1199,rahu
2026-08-11 01:22:06,0956794777,10,699,naga
2026-08-11 01:22:06,0956793336,10,699,naga
2026-08-11 01:22:06,0956759666,10,699,naga
2026-08-11 01:22:06,0962321555,10,899,ajchang
2026-08-11 01:22:06,0855501214,10,499,ajchang
2026-08-11 01:22:06,0955547012,10,499,ajchang
2026-08-11 01:22:06,0955509872,10,499,ajchang
2026-08-11 01:22:10,0855432666,14,699,universal,
2026-08-11 01:22:10,0957654442,14,499,emperor,
2026-08-11 01:22:10,0959532111,13,699,universal,
2026-08-11 01:22:10,0855731234,11,899,rahu,NEW
2026-08-11 01:22:10,0835100123,11,699,rahu,
2026-08-11 01:22:10,0839390123,11,699,rahu,
2026-08-11 01:22:10,0826010123,11,699,rahu,
2026-08-11 01:22:10,0967654422,11,499,emperor,
2026-08-11 01:22:10,0957654646,11,499,emperor,
2026-08-11 01:22:10,0953456822,11,499,emperor,
2026-08-11 01:22:10,0967654646,11,499,emperor,
2026-08-11 01:22:10,0957654466,11,499,emperor,
2026-08-11 01:22:10,0961765777,10,699,universal,
2026-08-11 01:22:10,0953266660,10,899,universal,
2026-08-11 01:22:10,0967611119,10,899,universal,
2026-08-11 01:22:10,0957766663,10,1199,universal,
2026-08-11 01:22:10,0954700001,10,899,universal,
2026-08-11 01:22:10,0951733330,10,899,universal,
2026-08-11 01:22:10,0645640444,10,1499,universal,
2026-08-11 01:22:10,0963712333,10,699,universal,
2026-08-11 01:22:10,0961236555,10,699,universal,
2026-08-11 01:22:10,0963722227,10,1199,universal,
2026-08-11 01:22:10,0658288885,10,1199,universal,
2026-08-11 01:22:10,0952732111,10,699,universal,
2026-08-11 01:22:10,0961233366,10,899,universal,
2026-08-11 01:22:10,0999989281,10,699,universal,
2026-08-11 01:22:10,0647658555,10,899,universal,
2026-08-11 01:22:10,0825456111,10,499,rahu,
2026-08-11 01:22:10,0638377789,10,699,rahu,
2026-08-11 01:22:10,0829123111,10,899,rahu,
2026-08-11 01:22:10,0832198555,10,899,rahu,
2026-08-11 01:22:10,0958366662,10,1199,rahu,
2026-08-11 01:22:10,0967144448,10,499,rahu,
2026-08-11 01:22:10,0834432424,10,499,rahu,
2026-08-11 01:22:10,0855671333,10,499,rahu,
2026-08-11 01:22:10,0963877774,10,1199,khanthep,
2026-08-11 01:22:10,0967872225,10,699,khanthep,
2026-08-11 01:22:10,0955679444,10,699,naga,
2026-08-11 01:22:10,0956755579,10,999,naga,
2026-08-11 01:22:10,0954379666,10,699,naga,
2026-08-11 01:22:10,0955593345,10,999,naga,
2026-08-11 01:22:10,0967199990,10,999,naga,
2026-08-11 01:22:10,0962733339,10,999,naga,
2026-08-11 01:22:10,0954399191,10,999,naga,
2026-08-11 01:22:10,0967600009,10,999,naga,
2026-08-11 01:22:10,0956791119,10,999,naga,
2026-08-11 01:22:10,0954654111,10,1699,ajchang,
2026-08-11 01:22:10,0966321666,10,899,ajchang,
2026-08-11 01:22:10,0956722241,10,899,ajchang,
2026-08-11 01:22:10,0967244441,10,899,ajchang,
2026-08-11 01:22:10,0962344422,10,899,ajchang,
2026-08-11 01:22:10,0956711166,10,899,ajchang,
2026-08-11 01:22:10,0962765222,10,899,ajchang,
2026-08-11 01:22:10,0902344406,10,499,ajchang,
2026-08-11 01:22:10,0955521321,10,499,ajchang,
2026-08-11 01:22:10,0953211150,10,499,ajchang,
2026-08-11 01:22:10,0955543061,10,499,ajchang,
2026-08-11 01:22:10,0955567473,10,499,ajchang,
2026-08-11 01:22:10,0953459111,10,499,emperor,
2026-08-11 01:22:10,0967816664,10,499,emperor,
2026-08-11 01:22:10,0954311165,10,499,emperor,
2026-08-11 01:22:10,0957645666,10,499,emperor,
2026-08-11 01:22:10,0967456999,10,499,emperor,
2026-08-11 01:22:10,0953459222,10,499,emperor,
2026-08-11 01:22:10,0954344462,10,499,emperor,
2026-08-11 01:22:16,0839876000,17,499,rahu,
2026-08-11 01:22:16,0832108777,14,499,rahu,
2026-08-11 01:22:16,0825432226,14,499,rahu,NEW
2026-08-11 01:22:16,0955433339,14,999,naga,
2026-08-11 01:22:16,0963456661,14,499,emperor,
2026-08-11 01:22:16,0967654446,14,499,emperor,
2026-08-11 01:22:16,0957654222,14,499,emperor,
2026-08-11 01:22:16,0957654442,14,499,emperor,
2026-08-11 01:22:16,0954343222,13,699,universal,
2026-08-11 01:22:16,0968766000,13,899,universal,
2026-08-11 01:22:16,0837121000,13,699,rahu,
2026-08-11 01:22:16,0838345559,13,899,rahu,
2026-08-11 01:22:16,0829432000,13,499,rahu,
2026-08-11 01:22:16,0838721000,13,699,rahu,
2026-08-11 01:22:16,0961611117,13,1199,khanthep,
2026-08-11 01:22:16,0909722210,13,499,ajchang,
2026-08-11 01:22:16,0966543217,11,1199,universal,
2026-08-11 01:22:16,0957343456,11,699,universal,
2026-08-11 01:22:16,0886351234,11,499,rahu,NEW
2026-08-11 01:22:16,0834563323,11,499,rahu,
2026-08-11 01:22:16,0938855678,11,699,rahu,
2026-08-11 01:22:16,0886851234,11,899,rahu,NEW
2026-08-11 01:22:16,0812343311,11,499,rahu,
2026-08-11 01:22:16,0938633456,11,499,rahu,NEW
2026-08-11 01:22:16,0837706789,11,499,rahu,NEW
2026-08-11 01:22:16,0834561133,11,499,rahu,
2026-08-11 01:22:16,0967654224,11,899,ajchang,
2026-08-11 01:22:16,0967654422,11,499,emperor,
2026-08-11 01:22:16,0957654466,11,499,emperor,
2026-08-11 01:22:16,0967654646,11,499,emperor,
2026-08-11 01:22:16,0957654646,11,499,emperor,
2026-08-11 01:22:16,0967654664,11,499,emperor,
2026-08-11 01:22:16,0953456822,11,499,emperor,
2026-08-11 01:22:16,0809989879,10,1499,universal,
2026-08-11 01:22:16,0967588887,10,899,universal,
2026-08-11 01:22:16,0961633339,10,899,universal,
2026-08-11 01:22:16,0963166662,10,899,universal,
2026-08-11 01:22:16,0967144443,10,899,universal,
2026-08-11 01:22:16,0967466663,10,1199,universal,
2026-08-11 01:22:16,0963457772,10,699,universal,
2026-08-11 01:22:16,0957566663,10,899,universal,
2026-08-11 01:22:16,0963476555,10,699,universal,
2026-08-11 01:22:16,0962543777,10,699,universal,
2026-08-11 01:22:16,0952654111,10,699,universal,
2026-08-11 01:22:16,0959655553,10,1699,universal,
2026-08-11 01:22:16,0644465451,10,1499,universal,
2026-08-11 01:22:16,0956322227,10,899,universal,
2026-08-11 01:22:16,0802244456,10,1199,universal,
2026-08-11 01:22:16,0955672777,10,899,universal,
2026-08-11 01:22:16,0952488883,10,899,universal,
2026-08-11 01:22:16,0956726333,10,699,universal,NEW
2026-08-11 01:22:16,0959055554,10,1499,universal,
2026-08-11 01:22:16,0967722225,10,1199,universal,
2026-08-11 01:22:16,0999796547,10,899,universal,
2026-08-11 01:22:16,0963765559,10,699,universal,
2026-08-11 01:22:16,0973576555,10,699,universal,
2026-08-11 01:22:16,0886541555,10,899,universal,
2026-08-11 01:22:16,0962311119,10,899,universal,
2026-08-11 01:22:16,0966616432,10,699,universal,
2026-08-11 01:22:16,0969355551,10,1699,universal,
2026-08-11 01:22:16,0959244447,10,1699,universal,
2026-08-11 01:22:16,0970987444,10,899,universal,
2026-08-11 01:22:16,0858654777,10,899,rahu,
2026-08-11 01:22:16,0834575556,10,499,rahu,
2026-08-11 01:22:16,0967833355,10,1199,rahu,
2026-08-11 01:22:16,0962876222,10,899,rahu,
2026-08-11 01:22:16,0855578958,10,699,rahu,
2026-08-11 01:22:16,0832170002,10,499,rahu,
2026-08-11 01:22:16,0886012666,10,499,rahu,
2026-08-11 01:22:16,0838698777,10,899,rahu,
2026-08-11 01:22:16,0963833335,10,1199,rahu,
2026-08-11 01:22:16,0968366661,10,1199,rahu,
2026-08-11 01:22:16,0967826660,10,499,rahu,
2026-08-11 01:22:16,0966612387,10,699,rahu,
2026-08-11 01:22:16,0999836782,10,699,rahu,
2026-08-11 01:22:16,0803301212,10,699,rahu,
2026-08-11 01:22:16,0955788880,10,499,rahu,
2026-08-11 01:22:16,0855543338,10,899,rahu,
2026-08-11 01:22:16,0954788883,10,1199,rahu,
2026-08-11 01:22:16,0961678885,10,499,rahu,
2026-08-11 01:22:16,0966654283,10,699,khanthep,
2026-08-11 01:22:16,0963987778,10,1199,khanthep,
2026-08-11 01:22:16,0961711116,10,1199,khanthep,
2026-08-11 01:22:16,0951711116,10,1199,khanthep,
2026-08-11 01:22:16,0953822225,10,1199,khanthep,
2026-08-11 01:22:16,0955177771,10,1199,khanthep,
2026-08-11 01:22:16,0967177774,10,1199,khanthep,
2026-08-11 01:22:16,0966612383,10,699,khanthep,
2026-08-11 01:22:16,0956739111,10,699,naga,
2026-08-11 01:22:16,0966363219,10,999,naga,
2026-08-11 01:22:16,0953211191,10,999,naga,
2026-08-11 01:22:16,0955593345,10,999,naga,
2026-08-11 01:22:16,0962349222,10,699,naga,
2026-08-11 01:22:16,0963799994,10,999,naga,
2026-08-11 01:22:16,0956791119,10,999,naga,
2026-08-11 01:22:16,0956799333,10,999,naga,
2026-08-11 01:22:16,0954397333,10,699,naga,
2026-08-11 01:22:16,0963219993,10,699,naga,
2026-08-11 01:22:16,0954396333,10,699,naga,
2026-08-11 01:22:16,0956744499,10,999,naga,
2026-08-11 01:22:16,0956793777,10,699,naga,
2026-08-11 01:22:16,0963677779,10,999,naga,
2026-08-11 01:22:16,0961733339,10,999,naga,
2026-08-11 01:22:16,0956794449,10,999,naga,
2026-08-11 01:22:16,0952344949,10,999,naga,
2026-08-11 01:22:16,0955411117,10,1999,ajchang,
2026-08-11 01:22:16,0953822229,10,1999,ajchang,
2026-08-11 01:22:16,0953466664,10,899,ajchang,
2026-08-11 01:22:16,0957699992,10,899,ajchang,
2026-08-11 01:22:16,0966744449,10,899,ajchang,
2026-08-11 01:22:16,0954355151,10,899,ajchang,
2026-08-11 01:22:16,0966755551,10,899,ajchang,
2026-08-11 01:22:16,0954315666,10,899,ajchang,
2026-08-11 01:22:16,0956744466,10,899,ajchang,
2026-08-11 01:22:16,0955439111,10,899,ajchang,
2026-08-11 01:22:16,0802911123,10,499,ajchang,
2026-08-11 01:22:16,0903211108,10,499,ajchang,
2026-08-11 01:22:16,0643143222,10,499,ajchang,
2026-08-11 01:22:16,0955567531,10,499,ajchang,
2026-08-11 01:22:16,0957122224,10,1499,ajchang,
2026-08-11 01:22:16,0963212229,10,899,ajchang,
2026-08-11 01:22:16,0954366111,10,899,ajchang,
2026-08-11 01:22:16,0954755556,10,899,ajchang,
2026-08-11 01:22:16,0961366661,10,899,ajchang,
2026-08-11 01:22:16,0967522221,10,899,ajchang,
2026-08-11 01:22:16,0952342111,10,899,ajchang,
2026-08-11 01:22:16,0956754666,10,899,ajchang,
2026-08-11 01:22:16,0955722234,10,499,ajchang,
2026-08-11 01:22:16,0837511123,10,499,ajchang,
2026-08-11 01:22:16,0961466668,10,1999,ajchang,
2026-08-11 01:22:16,0964211115,10,1999,ajchang,
2026-08-11 01:22:16,0956549111,10,1699,ajchang,
2026-08-11 01:22:16,0957422229,10,899,ajchang,
2026-08-11 01:22:16,0967871222,10,1199,ajchang,
2026-08-11 01:22:16,0962755559,10,899,ajchang,
2026-08-11 01:22:16,0956741444,10,899,ajchang,
2026-08-11 01:22:16,0967765558,10,899,ajchang,
2026-08-11 01:22:16,0962346662,10,899,ajchang,
2026-08-11 01:22:16,0956745554,10,899,ajchang,
2026-08-11 01:22:16,0954344426,10,499,emperor,
2026-08-11 01:22:16,0963165444,10,499,emperor,
2026-08-11 01:22:16,0953459111,10,499,emperor,
2026-08-11 01:22:16,0954344462,10,499,emperor,
2026-08-11 01:22:16,0954311165,10,499,emperor,
2026-08-11 01:22:16,0967816664,10,499,emperor,
2026-08-11 01:22:16,0967456999,10,499,emperor,
2026-08-11 01:22:16,0957645666,10,499,emperor,
2026-08-11 01:22:16,0953459222,10,499,emperor,
2026-08-11 01:22:16,0953211159,10,499,emperor,
2026-08-11 01:22:17,0855870123,11,699,rahu
2026-08-11 01:22:17,0996789110,11,499,rahu
2026-08-11 01:22:17,0967899582,11,699,rahu
2026-08-11 01:22:17,0956543993,11,699,naga
2026-08-11 01:22:17,0955133336,10,899,universal
2026-08-11 01:22:17,0966733334,10,899,universal
2026-08-11 01:22:17,0954375333,10,699,universal
2026-08-11 01:22:17,0955611110,10,899,universal
2026-08-11 01:22:17,0953154333,10,699,universal
2026-08-11 01:22:17,0966723444,10,699,universal
2026-08-11 01:22:17,0956762226,10,899,universal
2026-08-11 01:22:17,0955744447,10,1199,universal
2026-08-11 01:22:17,0832172224,10,499,rahu
2026-08-11 01:22:17,0967820444,10,499,rahu
2026-08-11 01:22:17,0838761112,10,899,rahu
2026-08-11 01:22:17,0963765559,10,699,naga
2026-08-11 01:22:17,0963177779,10,999,naga
2026-08-11 01:22:17,0954369777,10,699,naga
2026-08-11 01:22:17,0956549777,10,699,naga
2026-08-11 01:22:17,0953611112,10,1999,ajchang
2026-08-11 01:22:17,0957344441,10,899,ajchang
2026-08-11 01:22:17,0954351555,10,899,ajchang
2026-08-11 01:22:17,0966321515,10,899,ajchang
2026-08-11 01:22:17,0966321414,10,899,ajchang
2026-08-11 01:22:17,0955567083,10,499,ajchang
2026-08-11 01:22:17,0955567033,10,499,ajchang
2026-08-11 01:22:17,0955567284,10,499,ajchang
2026-08-11 01:22:21,0954322227,18,899,universal,
2026-08-11 01:22:21,0954322226,18,899,ajchang,
2026-08-11 01:22:21,0855567822,14,699,rahu,
2026-08-11 01:22:21,0963456661,14,499,emperor,
2026-08-11 01:22:21,0957654222,14,499,emperor,
2026-08-11 01:22:21,0838678933,11,699,rahu,NEW
2026-08-11 01:22:21,0957654646,11,499,emperor,
2026-08-11 01:22:21,0967654224,11,499,emperor,
2026-08-11 01:22:21,0967654664,11,499,emperor,
2026-08-11 01:22:21,0956744434,10,899,universal,
2026-08-11 01:22:21,0961354333,10,699,universal,
2026-08-11 01:22:21,0962566667,10,899,universal,
2026-08-11 01:22:21,0961277771,10,899,universal,
2026-08-11 01:22:21,0964123222,10,899,universal,
2026-08-11 01:22:21,0953411110,10,899,universal,
2026-08-11 01:22:21,0910466662,10,1199,universal,
2026-08-11 01:22:21,0963216777,10,699,universal,
2026-08-11 01:22:21,0967633339,10,899,universal,
2026-08-11 01:22:21,0886784666,10,699,universal,
2026-08-11 01:22:21,0962722225,10,1199,universal,
2026-08-11 01:22:21,0973215666,10,699,universal,
2026-08-11 01:22:21,0958768884,10,499,rahu,
2026-08-11 01:22:21,0836098777,10,499,rahu,
2026-08-11 01:22:21,0855567717,10,499,rahu,
2026-08-11 01:22:21,0952533338,10,1199,khanthep,
2026-08-11 01:22:21,0967133339,10,999,naga,
2026-08-11 01:22:21,0957433339,10,999,naga,
2026-08-11 01:22:21,0954391555,10,699,naga,
2026-08-11 01:22:21,0961654222,10,1699,ajchang,
2026-08-11 01:22:21,0953211121,10,899,ajchang,
2026-08-11 01:22:21,0961366669,10,899,ajchang,
2026-08-11 01:22:21,0957655444,10,899,ajchang,
2026-08-11 01:22:21,0954351555,10,899,ajchang,
2026-08-11 01:22:21,0963765666,10,899,ajchang,
2026-08-11 01:22:21,0855501218,10,499,ajchang,
2026-08-11 01:22:21,0855590321,10,499,ajchang,
2026-08-11 01:22:21,0955543501,10,499,ajchang,
2026-08-11 01:22:21,0855567700,10,499,ajchang,
2026-08-11 01:22:21,0954311176,10,499,ajchang,
2026-08-11 01:22:21,0639588876,10,499,ajchang,
2026-08-11 01:22:21,0834532228,10,499,ajchang,
2026-08-11 01:22:21,0954344462,10,499,emperor,
2026-08-11 01:22:21,0967456999,10,499,emperor,
2026-08-11 01:22:21,0967816664,10,499,emperor,
2026-08-11 01:22:21,0954344426,10,499,emperor,
2026-08-11 01:22:21,0953211159,10,499,emperor,
2026-08-11 01:22:21,0957645666,10,499,emperor,
2026-08-11 01:22:21,0963165444,10,499,emperor,
2026-08-11 01:22:21,0954311165,10,499,emperor,
2026-08-11 01:22:21,0953459222,10,499,emperor,
2026-08-11 01:22:27,0957655557,14,899,universal
2026-08-11 01:22:27,0643213338,14,499,rahu
2026-08-11 01:22:27,0955543218,14,499,ajchang
2026-08-11 01:22:27,0855234000,13,499,rahu
2026-08-11 01:22:27,0838392000,12,699,rahu
2026-08-11 01:22:27,0954711234,11,699,universal
2026-08-11 01:22:27,0829133456,11,499,rahu
2026-08-11 01:22:27,0855903456,11,499,rahu
2026-08-11 01:22:27,0967533332,10,899,universal
2026-08-11 01:22:27,0956722444,10,899,universal
2026-08-11 01:22:27,0957122223,10,899,universal
2026-08-11 01:22:27,0966434555,10,699,universal
2026-08-11 01:22:27,0956433332,10,899,universal
2026-08-11 01:22:27,0951765222,10,699,universal
2026-08-11 01:22:27,0956751333,10,699,universal
2026-08-11 01:22:27,0834522444,10,1199,universal
2026-08-11 01:22:27,0825435222,10,499,rahu
2026-08-11 01:22:27,0954387877,10,1199,rahu
2026-08-11 01:22:27,0938543666,10,899,rahu
2026-08-11 01:22:27,0834324443,10,499,rahu
2026-08-11 01:22:27,0967877171,10,1199,khanthep
2026-08-11 01:22:27,0967266664,10,899,ajchang
2026-08-11 01:22:27,0963212666,10,899,ajchang
2026-08-11 01:22:27,0957656444,10,899,ajchang
2026-08-11 01:22:27,0840122256,10,499,ajchang
2026-08-11 01:22:27,0955543751,10,499,ajchang
2026-08-11 01:22:27,0955542321,10,499,ajchang
2026-08-11 01:22:27,0955543735,10,499,ajchang
2026-08-11 01:22:32,0963432111,14,699,universal,
2026-08-11 01:22:32,0957654442,14,499,emperor,
2026-08-11 01:22:32,0963456661,14,499,emperor,
2026-08-11 01:22:32,0957654222,14,499,emperor,
2026-08-11 01:22:32,0953232111,13,699,universal,
2026-08-11 01:22:32,0803300123,11,499,rahu,
2026-08-11 01:22:32,0658587654,11,699,rahu,
2026-08-11 01:22:32,0952811234,11,899,rahu,NEW
2026-08-11 01:22:32,0967654422,11,499,emperor,
2026-08-11 01:22:32,0967654224,11,499,emperor,
2026-08-11 01:22:32,0967654646,11,499,emperor,
2026-08-11 01:22:32,0966733331,10,899,universal,
2026-08-11 01:22:32,0957659333,10,699,universal,
2026-08-11 01:22:32,0963711117,10,1199,universal,
2026-08-11 01:22:32,0962745666,10,699,universal,
2026-08-11 01:22:32,0966654283,10,899,universal,
2026-08-11 01:22:32,0953411112,10,899,universal,
2026-08-11 01:22:32,0961711112,10,1199,universal,
2026-08-11 01:22:32,0956721444,10,699,universal,
2026-08-11 01:22:32,0956744466,10,899,universal,
2026-08-11 01:22:32,0967833222,10,899,universal,
2026-08-11 01:22:32,0967511110,10,899,universal,
2026-08-11 01:22:32,0967322224,10,899,universal,
2026-08-11 01:22:32,0963432225,10,699,universal,
2026-08-11 01:22:32,0957156777,10,699,universal,
2026-08-11 01:22:32,0968511110,10,499,rahu,
2026-08-11 01:22:32,0645658333,10,899,rahu,
2026-08-11 01:22:32,0967488883,10,499,rahu,
2026-08-11 01:22:32,0642123888,10,899,rahu,
2026-08-11 01:22:32,0837721010,10,499,rahu,
2026-08-11 01:22:32,0966833330,10,499,rahu,
2026-08-11 01:22:32,0967830666,10,499,rahu,
2026-08-11 01:22:32,0958766655,10,1199,rahu,
2026-08-11 01:22:32,0963877774,10,1199,rahu,
2026-08-11 01:22:32,0960128887,10,699,rahu,
2026-08-11 01:22:32,0966615435,10,699,khanthep,
2026-08-11 01:22:32,0954387111,10,699,khanthep,
2026-08-11 01:22:32,0967733339,10,999,naga,
2026-08-11 01:22:32,0962311119,10,999,naga,
2026-08-11 01:22:32,0951377779,10,999,naga,
2026-08-11 01:22:32,0961633339,10,999,naga,
2026-08-11 01:22:32,0967234999,10,699,naga,
2026-08-11 01:22:32,0954349666,10,699,naga,
2026-08-11 01:22:32,0963722229,10,899,ajchang,
2026-08-11 01:22:32,0956764441,10,899,ajchang,
2026-08-11 01:22:32,0963452229,10,899,ajchang,
2026-08-11 01:22:32,0957634555,10,599,ajchang,
2026-08-11 01:22:32,0855516783,10,499,ajchang,
2026-08-11 01:22:32,0955584568,10,499,ajchang,
2026-08-11 01:22:32,0956711148,10,499,ajchang,
2026-08-11 01:22:32,0643143222,10,499,ajchang,
2026-08-11 01:22:32,0954344462,10,499,emperor,
2026-08-11 01:22:32,0957645666,10,499,emperor,
2026-08-11 01:22:32,0963165444,10,499,emperor,
2026-08-11 01:22:32,0953459111,10,499,emperor,
2026-08-11 01:22:32,0953459222,10,499,emperor,
2026-08-11 01:22:32,0954344426,10,499,emperor,
2026-08-11 01:22:37,0954322323,14,1199,universal
2026-08-11 01:22:37,0953456663,14,699,universal
2026-08-11 01:22:37,0838789000,13,699,rahu
2026-08-11 01:22:37,0963232111,13,599,ajchang
2026-08-11 01:22:37,0955345679,11,999,naga
2026-08-11 01:22:37,0955377774,10,899,universal
2026-08-11 01:22:37,0826466668,10,1199,universal
2026-08-11 01:22:37,0961345444,10,899,universal
2026-08-11 01:22:37,0961344447,10,899,universal
2026-08-11 01:22:37,0961466667,10,899,universal
2026-08-11 01:22:37,0963477772,10,899,universal
2026-08-11 01:22:37,0953216222,10,699,universal
2026-08-11 01:22:37,0953766664,10,899,universal
2026-08-11 01:22:37,0820321666,10,499,rahu
2026-08-11 01:22:37,0958366662,10,1199,rahu
2026-08-11 01:22:37,0839401222,10,699,rahu
2026-08-11 01:22:37,0829054333,10,499,rahu
2026-08-11 01:22:37,0834515557,10,499,rahu
2026-08-11 01:22:37,0829901222,10,699,rahu
2026-08-11 01:22:37,0638762221,10,499,rahu
2026-08-11 01:22:37,0956799966,10,999,naga
2026-08-11 01:22:37,0956711616,10,899,ajchang
2026-08-11 01:22:37,0849755567,10,499,ajchang
2026-08-11 01:22:37,0959355567,10,499,ajchang
2026-08-11 01:22:37,0956055567,10,499,ajchang
2026-08-11 01:22:41,0954311110,14,899,universal,
2026-08-11 01:22:41,0956733334,14,899,universal,
2026-08-11 01:22:41,0643213338,14,499,rahu,
2026-08-11 01:22:41,0889121234,14,899,rahu,NEW
2026-08-11 01:22:41,0963455552,14,899,ajchang,
2026-08-11 01:22:41,0962345552,14,899,ajchang,
2026-08-11 01:22:41,0957654442,14,499,emperor,
2026-08-11 01:22:41,0957654222,14,499,emperor,
2026-08-11 01:22:41,0963456661,14,499,emperor,
2026-08-11 01:22:41,0967654446,14,499,emperor,
2026-08-11 01:22:41,0967678444,13,699,universal,
2026-08-11 01:22:41,0953533338,13,1199,rahu,
2026-08-11 01:22:41,0832138000,13,699,rahu,
2026-08-11 01:22:41,0820765000,13,499,rahu,
2026-08-11 01:22:41,0963232111,13,599,ajchang,
2026-08-11 01:22:41,0955743456,11,699,universal,
2026-08-11 01:22:41,0961433456,11,699,universal,
2026-08-11 01:22:41,0955611234,11,699,universal,
2026-08-11 01:22:41,0826511234,11,899,rahu,NEW
2026-08-11 01:22:41,0832010123,11,699,rahu,
2026-08-11 01:22:41,0963383456,11,899,rahu,
2026-08-11 01:22:41,0938266789,11,899,rahu,NEW
2026-08-11 01:22:41,0837733456,11,499,rahu,
2026-08-11 01:22:41,0969123434,11,699,naga,
2026-08-11 01:22:41,0967654422,11,499,emperor,
2026-08-11 01:22:41,0957654646,11,499,emperor,
2026-08-11 01:22:41,0953456822,11,499,emperor,
2026-08-11 01:22:41,0967654646,11,499,emperor,
2026-08-11 01:22:41,0957654466,11,499,emperor,
2026-08-11 01:22:41,0967654224,11,499,emperor,
2026-08-11 01:22:41,0967654664,11,499,emperor,
2026-08-11 01:22:41,0953622227,10,899,universal,
2026-08-11 01:22:41,0952300006,10,899,universal,
2026-08-11 01:22:41,0917245666,10,699,universal,
2026-08-11 01:22:41,0963451444,10,699,universal,
2026-08-11 01:22:41,0956754445,10,899,universal,
2026-08-11 01:22:41,0951755551,10,899,universal,
2026-08-11 01:22:41,0825855559,10,1199,universal,
2026-08-11 01:22:41,0832128666,10,699,universal,
2026-08-11 01:22:41,0855545694,10,1199,universal,
2026-08-11 01:22:41,0918432888,10,699,universal,
2026-08-11 01:22:41,0957567444,10,699,universal,
2026-08-11 01:22:41,0962600003,10,899,universal,
2026-08-11 01:22:41,0954722225,10,899,universal,
2026-08-11 01:22:41,0956766161,10,899,universal,
2026-08-11 01:22:41,0961755554,10,899,universal,
2026-08-11 01:22:41,0957277773,10,1199,universal,
2026-08-11 01:22:41,0956796333,10,699,universal,
2026-08-11 01:22:41,0955311118,10,899,universal,
2026-08-11 01:22:41,0963722224,10,899,universal,
2026-08-11 01:22:41,0962344464,10,899,universal,
2026-08-11 01:22:41,0658976555,10,699,universal,
2026-08-11 01:22:41,0962700005,10,899,universal,
2026-08-11 01:22:41,0955700003,10,899,universal,
2026-08-11 01:22:41,0957500009,10,899,universal,
2026-08-11 01:22:41,0961344447,10,899,universal,
2026-08-11 01:22:41,0962744440,10,899,universal,
2026-08-11 01:22:41,0966612387,10,699,rahu,
2026-08-11 01:22:41,0967833361,10,699,rahu,NEW
2026-08-11 01:22:41,0957833337,10,1199,rahu,
2026-08-11 01:22:41,0825430222,10,499,rahu,
2026-08-11 01:22:41,0858032111,10,699,rahu,
2026-08-11 01:22:41,0826781117,10,499,rahu,
2026-08-11 01:22:41,0825438886,10,899,rahu,
2026-08-11 01:22:41,0826321114,10,499,rahu,
2026-08-11 01:22:41,0966783331,10,899,rahu,
2026-08-11 01:22:41,0826540777,10,499,rahu,
2026-08-11 01:22:41,0958322228,10,1199,rahu,
2026-08-11 01:22:41,0658087666,10,499,rahu,
2026-08-11 01:22:41,0958761888,10,899,rahu,
2026-08-11 01:22:41,0967100008,10,499,rahu,
2026-08-11 01:22:41,0832150444,10,499,rahu,
2026-08-11 01:22:41,0829321444,10,499,rahu,
2026-08-11 01:22:41,0958032111,10,499,rahu,
2026-08-11 01:22:41,0968755558,10,1199,rahu,
2026-08-11 01:22:41,0957177774,10,1199,khanthep,
2026-08-11 01:22:41,0962533339,10,999,naga,
2026-08-11 01:22:41,0963219666,10,699,naga,
2026-08-11 01:22:41,0956797333,10,699,naga,
2026-08-11 01:22:41,0956433339,10,999,naga,
2026-08-11 01:22:41,0957659777,10,699,naga,
2026-08-11 01:22:41,0956749777,10,699,naga,
2026-08-11 01:22:41,0953100009,10,999,naga,
2026-08-11 01:22:41,0955679333,10,699,naga,
2026-08-11 01:22:41,0963677779,10,999,naga,
2026-08-11 01:22:41,0956729222,10,999,naga,
2026-08-11 01:22:41,0966711119,10,999,naga,
2026-08-11 01:22:41,0954369222,10,699,naga,
2026-08-11 01:22:41,0956719111,10,999,naga,
2026-08-11 01:22:41,0954133339,10,999,naga,
2026-08-11 01:22:41,0953214999,10,699,naga,
2026-08-11 01:22:41,0963766669,10,999,naga,
2026-08-11 01:22:41,0954319333,10,699,naga,
2026-08-11 01:22:41,0956300009,10,999,naga,
2026-08-11 01:22:41,0967871114,10,1199,ajchang,
2026-08-11 01:22:41,0963755551,10,899,ajchang,
2026-08-11 01:22:41,0955765252,10,899,ajchang,
2026-08-11 01:22:41,0967456999,10,899,ajchang,
2026-08-11 01:22:41,0962745666,10,899,ajchang,
2026-08-11 01:22:41,0956476555,10,599,ajchang,
2026-08-11 01:22:41,0962511114,10,1999,ajchang,
2026-08-11 01:22:41,0961211115,10,1999,ajchang,
2026-08-11 01:22:41,0956546111,10,1699,ajchang,
2026-08-11 01:22:41,0967122225,10,1499,ajchang,
2026-08-11 01:22:41,0967858588,10,1499,ajchang,
2026-08-11 01:22:41,0962788882,10,899,ajchang,
2026-08-11 01:22:41,0955311112,10,899,ajchang,
2026-08-11 01:22:41,0955766662,10,899,ajchang,
2026-08-11 01:22:41,0956711222,10,899,ajchang,
2026-08-11 01:22:41,0951434555,10,599,ajchang,
2026-08-11 01:22:41,0955543381,10,499,ajchang,
2026-08-11 01:22:41,0834511187,10,499,ajchang,
2026-08-11 01:22:41,0955567738,10,499,ajchang,
2026-08-11 01:22:41,0956211119,10,1999,ajchang,
2026-08-11 01:22:41,0956766111,10,899,ajchang,
2026-08-11 01:22:41,0954314666,10,899,ajchang,
2026-08-11 01:22:41,0967345444,10,899,ajchang,
2026-08-11 01:22:41,0966765151,10,899,ajchang,
2026-08-11 01:22:41,0961765999,10,899,ajchang,
2026-08-11 01:22:41,0963211169,10,899,ajchang,
2026-08-11 01:22:41,0955567311,10,499,ajchang,
2026-08-11 01:22:41,0855543947,10,499,ajchang,
2026-08-11 01:22:41,0957651119,10,499,emperor,
2026-08-11 01:22:41,0953459111,10,499,emperor,
2026-08-11 01:22:41,0954344462,10,499,emperor,
2026-08-11 01:22:41,0954344426,10,499,emperor,
2026-08-11 01:22:41,0963165444,10,499,emperor,
2026-08-11 01:22:41,0967816664,10,499,emperor,
2026-08-11 01:22:41,0954311165,10,499,emperor,
2026-08-11 01:22:41,0953459222,10,499,emperor,
2026-08-11 01:22:41,0953211159,10,499,emperor,
2026-08-11 01:22:43,0955545677,14,699,universal,
2026-08-11 01:22:43,0966544440,14,1499,universal,
2026-08-11 01:22:43,0967654446,14,499,emperor,
2026-08-11 01:22:43,0957654442,14,499,emperor,
2026-08-11 01:22:43,0967825000,13,499,rahu,
2026-08-11 01:22:43,0956543344,11,899,universal,
2026-08-11 01:22:43,0834944567,11,499,rahu,
2026-08-11 01:22:43,0825511234,11,899,rahu,
2026-08-11 01:22:43,0953456822,11,499,emperor,
2026-08-11 01:22:43,0957654646,11,499,emperor,
2026-08-11 01:22:43,0967654422,11,499,emperor,
2026-08-11 01:22:43,0967654224,11,499,emperor,
2026-08-11 01:22:43,0954154333,10,699,universal,
2026-08-11 01:22:43,0956768555,10,699,universal,
2026-08-11 01:22:43,0953611115,10,899,universal,
2026-08-11 01:22:43,0951377770,10,899,universal,
2026-08-11 01:22:43,0646321888,10,699,universal,
2026-08-11 01:22:43,0953477773,10,899,universal,
2026-08-11 01:22:43,0956761222,10,699,universal,
2026-08-11 01:22:43,0955100007,10,899,universal,
2026-08-11 01:22:43,0963567222,10,699,universal,
2026-08-11 01:22:43,0965461115,10,699,universal,
2026-08-11 01:22:43,0952432333,10,899,universal,
2026-08-11 01:22:43,0832132444,10,499,rahu,
2026-08-11 01:22:43,0967822292,10,1199,rahu,
2026-08-11 01:22:43,0645658333,10,899,rahu,
2026-08-11 01:22:43,0962511117,10,1199,khanthep,
2026-08-11 01:22:43,0956729222,10,999,naga,
2026-08-11 01:22:43,0954399111,10,999,naga,
2026-08-11 01:22:43,0963700009,10,999,naga,
2026-08-11 01:22:43,0961700009,10,999,naga,
2026-08-11 01:22:43,0961711119,10,999,naga,
2026-08-11 01:22:43,0954543993,10,699,naga,
2026-08-11 01:22:43,0963144449,10,999,naga,
2026-08-11 01:22:43,0967155551,10,1999,ajchang,
2026-08-11 01:22:43,0961288883,10,1999,ajchang,
2026-08-11 01:22:43,0965461114,10,1699,ajchang,
2026-08-11 01:22:43,0955439111,10,899,ajchang,
2026-08-11 01:22:43,0956744466,10,899,ajchang,
2026-08-11 01:22:43,0839188876,10,499,ajchang,
2026-08-11 01:22:43,0956711158,10,499,ajchang,
2026-08-11 01:22:43,0955543671,10,499,ajchang,
2026-08-11 01:22:43,0953211159,10,499,emperor,
2026-08-11 01:22:43,0957651119,10,499,emperor,
2026-08-11 01:22:43,0967816664,10,499,emperor,
2026-08-11 01:22:47,0962345552,14,899,ajchang
2026-08-11 01:22:47,0964123443,11,699,universal
2026-08-11 01:22:47,0858594567,11,699,rahu
2026-08-11 01:22:47,0834563323,11,499,rahu
2026-08-11 01:22:47,0956746111,10,699,universal
2026-08-11 01:22:47,0956763777,10,699,universal
2026-08-11 01:22:47,0957234666,10,699,universal
2026-08-11 01:22:47,0951722226,10,899,universal
2026-08-11 01:22:47,0956567755,10,699,universal
2026-08-11 01:22:47,0967244440,10,899,universal
2026-08-11 01:22:47,0956795888,10,699,universal
2026-08-11 01:22:47,0967820666,10,499,rahu
2026-08-11 01:22:47,0961678885,10,499,rahu
2026-08-11 01:22:47,0643453338,10,499,rahu
2026-08-11 01:22:47,0832165333,10,499,rahu
2026-08-11 01:22:47,0829312333,10,899,rahu
2026-08-11 01:22:47,0967466664,10,1199,khanthep
2026-08-11 01:22:47,0966643251,10,699,khanthep
2026-08-11 01:22:47,0963987778,10,1199,khanthep
2026-08-11 01:22:47,0957659777,10,699,naga
2026-08-11 01:22:47,0967133339,10,999,naga
2026-08-11 01:22:47,0967858588,10,1499,ajchang
2026-08-11 01:22:47,0967871114,10,1199,ajchang
2026-08-11 01:22:47,0962788885,10,899,ajchang
2026-08-11 01:22:47,0967345444,10,899,ajchang
2026-08-11 01:22:47,0962321666,10,899,ajchang
2026-08-11 01:22:47,0956755151,10,899,ajchang
2026-08-11 01:22:47,0953211161,10,899,ajchang
2026-08-11 01:22:47,0963134555,10,599,ajchang
2026-08-11 01:22:47,0836122234,10,499,ajchang
2026-08-11 01:22:47,0855567400,10,499,ajchang
2026-08-11 01:22:47,0836844456,10,499,ajchang
2026-08-11 01:22:47,0955560121,10,499,ajchang
2026-08-11 01:22:55,0957654222,14,499,emperor,
2026-08-11 01:22:55,0963456661,14,499,emperor,
2026-08-11 01:22:55,0963633335,13,1199,universal,
2026-08-11 01:22:55,0646987000,13,699,universal,
2026-08-11 01:22:55,0829595000,12,499,rahu,
2026-08-11 01:22:55,0957233456,11,699,universal,
2026-08-11 01:22:55,0967654664,11,499,emperor,
2026-08-11 01:22:55,0967654224,11,499,emperor,
2026-08-11 01:22:55,0957654646,11,499,emperor,
2026-08-11 01:22:55,0967654422,11,499,emperor,
2026-08-11 01:22:55,0973455566,10,899,universal,
2026-08-11 01:22:55,0956545777,10,699,universal,
2026-08-11 01:22:55,0954319666,10,699,universal,
2026-08-11 01:22:55,0841987444,10,1199,universal,
2026-08-11 01:22:55,0820965444,10,899,universal,
2026-08-11 01:22:55,0955676222,10,699,universal,
2026-08-11 01:22:55,0952543336,10,699,universal,
2026-08-11 01:22:55,0954177772,10,899,universal,
2026-08-11 01:22:55,0957356777,10,699,universal,
2026-08-11 01:22:55,0644654888,10,699,universal,
2026-08-11 01:22:55,0955122221,10,1199,universal,
2026-08-11 01:22:55,0826540777,10,499,rahu,
2026-08-11 01:22:55,0968700005,10,499,rahu,
2026-08-11 01:22:55,0951432228,10,899,rahu,
2026-08-11 01:22:55,0938761114,10,499,rahu,
2026-08-11 01:22:55,0953458885,10,499,rahu,
2026-08-11 01:22:55,0963533338,10,1199,khanthep,
2026-08-11 01:22:55,0967533339,10,999,naga,
2026-08-11 01:22:55,0967299994,10,999,naga,
2026-08-11 01:22:55,0955515679,10,999,naga,
2026-08-11 01:22:55,0967599992,10,999,naga,
2026-08-11 01:22:55,0954369111,10,699,naga,
2026-08-11 01:22:55,0963765559,10,699,naga,
2026-08-11 01:22:55,0957288886,10,899,ajchang,
2026-08-11 01:22:55,0963211919,10,899,ajchang,
2026-08-11 01:22:55,0955711116,10,899,ajchang,
2026-08-11 01:22:55,0961366661,10,899,ajchang,
2026-08-11 01:22:55,0956756111,10,899,ajchang,
2026-08-11 01:22:55,0966755556,10,899,ajchang,
2026-08-11 01:22:55,0838244432,10,499,ajchang,
2026-08-11 01:22:55,0644483218,10,499,ajchang,
2026-08-11 01:22:55,0802911123,10,499,ajchang,
2026-08-11 01:22:55,0957651119,10,499,emperor,
2026-08-11 01:22:55,0954344426,10,499,emperor,
2026-08-11 01:22:55,0954311165,10,499,emperor,
2026-08-11 01:22:55,0954344462,10,499,emperor,
2026-08-11 01:22:58,0956543332,14,699,universal
2026-08-11 01:22:58,0832146000,13,499,rahu
2026-08-11 01:22:58,0957711234,11,699,universal
2026-08-11 01:22:58,0834565511,11,499,rahu
2026-08-11 01:22:58,0956739666,10,699,universal
2026-08-11 01:22:58,0956500004,10,899,universal
2026-08-11 01:22:58,0961256777,10,699,universal
2026-08-11 01:22:58,0956733131,10,899,universal
2026-08-11 01:22:58,0967657444,10,699,universal
2026-08-11 01:22:58,0956713111,10,899,universal
2026-08-11 01:22:58,0841456444,10,1199,universal
2026-08-11 01:22:58,0957433337,10,899,universal
2026-08-11 01:22:58,0963433337,10,1199,universal
2026-08-11 01:22:58,0832566661,10,1199,universal
2026-08-11 01:22:58,0967133335,10,899,universal
2026-08-11 01:22:58,0953211919,10,999,naga
2026-08-11 01:22:58,0963200009,10,999,naga
2026-08-11 01:22:58,0957433339,10,999,naga
2026-08-11 01:22:58,0956739111,10,699,naga
2026-08-11 01:22:58,0964122226,10,1999,ajchang
2026-08-11 01:22:58,0954622221,10,1999,ajchang
2026-08-11 01:22:58,0957144442,10,1499,ajchang
2026-08-11 01:22:58,0963211121,10,899,ajchang
2026-08-11 01:22:58,0963455508,10,499,ajchang
2026-08-11 01:22:58,0938744432,10,499,ajchang
2026-08-11 01:22:58,0855567215,10,499,ajchang
2026-08-11 01:23:06,0954323222,17,1199,universal,
2026-08-11 01:23:06,0954322777,14,899,universal,
2026-08-11 01:23:06,0957654222,14,499,emperor,
2026-08-11 01:23:06,0803012000,13,499,rahu,
2026-08-11 01:23:06,0858654000,13,699,rahu,
2026-08-11 01:23:06,0966733456,11,699,universal,
2026-08-11 01:23:06,0838544567,11,699,rahu,
2026-08-11 01:23:06,0953456822,11,499,emperor,
2026-08-11 01:23:06,0967654224,11,499,emperor,
2026-08-11 01:23:06,0957654646,11,499,emperor,
2026-08-11 01:23:06,0966723444,10,699,universal,
2026-08-11 01:23:06,0955567772,10,699,universal,
2026-08-11 01:23:06,0963211666,10,899,universal,
2026-08-11 01:23:06,0956344440,10,899,universal,
2026-08-11 01:23:06,0953422225,10,899,universal,
2026-08-11 01:23:06,0957754343,10,699,universal,
2026-08-11 01:23:06,0967232111,10,699,universal,
2026-08-11 01:23:06,0963733334,10,1199,universal,
2026-08-11 01:23:06,0954369222,10,699,universal,
2026-08-11 01:23:06,0957651777,10,699,universal,
2026-08-11 01:23:06,0953214666,10,699,universal,
2026-08-11 01:23:06,0954765333,10,699,universal,
2026-08-11 01:23:06,0962877772,10,1199,rahu,
2026-08-11 01:23:06,0955438887,10,499,rahu,
2026-08-11 01:23:06,0825438886,10,899,rahu,
2026-08-11 01:23:06,0952533336,10,1199,khanthep,
2026-08-11 01:23:06,0956799973,10,999,naga,
2026-08-11 01:23:06,0956755579,10,999,naga,
2026-08-11 01:23:06,0956744499,10,999,naga,
2026-08-11 01:23:06,0956794777,10,699,naga,
2026-08-11 01:23:06,0955679333,10,699,naga,
2026-08-11 01:23:06,0961344441,10,899,ajchang,
2026-08-11 01:23:06,0957355552,10,899,ajchang,
2026-08-11 01:23:06,0954311165,10,899,ajchang,
2026-08-11 01:23:06,0961755551,10,899,ajchang,
2026-08-11 01:23:06,0967134555,10,599,ajchang,
2026-08-11 01:23:06,0832344478,10,499,ajchang,
2026-08-11 01:23:06,0967816664,10,499,emperor,
2026-08-11 01:23:06,0954344426,10,499,emperor,
2026-08-11 01:23:06,0967456999,10,499,emperor,
2026-08-11 01:23:06,0963165444,10,499,emperor,
2026-08-11 01:23:06,0957651119,10,499,emperor,
2026-08-11 01:23:06,0957645666,10,499,emperor,
2026-08-11 01:23:06,0953211159,10,499,emperor,
2026-08-11 01:23:08,0953123444,14,699,universal,
2026-08-11 01:23:08,0956744447,14,1199,universal,
2026-08-11 01:23:08,0954329222,14,899,universal,
2026-08-11 01:23:08,0963211110,14,899,universal,
2026-08-11 01:23:08,0838765553,14,899,rahu,
2026-08-11 01:23:08,0956733339,14,999,naga,
2026-08-11 01:23:08,0953211119,14,999,naga,
2026-08-11 01:23:08,0957654442,14,899,ajchang,
2026-08-11 01:23:08,0958766668,14,899,ajchang,
2026-08-11 01:23:08,0963456661,14,499,emperor,
2026-08-11 01:23:08,0967654446,14,499,emperor,
2026-08-11 01:23:08,0968769000,13,699,universal,
2026-08-11 01:23:08,0954373777,13,1199,universal,
2026-08-11 01:23:08,0820765000,13,499,rahu,
2026-08-11 01:23:08,0858768000,13,699,rahu,
2026-08-11 01:23:08,0834721000,13,499,rahu,
2026-08-11 01:23:08,0909188876,13,499,ajchang,
2026-08-11 01:23:08,0968606000,12,499,rahu,
2026-08-11 01:23:08,0962722345,11,699,universal,
2026-08-11 01:23:08,0967654664,11,699,universal,
2026-08-11 01:23:08,0954323366,11,699,universal,
2026-08-11 01:23:08,0959583456,11,899,rahu,NEW
2026-08-11 01:23:08,0838876789,11,899,rahu,NEW
2026-08-11 01:23:08,0858571234,11,899,rahu,NEW
2026-08-11 01:23:08,0825311234,11,899,rahu,NEW
2026-08-11 01:23:08,0644386789,11,499,rahu,NEW
2026-08-11 01:23:08,0886281234,11,899,rahu,NEW
2026-08-11 01:23:08,0955345679,11,999,naga,
2026-08-11 01:23:08,0951432119,11,599,ajchang,
2026-08-11 01:23:08,0957654646,11,499,emperor,
2026-08-11 01:23:08,0957654466,11,499,emperor,
2026-08-11 01:23:08,0953456822,11,499,emperor,
2026-08-11 01:23:08,0967654646,11,499,emperor,
2026-08-11 01:23:08,0967654422,11,499,emperor,
2026-08-11 01:23:08,0967654224,11,499,emperor,
2026-08-11 01:23:08,0961288887,10,899,universal,
2026-08-11 01:23:08,0957411117,10,899,universal,
2026-08-11 01:23:08,0952344222,10,899,universal,NEW
2026-08-11 01:23:08,0956733666,10,899,universal,
2026-08-11 01:23:08,0954765222,10,699,universal,
2026-08-11 01:23:08,0967643222,10,699,universal,
2026-08-11 01:23:08,0956767733,10,899,universal,
2026-08-11 01:23:08,0645321777,10,699,universal,
2026-08-11 01:23:08,0967299994,10,899,universal,
2026-08-11 01:23:08,0954358777,10,699,universal,
2026-08-11 01:23:08,0954277770,10,899,universal,
2026-08-11 01:23:08,0962755550,10,899,universal,
2026-08-11 01:23:08,0842644447,10,1499,universal,
2026-08-11 01:23:08,0954356555,10,899,universal,
2026-08-11 01:23:08,0956311112,10,899,universal,
2026-08-11 01:23:08,0834594666,10,899,universal,
2026-08-11 01:23:08,0645619444,10,1499,universal,
2026-08-11 01:23:08,0961766660,10,899,universal,
2026-08-11 01:23:08,0954266660,10,899,universal,
2026-08-11 01:23:08,0956544471,10,1199,universal,
2026-08-11 01:23:08,0963215222,10,699,universal,
2026-08-11 01:23:08,0961322221,10,899,universal,
2026-08-11 01:23:08,0845045666,10,899,universal,
2026-08-11 01:23:08,0954397666,10,699,universal,
2026-08-11 01:23:08,0838678666,10,699,universal,
2026-08-11 01:23:08,0967833344,10,899,universal,
2026-08-11 01:23:08,0967835553,10,899,universal,
2026-08-11 01:23:08,0953234111,10,699,universal,
2026-08-11 01:23:08,0961433334,10,1199,universal,
2026-08-11 01:23:08,0967858588,10,1199,universal,
2026-08-11 01:23:08,0825012777,10,699,rahu,
2026-08-11 01:23:08,0958123339,10,899,rahu,
2026-08-11 01:23:08,0825134555,10,499,rahu,
2026-08-11 01:23:08,0820987770,10,499,rahu,
2026-08-11 01:23:08,0963455585,10,499,rahu,
2026-08-11 01:23:08,0886301222,10,499,rahu,
2026-08-11 01:23:08,0967878892,10,699,rahu,
2026-08-11 01:23:08,0958987776,10,499,rahu,
2026-08-11 01:23:08,0957477778,10,1199,rahu,
2026-08-11 01:23:08,0803218222,10,499,rahu,
2026-08-11 01:23:08,0951432228,10,899,rahu,
2026-08-11 01:23:08,0968700005,10,499,rahu,
2026-08-11 01:23:08,0955177778,10,1199,khanthep,
2026-08-11 01:23:08,0956388883,10,1199,khanthep,
2026-08-11 01:23:08,0961711116,10,1199,khanthep,
2026-08-11 01:23:08,0966632178,10,699,khanthep,
2026-08-11 01:23:08,0952533336,10,1199,khanthep,
2026-08-11 01:23:08,0952533338,10,1199,khanthep,
2026-08-11 01:23:08,0963987778,10,1199,khanthep,
2026-08-11 01:23:08,0956729333,10,699,naga,
2026-08-11 01:23:08,0967299993,10,999,naga,
2026-08-11 01:23:08,0956759222,10,699,naga,
2026-08-11 01:23:08,0954393111,10,699,naga,
2026-08-11 01:23:08,0952411119,10,999,naga,
2026-08-11 01:23:08,0954393555,10,699,naga,
2026-08-11 01:23:08,0967600009,10,999,naga,
2026-08-11 01:23:08,0956791777,10,699,naga,
2026-08-11 01:23:08,0957433339,10,999,naga,
2026-08-11 01:23:08,0956739777,10,699,naga,
2026-08-11 01:23:08,0956739111,10,699,naga,
2026-08-11 01:23:08,0963733339,10,999,naga,
2026-08-11 01:23:08,0953822229,10,999,naga,
2026-08-11 01:23:08,0955122225,10,1999,ajchang,
2026-08-11 01:23:08,0962522221,10,1999,ajchang,
2026-08-11 01:23:08,0958322228,10,899,ajchang,
2026-08-11 01:23:08,0963211222,10,899,ajchang,
2026-08-11 01:23:08,0956744464,10,899,ajchang,
2026-08-11 01:23:08,0956711142,10,899,ajchang,
2026-08-11 01:23:08,0953458885,10,899,ajchang,
2026-08-11 01:23:08,0820122247,10,499,ajchang,
2026-08-11 01:23:08,0956711158,10,499,ajchang,
2026-08-11 01:23:08,0955611117,10,1999,ajchang,
2026-08-11 01:23:08,0961456222,10,1699,ajchang,
2026-08-11 01:23:08,0957144442,10,1499,ajchang,
2026-08-11 01:23:08,0954722229,10,899,ajchang,
2026-08-11 01:23:08,0961232444,10,599,ajchang,
2026-08-11 01:23:08,0959022210,10,499,ajchang,
2026-08-11 01:23:08,0951588876,10,499,ajchang,
2026-08-11 01:23:08,0967155551,10,1999,ajchang,
2026-08-11 01:23:08,0967422228,10,899,ajchang,
2026-08-11 01:23:08,0963455111,10,899,ajchang,
2026-08-11 01:23:08,0956711150,10,499,ajchang,
2026-08-11 01:23:08,0959311123,10,499,ajchang,
2026-08-11 01:23:08,0955567093,10,499,ajchang,
2026-08-11 01:23:08,0645911123,10,499,ajchang,
2026-08-11 01:23:08,0967456999,10,499,emperor,
2026-08-11 01:23:08,0953211159,10,499,emperor,
2026-08-11 01:23:08,0957651119,10,499,emperor,
2026-08-11 01:23:08,0957645666,10,499,emperor,
2026-08-11 01:23:08,0954344462,10,499,emperor,
2026-08-11 01:23:08,0963165444,10,499,emperor,
2026-08-11 01:23:08,0954311165,10,499,emperor,
2026-08-11 01:23:08,0953459111,10,499,emperor,
2026-08-11 01:23:08,0967816664,10,499,emperor,
2026-08-11 01:23:08,0954344426,10,499,emperor,
2026-08-11 01:23:09,0802511234,11,499,rahu
2026-08-11 01:23:09,0958761888,10,699,universal
2026-08-11 01:23:09,0954766667,10,1199,universal
2026-08-11 01:23:09,0955423444,10,699,universal
2026-08-11 01:23:09,0953217111,10,899,universal
2026-08-11 01:23:09,0967657222,10,699,universal
2026-08-11 01:23:09,0956746664,10,899,universal
2026-08-11 01:23:09,0965477787,10,899,universal
2026-08-11 01:23:09,0842455552,10,1499,universal
2026-08-11 01:23:09,0835123888,10,899,rahu
2026-08-11 01:23:09,0834536777,10,499,rahu
2026-08-11 01:23:09,0826782220,10,699,rahu
2026-08-11 01:23:09,0967833222,10,1199,rahu
2026-08-11 01:23:09,0962876222,10,899,rahu
2026-08-11 01:23:09,0953212229,10,999,naga
2026-08-11 01:23:09,0951700009,10,999,naga
2026-08-11 01:23:09,0963677779,10,999,naga
2026-08-11 01:23:09,0967144448,10,1499,ajchang
2026-08-11 01:23:09,0966722226,10,899,ajchang
2026-08-11 01:23:09,0956765222,10,899,ajchang
2026-08-11 01:23:09,0803455594,10,499,ajchang
2026-08-11 01:23:17,0812344472,14,499,ajchang,
2026-08-11 01:23:17,0957654222,14,499,emperor,
2026-08-11 01:23:17,0957654442,14,499,emperor,
2026-08-11 01:23:17,0967654446,14,499,emperor,
2026-08-11 01:23:17,0858566668,13,899,universal,
2026-08-11 01:23:17,0837121000,13,699,rahu,
2026-08-11 01:23:17,0954543339,13,699,naga,
2026-08-11 01:23:17,0838389000,12,699,rahu,
2026-08-11 01:23:17,0963411234,11,699,universal,
2026-08-11 01:23:17,0967654343,11,699,universal,
2026-08-11 01:23:17,0838833456,11,899,rahu,
2026-08-11 01:23:17,0996789412,11,499,rahu,NEW
2026-08-11 01:23:17,0953456822,11,499,emperor,
2026-08-11 01:23:17,0967654664,11,499,emperor,
2026-08-11 01:23:17,0957654466,11,499,emperor,
2026-08-11 01:23:17,0967654422,11,499,emperor,
2026-08-11 01:23:17,0953833336,10,1199,universal,
2026-08-11 01:23:17,0961233434,10,899,universal,
2026-08-11 01:23:17,0954362777,10,699,universal,
2026-08-11 01:23:17,0966477771,10,899,universal,
2026-08-11 01:23:17,0958366662,10,1199,universal,
2026-08-11 01:23:17,0963412333,10,699,universal,
2026-08-11 01:23:17,0841176555,10,699,universal,
2026-08-11 01:23:17,0955675444,10,699,universal,
2026-08-11 01:23:17,0966733331,10,899,universal,
2026-08-11 01:23:17,0962733336,10,899,universal,
2026-08-11 01:23:17,0829544447,10,1699,universal,
2026-08-11 01:23:17,0954433339,10,1199,universal,
2026-08-11 01:23:17,0967816664,10,899,rahu,
2026-08-11 01:23:17,0966639871,10,699,rahu,
2026-08-11 01:23:17,0834507333,10,499,rahu,
2026-08-11 01:23:17,0968543335,10,499,rahu,
2026-08-11 01:23:17,0834508777,10,499,rahu,
2026-08-11 01:23:17,0968511110,10,499,rahu,
2026-08-11 01:23:17,0643123338,10,899,rahu,
2026-08-11 01:23:17,0955512382,10,699,khanthep,
2026-08-11 01:23:17,0967878892,10,699,khanthep,
2026-08-11 01:23:17,0963219666,10,699,naga,
2026-08-11 01:23:17,0954543399,10,699,naga,
2026-08-11 01:23:17,0954391555,10,699,naga,
2026-08-11 01:23:17,0956755579,10,999,naga,
2026-08-11 01:23:17,0966546111,10,1699,ajchang,
2026-08-11 01:23:17,0967144448,10,1499,ajchang,
2026-08-11 01:23:17,0952744446,10,899,ajchang,
2026-08-11 01:23:17,0967366664,10,899,ajchang,
2026-08-11 01:23:17,0959022210,10,499,ajchang,
2026-08-11 01:23:17,0955587674,10,499,ajchang,
2026-08-11 01:23:17,0953211135,10,499,ajchang,
2026-08-11 01:23:17,0643455586,10,499,ajchang,
2026-08-11 01:23:17,0953211159,10,499,emperor,
2026-08-11 01:23:17,0954344462,10,499,emperor,
2026-08-11 01:23:17,0953459111,10,499,emperor,
2026-08-11 01:23:17,0967456999,10,499,emperor,
2026-08-11 01:23:17,0954344426,10,499,emperor,
2026-08-11 01:23:17,0963165444,10,499,emperor,
2026-08-11 01:23:17,0957651119,10,499,emperor,
2026-08-11 01:23:19,0954329777,14,699,naga
2026-08-11 01:23:19,0962345511,11,699,universal
2026-08-11 01:23:19,0837511234,11,899,rahu
2026-08-11 01:23:19,0838266789,11,899,rahu
2026-08-11 01:23:19,0966543579,11,699,naga
2026-08-11 01:23:19,0658762666,10,899,universal
2026-08-11 01:23:19,0961233373,10,899,universal
2026-08-11 01:23:19,0967244441,10,899,universal
2026-08-11 01:23:19,0952600003,10,899,universal
2026-08-11 01:23:19,0967411117,10,899,universal
2026-08-11 01:23:19,0959355551,10,1699,universal
2026-08-11 01:23:19,0961733331,10,899,universal
2026-08-11 01:23:19,0955512387,10,699,rahu
2026-08-11 01:23:19,0832012444,10,699,rahu
2026-08-11 01:23:19,0839822234,10,699,rahu
2026-08-11 01:23:19,0957166663,10,1199,khanthep
2026-08-11 01:23:19,0961311119,10,999,naga
2026-08-11 01:23:19,0967155554,10,1499,ajchang
2026-08-11 01:23:19,0967722225,10,899,ajchang
2026-08-11 01:23:19,0956752666,10,899,ajchang
2026-08-11 01:23:19,0644487607,10,499,ajchang
2026-08-11 01:23:19,0855567065,10,499,ajchang
2026-08-11 01:23:19,0643255590,10,499,ajchang
2026-08-11 01:23:29,0964144567,11,699,universal
2026-08-11 01:23:29,0956782823,11,699,rahu
2026-08-11 01:23:29,0641321666,10,699,universal
2026-08-11 01:23:29,0829566669,10,1699,universal
2026-08-11 01:23:29,0953633334,10,1199,universal
2026-08-11 01:23:29,0956743334,10,899,universal
2026-08-11 01:23:29,0951366660,10,899,universal
2026-08-11 01:23:29,0886854333,10,499,rahu
2026-08-11 01:23:29,0832167111,10,499,rahu
2026-08-11 01:23:29,0954654111,10,1699,ajchang
2026-08-11 01:23:29,0957144445,10,1499,ajchang
2026-08-11 01:23:29,0963744441,10,899,ajchang
2026-08-11 01:23:29,0955675444,10,599,ajchang
2026-08-11 01:23:29,0962432666,10,599,ajchang
2026-08-11 01:23:29,0842344460,10,499,ajchang
2026-08-11 01:23:30,0956755556,14,899,ajchang,
2026-08-11 01:23:30,0967654446,14,499,emperor,
2026-08-11 01:23:30,0957654222,14,499,emperor,
2026-08-11 01:23:30,0957654442,14,499,emperor,
2026-08-11 01:23:30,0964144567,11,699,universal,
2026-08-11 01:23:30,0658711234,11,899,rahu,NEW
2026-08-11 01:23:30,0967654422,11,499,emperor,
2026-08-11 01:23:30,0967654646,11,499,emperor,
2026-08-11 01:23:30,0957654646,11,499,emperor,
2026-08-11 01:23:30,0967654224,11,499,emperor,
2026-08-11 01:23:30,0957654466,11,499,emperor,
2026-08-11 01:23:30,0838766644,10,899,universal,
2026-08-11 01:23:30,0964133337,10,899,universal,
2026-08-11 01:23:30,0957133334,10,899,universal,
2026-08-11 01:23:30,0955567772,10,699,universal,
2026-08-11 01:23:30,0961744443,10,899,universal,
2026-08-11 01:23:30,0961255551,10,899,universal,
2026-08-11 01:23:30,0956711171,10,1199,universal,
2026-08-11 01:23:30,0956726667,10,699,universal,
2026-08-11 01:23:30,0961533335,10,1199,universal,
2026-08-11 01:23:30,0965461115,10,699,universal,
2026-08-11 01:23:30,0953451777,10,699,universal,
2026-08-11 01:23:30,0957177776,10,1199,universal,
2026-08-11 01:23:30,0957165444,10,899,universal,
2026-08-11 01:23:30,0961432777,10,699,universal,
2026-08-11 01:23:30,0957543331,10,699,universal,
2026-08-11 01:23:30,0886699987,10,1199,universal,
2026-08-11 01:23:30,0956764666,10,899,universal,
2026-08-11 01:23:30,0961366661,10,899,universal,
2026-08-11 01:23:30,0820128555,10,699,rahu,
2026-08-11 01:23:30,0967872225,10,899,rahu,
2026-08-11 01:23:30,0838761112,10,899,rahu,
2026-08-11 01:23:30,0858760888,10,699,rahu,NEW
2026-08-11 01:23:30,0967422228,10,1199,khanthep,
2026-08-11 01:23:30,0961744447,10,1199,khanthep,
2026-08-11 01:23:30,0966654283,10,699,khanthep,
2026-08-11 01:23:30,0956759222,10,699,naga,
2026-08-11 01:23:30,0967277779,10,999,naga,
2026-08-11 01:23:30,0954349222,10,699,naga,
2026-08-11 01:23:30,0956749222,10,699,naga,
2026-08-11 01:23:30,0954700009,10,999,naga,
2026-08-11 01:23:30,0963765559,10,899,ajchang,
2026-08-11 01:23:30,0954315666,10,899,ajchang,
2026-08-11 01:23:30,0953766661,10,899,ajchang,
2026-08-11 01:23:30,0962766662,10,899,ajchang,
2026-08-11 01:23:30,0956321555,10,899,ajchang,
2026-08-11 01:23:30,0955543735,10,499,ajchang,
2026-08-11 01:23:30,0834611123,10,499,ajchang,
2026-08-11 01:23:30,0953211159,10,499,emperor,
2026-08-11 01:23:30,0953459111,10,499,emperor,
2026-08-11 01:23:30,0963165444,10,499,emperor,
2026-08-11 01:23:32,0967654666,14,699,universal,
2026-08-11 01:23:32,0954329222,14,999,naga,
2026-08-11 01:23:32,0957654222,14,899,ajchang,
2026-08-11 01:23:32,0967654446,14,499,emperor,
2026-08-11 01:23:32,0957654442,14,499,emperor,
2026-08-11 01:23:32,0963456661,14,499,emperor,
2026-08-11 01:23:32,0966876000,13,499,rahu,
2026-08-11 01:23:32,0638763000,13,499,rahu,
2026-08-11 01:23:32,0834587000,13,699,rahu,
2026-08-11 01:23:39,0954326222,14,899,ajchang
2026-08-11 01:23:39,0836123000,13,699,rahu
2026-08-11 01:23:39,0955678288,11,899,rahu
2026-08-11 01:23:39,0825678288,11,899,rahu
2026-08-11 01:23:39,0953266660,10,899,universal
2026-08-11 01:23:39,0967658555,10,899,universal
2026-08-11 01:23:39,0963255550,10,899,universal
2026-08-11 01:23:39,0967544449,10,899,universal
2026-08-11 01:23:39,0963654111,10,699,universal
2026-08-11 01:23:39,0956567557,10,699,universal
2026-08-11 01:23:39,0962433331,10,899,universal
2026-08-11 01:23:39,0961466668,10,499,rahu
2026-08-11 01:23:39,0967833737,10,1199,rahu
2026-08-11 01:23:39,0961388880,10,499,rahu
2026-08-11 01:23:39,0838762221,10,899,rahu
2026-08-11 01:23:39,0961633336,10,1199,khanthep
2026-08-11 01:23:39,0966632151,10,699,khanthep
2026-08-11 01:23:39,0961300009,10,999,naga
2026-08-11 01:23:39,0955300009,10,999,naga
2026-08-11 01:23:39,0956741222,10,899,ajchang
2026-08-11 01:23:41,0954329777,14,699,naga,
2026-08-11 01:23:41,0957654442,14,499,emperor,
2026-08-11 01:23:41,0963456661,14,499,emperor,
2026-08-11 01:23:41,0832138000,13,699,rahu,
2026-08-11 01:23:41,0886471234,11,499,rahu,NEW
2026-08-11 01:23:41,0918211234,11,899,rahu,NEW
2026-08-11 01:23:41,0838345679,11,699,rahu,
2026-08-11 01:23:41,0967654224,11,499,emperor,
2026-08-11 01:23:41,0967654664,11,499,emperor,
2026-08-11 01:23:41,0953456822,11,499,emperor,
2026-08-11 01:23:41,0957654466,11,499,emperor,
2026-08-11 01:23:41,0967654422,11,499,emperor,
2026-08-11 01:23:41,0953459222,10,699,universal,
2026-08-11 01:23:41,0963744446,10,899,universal,
2026-08-11 01:23:41,0957377774,10,1199,universal,
2026-08-11 01:23:41,0958488886,10,1199,universal,
2026-08-11 01:23:41,0956123111,10,699,universal,
2026-08-11 01:23:41,0967211116,10,899,universal,
2026-08-11 01:23:41,0958276555,10,699,universal,
2026-08-11 01:23:41,0961766662,10,899,universal,
2026-08-11 01:23:41,0968766621,10,699,rahu,
2026-08-11 01:23:41,0902678222,10,499,rahu,
2026-08-11 01:23:41,0839822234,10,699,rahu,
2026-08-11 01:23:41,0646812333,10,899,rahu,
2026-08-11 01:23:41,0829765551,10,499,rahu,
2026-08-11 01:23:41,0829587666,10,899,rahu,
2026-08-11 01:23:41,0967765558,10,499,rahu,
2026-08-11 01:23:41,0837890004,10,499,rahu,
2026-08-11 01:23:41,0961533336,10,1199,khanthep,
2026-08-11 01:23:41,0966642346,10,699,khanthep,
2026-08-11 01:23:41,0954399111,10,999,naga,
2026-08-11 01:23:41,0951633339,10,999,naga,
2026-08-11 01:23:41,0953411119,10,999,naga,
2026-08-11 01:23:41,0956797333,10,699,naga,
2026-08-11 01:23:41,0957133339,10,999,naga,
2026-08-11 01:23:41,0967871222,10,1199,ajchang,
2026-08-11 01:23:41,0963411119,10,899,ajchang,
2026-08-11 01:23:41,0963766661,10,899,ajchang,
2026-08-11 01:23:41,0956722666,10,899,ajchang,
2026-08-11 01:23:41,0952341444,10,899,ajchang,
2026-08-11 01:23:41,0855567400,10,499,ajchang,
2026-08-11 01:23:41,0644487601,10,499,ajchang,
2026-08-11 01:23:41,0963165444,10,499,emperor,
2026-08-11 01:23:41,0954344462,10,499,emperor,
2026-08-11 01:23:41,0967816664,10,499,emperor,
2026-08-11 01:23:41,0953211159,10,499,emperor,
2026-08-11 01:23:41,0967456999,10,499,emperor,
2026-08-11 01:23:41,0954311165,10,499,emperor,
2026-08-11 01:23:49,0962432111,14,699,universal
2026-08-11 01:23:49,0967829000,13,499,rahu
2026-08-11 01:23:49,0826234000,13,499,rahu
2026-08-11 01:23:49,0958811234,11,899,rahu
2026-08-11 01:23:49,0889611234,11,499,rahu
2026-08-11 01:23:49,0957365444,10,699,universal
2026-08-11 01:23:49,0954755556,10,899,universal
2026-08-11 01:23:49,0954372333,10,699,universal
2026-08-11 01:23:49,0855844449,10,899,universal
2026-08-11 01:23:49,0961211117,10,1199,universal
2026-08-11 01:23:49,0958987772,10,499,rahu
2026-08-11 01:23:49,0960121118,10,499,rahu
2026-08-11 01:23:49,0834589997,10,899,rahu
2026-08-11 01:23:49,0834210555,10,499,rahu
2026-08-11 01:23:49,0956796333,10,699,naga
2026-08-11 01:23:49,0956796777,10,699,naga
2026-08-11 01:23:49,0963211169,10,699,naga
2026-08-11 01:23:49,0953219333,10,699,naga
2026-08-11 01:23:49,0954399191,10,899,ajchang
2026-08-11 01:23:49,0963765666,10,899,ajchang
2026-08-11 01:23:49,0958762444,10,899,ajchang
2026-08-11 01:23:49,0966765111,10,899,ajchang
2026-08-11 01:23:49,0955567502,10,499,ajchang
2026-08-11 01:23:51,0963456661,14,499,emperor,
2026-08-11 01:23:51,0967654446,14,499,emperor,
2026-08-11 01:23:51,0957654222,14,499,emperor,
2026-08-11 01:23:51,0967836000,13,499,rahu,
2026-08-11 01:23:51,0803821000,13,699,rahu,
2026-08-11 01:23:51,0959532111,13,699,naga,
2026-08-11 01:23:51,0829010123,11,699,rahu,
2026-08-11 01:23:51,0938511234,11,899,rahu,NEW
2026-08-11 01:23:51,0826603456,11,499,rahu,NEW
2026-08-11 01:23:51,0957654646,11,899,ajchang,
2026-08-11 01:23:51,0967654664,11,499,emperor,
2026-08-11 01:23:51,0967654224,11,499,emperor,
2026-08-11 01:23:51,0954277771,10,899,universal,
2026-08-11 01:23:51,0967176555,10,699,universal,
2026-08-11 01:23:51,0966698796,10,899,universal,
2026-08-11 01:23:51,0825438555,10,699,universal,
2026-08-11 01:23:51,0956734222,10,699,universal,
2026-08-11 01:23:51,0962612333,10,699,universal,
2026-08-11 01:23:51,0953212444,10,699,universal,
2026-08-11 01:23:51,0953123111,10,699,universal,
2026-08-11 01:23:51,0959244447,10,1699,universal,
2026-08-11 01:23:51,0952311115,10,899,universal,
2026-08-11 01:23:51,0954314666,10,699,universal,
2026-08-11 01:23:51,0958543338,10,899,rahu,
2026-08-11 01:23:51,0968177772,10,499,rahu,
2026-08-11 01:23:51,0967815111,10,1199,rahu,
2026-08-11 01:23:51,0834325444,10,499,rahu,
2026-08-11 01:23:51,0968700005,10,499,rahu,
2026-08-11 01:23:51,0953654448,10,499,rahu,
2026-08-11 01:23:51,0938543666,10,899,rahu,
2026-08-11 01:23:51,0958355552,10,1199,khanthep,
2026-08-11 01:23:51,0963877774,10,1199,khanthep,
2026-08-11 01:23:51,0955177778,10,1199,khanthep,
2026-08-11 01:23:51,0953822225,10,1199,khanthep,
2026-08-11 01:23:51,0956744493,10,699,naga,
2026-08-11 01:23:51,0966744449,10,999,naga,
2026-08-11 01:23:51,0952700009,10,999,naga,
2026-08-11 01:23:51,0961233399,10,999,naga,
2026-08-11 01:23:51,0962349333,10,699,naga,
2026-08-11 01:23:51,0956799973,10,999,naga,
2026-08-11 01:23:51,0967733339,10,999,naga,
2026-08-11 01:23:51,0958366661,10,1999,ajchang,
2026-08-11 01:23:51,0961411112,10,1999,ajchang,
2026-08-11 01:23:51,0967722225,10,899,ajchang,
2026-08-11 01:23:51,0963451666,10,899,ajchang,
2026-08-11 01:23:51,0953766662,10,899,ajchang,
2026-08-11 01:23:51,0956766622,10,899,ajchang,
2026-08-11 01:23:51,0951366664,10,899,ajchang,
2026-08-11 01:23:51,0956724111,10,899,ajchang,
2026-08-11 01:23:51,0953458885,10,899,ajchang,
2026-08-11 01:23:51,0643455586,10,499,ajchang,
2026-08-11 01:23:51,0855590321,10,499,ajchang,
2026-08-11 01:23:51,0834522248,10,499,ajchang,
2026-08-11 01:23:51,0955509872,10,499,ajchang,
2026-08-11 01:23:51,0955543501,10,499,ajchang,
2026-08-11 01:23:51,0967816664,10,499,emperor,
2026-08-11 01:23:51,0967456999,10,499,emperor,
2026-08-11 01:23:51,0954311165,10,499,emperor,
2026-08-11 01:23:51,0953211159,10,499,emperor,
2026-08-11 01:23:51,0954344462,10,499,emperor,
2026-08-11 01:23:51,0963165444,10,499,emperor,
2026-08-11 01:23:56,0955432777,14,699,universal,
2026-08-11 01:23:56,0958765550,14,499,rahu,
2026-08-11 01:23:56,0956711114,14,899,ajchang,
2026-08-11 01:23:56,0961432111,14,599,ajchang,
2026-08-11 01:23:56,0953432111,14,599,ajchang,
2026-08-11 01:23:56,0957654222,14,899,ajchang,
2026-08-11 01:23:56,0967654446,14,499,emperor,
2026-08-11 01:23:56,0963456661,14,499,emperor,
2026-08-11 01:23:56,0832126000,13,699,rahu,
2026-08-11 01:23:56,0834545777,13,499,rahu,
2026-08-11 01:23:56,0909281000,12,499,rahu,
2026-08-11 01:23:59,0955543202,14,499,ajchang
2026-08-11 01:23:59,0803343210,11,499,rahu
2026-08-11 01:23:59,0825500123,11,699,rahu
2026-08-11 01:23:59,0829066789,11,499,rahu
2026-08-11 01:23:59,0918821234,11,899,rahu
2026-08-11 01:23:59,0962349333,10,699,universal
2026-08-11 01:23:59,0886544496,10,699,universal
2026-08-11 01:23:59,0967177772,10,1199,universal
2026-08-11 01:23:59,0956725666,10,699,universal
2026-08-11 01:23:59,0803939987,10,899,universal
2026-08-11 01:23:59,0954311141,10,899,universal
2026-08-11 01:23:59,0649234666,10,699,universal
2026-08-11 01:23:59,0646976555,10,699,universal
2026-08-11 01:23:59,0963154333,10,699,universal
2026-08-11 01:23:59,0962543666,10,699,universal
2026-08-11 01:23:59,0953217444,10,699,universal
2026-08-11 01:23:59,0963143222,10,699,universal
2026-08-11 01:23:59,0835210333,10,499,rahu
2026-08-11 01:23:59,0952411119,10,999,naga
2026-08-11 01:23:59,0957511119,10,999,naga
2026-08-11 01:23:59,0952433339,10,999,naga
2026-08-11 01:23:59,0955522103,10,499,ajchang
2026-08-11 01:24:03,0954366667,14,899,universal,
2026-08-11 01:24:03,0953211119,14,999,naga,
2026-08-11 01:24:03,0956788840,14,499,ajchang,
2026-08-11 01:24:03,0967654446,14,499,emperor,
2026-08-11 01:24:03,0963456661,14,499,emperor,
2026-08-11 01:24:03,0957654222,14,499,emperor,
2026-08-11 01:24:03,0658769000,13,499,rahu,
2026-08-11 01:24:03,0658850123,11,699,rahu,
2026-08-11 01:24:03,0967654646,11,499,emperor,
2026-08-11 01:24:03,0967654422,11,499,emperor,
2026-08-11 01:24:03,0967654664,11,499,emperor,
2026-08-11 01:24:03,0957654466,11,499,emperor,
2026-08-11 01:24:03,0958762444,10,699,universal,
2026-08-11 01:24:03,0958188884,10,1199,universal,
2026-08-11 01:24:03,0954352223,10,699,universal,
2026-08-11 01:24:03,0961700006,10,899,universal,
2026-08-11 01:24:03,0955411110,10,899,universal,
2026-08-11 01:24:03,0956713111,10,899,universal,
2026-08-11 01:24:03,0961244440,10,899,universal,
2026-08-11 01:24:03,0802945666,10,899,universal,
2026-08-11 01:24:03,0858688882,10,1199,universal,
2026-08-11 01:24:03,0962511113,10,899,universal,
2026-08-11 01:24:03,0834505444,10,699,universal,
2026-08-11 01:24:03,0958322228,10,899,universal,
2026-08-11 01:24:03,0962833335,10,1199,rahu,
2026-08-11 01:24:03,0825234222,10,499,rahu,
2026-08-11 01:24:03,0643123338,10,899,rahu,
2026-08-11 01:24:03,0825321114,10,499,rahu,
2026-08-11 01:24:03,0834432424,10,499,rahu,
2026-08-11 01:24:03,0958744442,10,1199,khanthep,
2026-08-11 01:24:03,0962349222,10,699,naga,
2026-08-11 01:24:03,0967733339,10,999,naga,
2026-08-11 01:24:03,0957200009,10,999,naga,
2026-08-11 01:24:03,0956791777,10,699,naga,
2026-08-11 01:24:03,0953200009,10,999,naga,
2026-08-11 01:24:03,0961765999,10,699,naga,
2026-08-11 01:24:03,0955611116,10,2199,ajchang,
2026-08-11 01:24:03,0954622221,10,1999,ajchang,
2026-08-11 01:24:03,0957188886,10,1499,ajchang,
2026-08-11 01:24:03,0834544141,10,1499,ajchang,
2026-08-11 01:24:03,0961322221,10,899,ajchang,
2026-08-11 01:24:03,0963455522,10,899,ajchang,
2026-08-11 01:24:03,0952349666,10,899,ajchang,
2026-08-11 01:24:03,0963134555,10,599,ajchang,
2026-08-11 01:24:03,0955543157,10,499,ajchang,
2026-08-11 01:24:03,0965488891,10,499,ajchang,
2026-08-11 01:24:03,0839855567,10,499,ajchang,
2026-08-11 01:24:03,0954318882,10,499,ajchang,
2026-08-11 01:24:03,0639722210,10,499,ajchang,
2026-08-11 01:24:03,0954344462,10,499,emperor,
2026-08-11 01:24:03,0954311165,10,499,emperor,
2026-08-11 01:24:03,0953459111,10,499,emperor,
2026-08-11 01:24:03,0957651119,10,499,emperor,
2026-08-11 01:24:03,0953459222,10,499,emperor,
2026-08-11 01:24:03,0953211159,10,499,emperor,
2026-08-11 01:24:09,0638765777,14,499,rahu
2026-08-11 01:24:09,0820821000,13,699,rahu
2026-08-11 01:24:09,0953744447,10,1199,universal
2026-08-11 01:24:09,0957651999,10,699,universal
2026-08-11 01:24:09,0962577772,10,899,universal
2026-08-11 01:24:09,0956255550,10,1499,universal
2026-08-11 01:24:09,0966322221,10,899,universal
2026-08-11 01:24:09,0641511118,10,1199,universal
2026-08-11 01:24:09,0953211131,10,899,universal
2026-08-11 01:24:09,0961277770,10,899,universal
2026-08-11 01:24:09,0855723444,10,499,rahu
2026-08-11 01:24:09,0834521114,10,499,rahu
2026-08-11 01:24:09,0832135550,10,499,rahu
2026-08-11 01:24:09,0825765111,10,499,rahu
2026-08-11 01:24:09,0832012777,10,699,rahu
2026-08-11 01:24:09,0954391777,10,699,naga
2026-08-11 01:24:09,0956211119,10,1999,ajchang
2026-08-11 01:24:09,0967344448,10,899,ajchang
2026-08-11 01:24:09,0954366611,10,899,ajchang
2026-08-11 01:24:09,0644476570,10,499,ajchang
2026-08-11 01:24:09,0903211108,10,499,ajchang
2026-08-11 01:24:09,0955543675,10,499,ajchang
2026-08-11 01:24:09,0963455583,10,499,ajchang
2026-08-11 01:24:15,0957655557,14,899,universal,
2026-08-11 01:24:15,0643211666,14,899,universal,
2026-08-11 01:24:15,0967765444,14,699,universal,
2026-08-11 01:24:15,0957654222,14,499,emperor,
2026-08-11 01:24:15,0963456661,14,499,emperor,
2026-08-11 01:24:15,0967731234,11,699,universal,
2026-08-11 01:24:15,0855081234,11,699,rahu,NEW
2026-08-11 01:24:15,0838396789,11,899,rahu,NEW
2026-08-11 01:24:15,0954325335,11,699,khanthep,
2026-08-11 01:24:15,0961432121,11,599,ajchang,
2026-08-11 01:24:15,0967654422,11,499,emperor,
2026-08-11 01:24:15,0957654646,11,499,emperor,
2026-08-11 01:24:15,0953456822,11,499,emperor,
2026-08-11 01:24:15,0961476555,10,699,universal,
2026-08-11 01:24:15,0967199993,10,1199,universal,
2026-08-11 01:24:15,0962343336,10,699,universal,
2026-08-11 01:24:15,0966356777,10,699,universal,
2026-08-11 01:24:15,0953122226,10,899,universal,
2026-08-11 01:24:15,0834745666,10,899,universal,
2026-08-11 01:24:15,0963733331,10,1199,universal,
2026-08-11 01:24:15,0959244447,10,1699,universal,
2026-08-11 01:24:15,0960945666,10,899,universal,
2026-08-11 01:24:15,0968432888,10,699,universal,
2026-08-11 01:24:15,0658788884,10,1199,universal,
2026-08-11 01:24:15,0956345558,10,499,rahu,
2026-08-11 01:24:15,0963877774,10,1199,rahu,
2026-08-11 01:24:15,0834987773,10,499,rahu,
2026-08-11 01:24:15,0855056767,10,499,rahu,
2026-08-11 01:24:15,0834512224,10,899,rahu,
2026-08-11 01:24:15,0954383666,10,699,khanthep,
2026-08-11 01:24:15,0963533338,10,1199,khanthep,
2026-08-11 01:24:15,0954433339,10,999,naga,
2026-08-11 01:24:15,0954396777,10,699,naga,
2026-08-11 01:24:15,0953211191,10,999,naga,
2026-08-11 01:24:15,0956797666,10,699,naga,
2026-08-11 01:24:15,0954394333,10,699,naga,
2026-08-11 01:24:15,0956769666,10,999,naga,
2026-08-11 01:24:15,0961722229,10,999,naga,
2026-08-11 01:24:15,0954397333,10,699,naga,
2026-08-11 01:24:15,0961211115,10,1999,ajchang,
2026-08-11 01:24:15,0961711112,10,1999,ajchang,
2026-08-11 01:24:15,0952346222,10,899,ajchang,
2026-08-11 01:24:15,0967488886,10,899,ajchang,
2026-08-11 01:24:15,0951366664,10,899,ajchang,
2026-08-11 01:24:15,0643255581,10,499,ajchang,
2026-08-11 01:24:15,0955516012,10,499,ajchang,
2026-08-11 01:24:15,0855515671,10,499,ajchang,
2026-08-11 01:24:15,0955543774,10,499,ajchang,
2026-08-11 01:24:15,0834811123,10,499,ajchang,
2026-08-11 01:24:15,0953459111,10,499,emperor,
2026-08-11 01:24:15,0954311165,10,499,emperor,
2026-08-11 01:24:15,0957645666,10,499,emperor,
2026-08-11 01:24:15,0967456999,10,499,emperor,
2026-08-11 01:24:15,0957651119,10,499,emperor,
2026-08-11 01:24:15,0967816664,10,499,emperor,
2026-08-11 01:24:19,0954765444,14,699,universal,
2026-08-11 01:24:19,0962345333,14,699,universal,
2026-08-11 01:24:19,0957654222,14,499,emperor,
2026-08-11 01:24:19,0967654446,14,499,emperor,
2026-08-11 01:24:19,0963456661,14,499,emperor,
2026-08-11 01:24:19,0957654442,14,499,emperor,
2026-08-11 01:24:19,0658763000,13,499,rahu,
2026-08-11 01:24:19,0954543339,13,699,naga,
2026-08-11 01:24:19,0963456663,14,699,universal
2026-08-11 01:24:19,0643211135,14,499,ajchang
2026-08-11 01:24:19,0834566673,14,499,ajchang
2026-08-11 01:24:19,0956767222,13,699,universal
2026-08-11 01:24:19,0964211234,11,699,universal
2026-08-11 01:24:19,0958566789,11,899,rahu
2026-08-11 01:24:19,0996789412,11,499,rahu
2026-08-11 01:24:19,0956711161,10,899,universal
2026-08-11 01:24:19,0967765558,10,699,universal
2026-08-11 01:24:19,0962711112,10,899,universal
2026-08-11 01:24:19,0955300004,10,899,universal
2026-08-11 01:24:19,0962344422,10,899,universal
2026-08-11 01:24:19,0826545333,10,499,rahu
2026-08-11 01:24:19,0952102888,10,499,rahu
2026-08-11 01:24:19,0832124666,10,899,rahu
2026-08-11 01:24:19,0967366668,10,499,rahu
2026-08-11 01:24:19,0967122229,10,999,naga
2026-08-11 01:24:19,0967277779,10,999,naga
2026-08-11 01:24:19,0954349222,10,699,naga
2026-08-11 01:24:19,0956499990,10,999,naga
2026-08-11 01:24:19,0956711142,10,899,ajchang
2026-08-11 01:24:19,0956711144,10,899,ajchang
2026-08-11 01:24:19,0961722225,10,899,ajchang
2026-08-11 01:24:19,0962346664,10,899,ajchang
2026-08-11 01:24:19,0955521321,10,499,ajchang
2026-08-11 01:24:19,0842544432,10,499,ajchang
2026-08-11 01:24:28,0962345552,14,899,ajchang,
2026-08-11 01:24:28,0957654442,14,499,emperor,
2026-08-11 01:24:28,0961611117,13,1999,ajchang,
2026-08-11 01:24:28,0640080123,11,499,rahu,
2026-08-11 01:24:28,0803391234,11,499,rahu,NEW
2026-08-11 01:24:28,0956543993,11,699,naga,
2026-08-11 01:24:28,0957654646,11,499,emperor,
2026-08-11 01:24:28,0967654224,11,499,emperor,
2026-08-11 01:24:28,0953456822,11,499,emperor,
2026-08-11 01:24:28,0967654422,11,499,emperor,
2026-08-11 01:24:28,0953234777,10,699,universal,
2026-08-11 01:24:28,0955311116,10,899,universal,
2026-08-11 01:24:28,0954393666,10,699,universal,
2026-08-11 01:24:28,0956761222,10,699,universal,
2026-08-11 01:24:28,0966545111,10,699,universal,
2026-08-11 01:24:28,0953766662,10,899,universal,
2026-08-11 01:24:28,0832566661,10,1199,universal,
2026-08-11 01:24:28,0967876444,10,699,universal,
2026-08-11 01:24:28,0956793336,10,699,universal,
2026-08-11 01:24:28,0955765888,10,699,universal,
2026-08-11 01:24:28,0966616321,10,699,universal,
2026-08-11 01:24:28,0954376111,10,699,universal,
2026-08-11 01:24:28,0958366663,10,1199,rahu,
2026-08-11 01:24:28,0902678333,10,499,rahu,
2026-08-11 01:24:28,0832210777,10,499,rahu,
2026-08-11 01:24:28,0858767111,10,899,rahu,
2026-08-11 01:24:28,0855354343,10,499,rahu,
2026-08-11 01:24:28,0802103332,10,499,rahu,
2026-08-11 01:24:28,0820765222,10,499,rahu,
2026-08-11 01:24:28,0963822224,10,1199,khanthep,
2026-08-11 01:24:28,0967422225,10,1199,khanthep,
2026-08-11 01:24:28,0956796111,10,699,naga,
2026-08-11 01:24:28,0966363219,10,999,naga,
2026-08-11 01:24:28,0963211169,10,699,naga,
2026-08-11 01:24:28,0956759111,10,699,naga,
2026-08-11 01:24:28,0963567779,10,699,naga,
2026-08-11 01:24:28,0956795553,10,699,naga,
2026-08-11 01:24:28,0963711119,10,999,naga,
2026-08-11 01:24:28,0954394222,10,699,naga,
2026-08-11 01:24:28,0951611114,10,1999,ajchang,
2026-08-11 01:24:28,0961788883,10,1999,ajchang,
2026-08-11 01:24:28,0963654448,10,1699,ajchang,
2026-08-11 01:24:28,0963766669,10,899,ajchang,
2026-08-11 01:24:28,0957566662,10,899,ajchang,
2026-08-11 01:24:28,0967765551,10,899,ajchang,
2026-08-11 01:24:28,0956716444,10,899,ajchang,
2026-08-11 01:24:28,0957345444,10,899,ajchang,
2026-08-11 01:24:28,0961322221,10,899,ajchang,
2026-08-11 01:24:28,0952349111,10,899,ajchang,
2026-08-11 01:24:28,0955587674,10,499,ajchang,
2026-08-11 01:24:28,0820122243,10,499,ajchang,
2026-08-11 01:24:28,0802344415,10,499,ajchang,
2026-08-11 01:24:28,0826788891,10,499,ajchang,
2026-08-11 01:24:28,0957655573,10,499,ajchang,
2026-08-11 01:24:28,0954344426,10,499,emperor,
2026-08-11 01:24:28,0957651119,10,499,emperor,
2026-08-11 01:24:28,0963165444,10,499,emperor,
2026-08-11 01:24:28,0967456999,10,499,emperor,
2026-08-11 01:24:28,0967816664,10,499,emperor,
2026-08-11 01:24:28,0957645666,10,499,emperor,
2026-08-11 01:24:28,0954344462,10,499,emperor,
2026-08-11 01:24:30,0958765550,14,499,rahu
2026-08-11 01:24:30,0832234646,10,699,universal
2026-08-11 01:24:30,0963217772,10,699,universal
2026-08-11 01:24:30,0957544441,10,899,universal
2026-08-11 01:24:30,0961321444,10,699,universal
2026-08-11 01:24:30,0963412333,10,699,universal
2026-08-11 01:24:30,0938488882,10,1199,universal
2026-08-11 01:24:30,0963123222,10,899,universal
2026-08-11 01:24:30,0832132444,10,499,rahu
2026-08-11 01:24:30,0855577890,10,499,rahu
2026-08-11 01:24:30,0834345533,10,499,rahu
2026-08-11 01:24:30,0641678666,10,899,rahu
2026-08-11 01:24:30,0961488886,10,499,rahu
2026-08-11 01:24:30,0646678222,10,499,rahu
2026-08-11 01:24:30,0966783131,10,899,rahu
2026-08-11 01:24:30,0963877774,10,1199,khanthep
2026-08-11 01:24:30,0963411119,10,999,naga
2026-08-11 01:24:30,0957659666,10,699,naga
2026-08-11 01:24:30,0953100009,10,999,naga
2026-08-11 01:24:30,0967544442,10,899,ajchang
2026-08-11 01:24:30,0855510120,10,499,ajchang
2026-08-11 01:24:39,0954322777,14,899,universal,
2026-08-11 01:24:39,0963456661,14,499,emperor,
2026-08-11 01:24:39,0967654446,14,499,emperor,
2026-08-11 01:24:39,0961612333,13,699,universal,
2026-08-11 01:24:39,0954313111,13,1199,universal,
2026-08-11 01:24:39,0909522234,13,499,ajchang,
2026-08-11 01:24:39,0886911234,11,499,rahu,NEW
2026-08-11 01:24:39,0855870123,11,699,rahu,
2026-08-11 01:24:39,0837706789,11,499,rahu,NEW
2026-08-11 01:24:39,0957654646,11,499,emperor,
2026-08-11 01:24:39,0967654646,11,499,emperor,
2026-08-11 01:24:39,0967654224,11,499,emperor,
2026-08-11 01:24:39,0967654422,11,499,emperor,
2026-08-11 01:24:39,0962567555,10,699,universal,
2026-08-11 01:24:39,0962344411,10,899,universal,NEW
2026-08-11 01:24:39,0962711119,10,899,universal,
2026-08-11 01:24:39,0968355550,10,899,universal,
2026-08-11 01:24:39,0954363111,10,699,universal,NEW
2026-08-11 01:24:39,0963457776,10,699,universal,
2026-08-11 01:24:39,0962500009,10,899,universal,
2026-08-11 01:24:39,0961722223,10,899,universal,
2026-08-11 01:24:39,0963213777,10,699,universal,
2026-08-11 01:24:39,0955154343,10,699,universal,
2026-08-11 01:24:39,0834525777,10,499,rahu,
2026-08-11 01:24:39,0961488885,10,499,rahu,
2026-08-11 01:24:39,0958760777,10,499,rahu,
2026-08-11 01:24:39,0967588880,10,499,rahu,
2026-08-11 01:24:39,0820243222,10,499,rahu,
2026-08-11 01:24:39,0918543339,10,499,rahu,
2026-08-11 01:24:39,0966615321,10,699,khanthep,
2026-08-11 01:24:39,0962400009,10,999,naga,
2026-08-11 01:24:39,0962533339,10,999,naga,
2026-08-11 01:24:39,0957511119,10,999,naga,
2026-08-11 01:24:39,0957211119,10,999,naga,
2026-08-11 01:24:39,0954369222,10,699,naga,
2026-08-11 01:24:39,0956769777,10,699,naga,
2026-08-11 01:24:39,0956769333,10,699,naga,
2026-08-11 01:24:39,0962411119,10,1999,ajchang,
2026-08-11 01:24:39,0956549111,10,1699,ajchang,
2026-08-11 01:24:39,0955788881,10,599,ajchang,
2026-08-11 01:24:39,0963765554,10,899,ajchang,
2026-08-11 01:24:39,0956711166,10,899,ajchang,
2026-08-11 01:24:39,0952711118,10,899,ajchang,
2026-08-11 01:24:39,0956725666,10,899,ajchang,
2026-08-11 01:24:39,0954755556,10,899,ajchang,
2026-08-11 01:24:39,0954374666,10,599,ajchang,
2026-08-11 01:24:39,0610122297,10,499,ajchang,
2026-08-11 01:24:39,0955578767,10,499,ajchang,
2026-08-11 01:24:39,0959022210,10,499,ajchang,
2026-08-11 01:24:39,0644456830,10,499,ajchang,
2026-08-11 01:24:39,0644487607,10,499,ajchang,
2026-08-11 01:24:39,0802344405,10,499,ajchang,
2026-08-11 01:24:39,0954811123,10,499,ajchang,
2026-08-11 01:24:39,0953459222,10,499,emperor,
2026-08-11 01:24:39,0954311165,10,499,emperor,
2026-08-11 01:24:39,0967816664,10,499,emperor,
2026-08-11 01:24:39,0963165444,10,499,emperor,
2026-08-11 01:24:39,0954344462,10,499,emperor,
2026-08-11 01:24:39,0954344426,10,499,emperor,
2026-08-11 01:24:39,0953459111,10,499,emperor,
2026-08-11 01:24:40,0961765444,14,899,ajchang
2026-08-11 01:24:40,0957722345,11,699,universal
2026-08-11 01:24:40,0967671234,11,699,universal
2026-08-11 01:24:40,0835350123,11,699,rahu
2026-08-11 01:24:40,0834413456,11,499,rahu
2026-08-11 01:24:40,0803811234,11,699,rahu
2026-08-11 01:24:40,0954677770,10,899,universal
2026-08-11 01:24:40,0839765666,10,899,universal
2026-08-11 01:24:40,0954344222,10,899,universal
2026-08-11 01:24:40,0961655550,10,1499,universal
2026-08-11 01:24:40,0952543336,10,699,universal
2026-08-11 01:24:40,0963711110,10,899,universal
2026-08-11 01:24:40,0952543433,10,899,universal
2026-08-11 01:24:40,0956322227,10,899,universal
2026-08-11 01:24:40,0966654716,10,899,universal
2026-08-11 01:24:40,0972544449,10,1199,universal
2026-08-11 01:24:40,0961400007,10,899,universal
2026-08-11 01:24:40,0999289012,10,699,rahu
2026-08-11 01:24:40,0644798777,10,899,rahu
2026-08-11 01:24:40,0957658884,10,499,rahu
2026-08-11 01:24:40,0963733339,10,999,naga
2026-08-11 01:24:40,0963212229,10,999,naga
2026-08-11 01:24:40,0954433339,10,999,naga
2026-08-11 01:24:40,0956744499,10,999,naga
2026-08-11 01:24:40,0961422221,10,1999,ajchang
2026-08-11 01:24:40,0961255559,10,1999,ajchang
2026-08-11 01:24:40,0952342111,10,899,ajchang
2026-08-11 01:24:40,0834511129,10,499,ajchang
2026-08-11 01:24:43,0962654333,14,699,universal,
2026-08-11 01:24:43,0955545677,14,699,universal,
2026-08-11 01:24:43,0956788777,14,1199,universal,
2026-08-11 01:24:43,0962345333,14,699,universal,
2026-08-11 01:24:43,0886060123,14,499,rahu,
2026-08-11 01:24:43,0955765444,14,899,ajchang,
2026-08-11 01:24:43,0643211102,14,499,ajchang,
2026-08-11 01:24:43,0967654446,14,499,emperor,
2026-08-11 01:24:43,0957654222,14,499,emperor,
2026-08-11 01:24:43,0963456661,14,499,emperor,
2026-08-11 01:24:43,0967834000,13,499,rahu,
2026-08-11 01:24:43,0886012000,13,499,rahu,
2026-08-11 01:24:43,0803212000,13,499,rahu,
2026-08-11 01:24:43,0839789000,13,499,rahu,
2026-08-11 01:24:43,0832321116,13,499,rahu,
2026-08-11 01:24:43,0855821000,13,699,rahu,
2026-08-11 01:24:43,0959532111,13,699,naga,
2026-08-11 01:24:43,0968769000,13,699,naga,
2026-08-11 01:24:43,0952522226,13,1999,ajchang,
2026-08-11 01:24:43,0955543435,13,499,ajchang,
2026-08-11 01:24:50,0959587000,12,499,rahu
2026-08-11 01:24:50,0645671188,11,699,universal
2026-08-11 01:24:50,0962733335,10,899,universal
2026-08-11 01:24:50,0834596222,10,899,universal
2026-08-11 01:24:50,0963211777,10,899,universal
2026-08-11 01:24:50,0954200007,10,899,universal
2026-08-11 01:24:50,0809989879,10,1499,universal
2026-08-11 01:24:50,0955766667,10,1199,universal
2026-08-11 01:24:50,0644461987,10,1199,universal
2026-08-11 01:24:50,0969455550,10,1499,universal
2026-08-11 01:24:50,0955311110,10,899,universal
2026-08-11 01:24:50,0643286444,10,699,universal
2026-08-11 01:24:50,0967123111,10,699,universal
2026-08-11 01:24:50,0967211114,10,899,universal
2026-08-11 01:24:50,0954392777,10,699,universal
2026-08-11 01:24:50,0967833355,10,1199,rahu
2026-08-11 01:24:50,0820456111,10,499,rahu
2026-08-11 01:24:50,0958987776,10,499,rahu
2026-08-11 01:24:50,0954393111,10,699,naga
2026-08-11 01:24:50,0962349222,10,699,naga
2026-08-11 01:24:50,0961633339,10,999,naga
2026-08-11 01:24:50,0956799979,10,999,naga
2026-08-11 01:24:50,0954611115,10,1999,ajchang
2026-08-11 01:24:50,0967811616,10,899,ajchang
2026-08-11 01:24:50,0952349666,10,899,ajchang
2026-08-11 01:24:50,0954394666,10,899,ajchang
2026-08-11 01:24:50,0955765252,10,899,ajchang
2026-08-11 01:24:50,0967545666,10,899,ajchang
2026-08-11 01:24:52,0952344443,14,1199,universal,
2026-08-11 01:24:52,0967765454,14,699,universal,
2026-08-11 01:24:52,0967765444,14,899,ajchang,
2026-08-11 01:24:52,0957654442,14,499,emperor,
2026-08-11 01:24:52,0952522226,13,1999,ajchang,
2026-08-11 01:24:52,0962654343,11,699,universal,
2026-08-11 01:24:52,0838396789,11,899,rahu,NEW
2026-08-11 01:24:52,0967654664,11,499,emperor,
2026-08-11 01:24:52,0967654422,11,499,emperor,
2026-08-11 01:24:52,0953456822,11,499,emperor,
2026-08-11 01:24:52,0967654224,11,499,emperor,
2026-08-11 01:24:52,0963154333,10,699,universal,
2026-08-11 01:24:52,0952533338,10,899,universal,
2026-08-11 01:24:52,0962611116,10,1199,universal,
2026-08-11 01:24:52,0829744445,10,1699,universal,
2026-08-11 01:24:52,0954387877,10,899,universal,
2026-08-11 01:24:52,0966723444,10,699,universal,
2026-08-11 01:24:52,0967300004,10,899,universal,
2026-08-11 01:24:52,0825543338,10,899,rahu,
2026-08-11 01:24:52,0825210008,10,499,rahu,
2026-08-11 01:24:52,0967826660,10,499,rahu,
2026-08-11 01:24:52,0961711116,10,1199,khanthep,
2026-08-11 01:24:52,0954711117,10,1199,khanthep,
2026-08-11 01:24:52,0953500009,10,999,naga,
2026-08-11 01:24:52,0962343339,10,999,naga,
2026-08-11 01:24:52,0956799971,10,999,naga,
2026-08-11 01:24:52,0956719333,10,699,naga,
2026-08-11 01:24:52,0953122229,10,999,naga,
2026-08-11 01:24:52,0961733339,10,999,naga,
2026-08-11 01:24:52,0961399994,10,999,naga,
2026-08-11 01:24:52,0953277779,10,999,naga,
2026-08-11 01:24:52,0962533339,10,999,naga,
2026-08-11 01:24:52,0956499990,10,999,naga,
2026-08-11 01:24:52,0956729111,10,699,naga,
2026-08-11 01:24:52,0955300009,10,999,naga,
2026-08-11 01:24:52,0962344499,10,899,ajchang,
2026-08-11 01:24:52,0956752444,10,899,ajchang,
2026-08-11 01:24:52,0953166664,10,899,ajchang,
2026-08-11 01:24:52,0963214448,10,899,ajchang,
2026-08-11 01:24:52,0955567104,10,499,ajchang,
2026-08-11 01:24:52,0967816664,10,499,emperor,
2026-08-11 01:24:52,0953459222,10,499,emperor,
2026-08-11 01:24:52,0953459111,10,499,emperor,
2026-08-11 01:25:00,0858826789,11,899,rahu
2026-08-11 01:25:00,0826511234,11,899,rahu
2026-08-11 01:25:00,0889741234,11,499,rahu
2026-08-11 01:25:00,0967890020,11,499,rahu
2026-08-11 01:25:00,0961322223,10,1199,universal
2026-08-11 01:25:00,0658965444,10,899,universal
2026-08-11 01:25:00,0644655553,10,1999,universal
2026-08-11 01:25:00,0954765556,10,899,universal
2026-08-11 01:25:00,0954372777,10,899,universal
2026-08-11 01:25:00,0962567771,10,699,universal
2026-08-11 01:25:00,0961236111,10,699,universal
2026-08-11 01:25:00,0825877789,10,699,rahu
2026-08-11 01:25:00,0802103332,10,499,rahu
2026-08-11 01:25:00,0829873338,10,899,rahu
2026-08-11 01:25:00,0644466782,10,499,rahu
2026-08-11 01:25:00,0961233399,10,999,naga
2026-08-11 01:25:00,0957655522,10,899,ajchang
2026-08-11 01:25:00,0963411112,10,899,ajchang
2026-08-11 01:25:00,0957345444,10,899,ajchang
2026-08-11 01:25:00,0963211124,10,899,ajchang
2026-08-11 01:25:00,0961235111,10,599,ajchang
2026-08-11 01:25:00,0903211170,10,499,ajchang
2026-08-11 01:25:00,0917655537,10,499,ajchang
2026-08-11 01:25:00,0643455560,10,499,ajchang
2026-08-11 01:25:00,0955567184,10,499,ajchang
2026-08-11 01:25:04,0963456661,14,499,emperor,
2026-08-11 01:25:04,0967654446,14,499,emperor,
2026-08-11 01:25:04,0957654442,14,499,emperor,
2026-08-11 01:25:04,0837821000,13,699,rahu,
2026-08-11 01:25:04,0838389000,12,699,rahu,
2026-08-11 01:25:04,0967654664,11,499,emperor,
2026-08-11 01:25:04,0957654646,11,499,emperor,
2026-08-11 01:25:04,0953456822,11,499,emperor,
2026-08-11 01:25:04,0967654646,11,499,emperor,
2026-08-11 01:25:04,0967654422,11,499,emperor,
2026-08-11 01:25:04,0958744442,10,1199,universal,
2026-08-11 01:25:04,0967100007,10,899,universal,NEW
2026-08-11 01:25:04,0955543777,10,699,universal,
2026-08-11 01:25:04,0834099996,10,1199,universal,
2026-08-11 01:25:04,0951377774,10,899,universal,
2026-08-11 01:25:04,0956522220,10,899,universal,
2026-08-11 01:25:04,0957288886,10,899,universal,
2026-08-11 01:25:04,0967765151,10,699,universal,
2026-08-11 01:25:04,0961711119,10,1199,universal,
2026-08-11 01:25:04,0957322226,10,899,universal,
2026-08-11 01:25:04,0962611110,10,899,universal,
2026-08-11 01:25:04,0952765556,10,899,universal,
2026-08-11 01:25:04,0956122220,10,899,universal,
2026-08-11 01:25:04,0953677779,10,899,universal,
2026-08-11 01:25:04,0838156777,10,899,rahu,
2026-08-11 01:25:04,0829432777,10,499,rahu,
2026-08-11 01:25:04,0643295558,10,499,rahu,
2026-08-11 01:25:04,0952987555,10,899,rahu,
2026-08-11 01:25:04,0966654283,10,699,khanthep,
2026-08-11 01:25:04,0955512382,10,699,khanthep,
2026-08-11 01:25:04,0967233339,10,999,naga,
2026-08-11 01:25:04,0956744493,10,699,naga,
2026-08-11 01:25:04,0963567779,10,699,naga,
2026-08-11 01:25:04,0952349111,10,699,naga,
2026-08-11 01:25:04,0956749222,10,699,naga,
2026-08-11 01:25:04,0956499990,10,999,naga,
2026-08-11 01:25:04,0967188886,10,1499,ajchang,
2026-08-11 01:25:04,0957411119,10,899,ajchang,
2026-08-11 01:25:04,0954399191,10,899,ajchang,
2026-08-11 01:25:04,0967399992,10,899,ajchang,
2026-08-11 01:25:04,0956724666,10,899,ajchang,
2026-08-11 01:25:04,0953219222,10,899,ajchang,
2026-08-11 01:25:04,0963455111,10,899,ajchang,
2026-08-11 01:25:04,0956734666,10,599,ajchang,
2026-08-11 01:25:04,0956711148,10,499,ajchang,
2026-08-11 01:25:04,0955567526,10,499,ajchang,
2026-08-11 01:25:04,0855567971,10,499,ajchang,
2026-08-11 01:25:04,0957651119,10,499,emperor,
2026-08-11 01:25:04,0967816664,10,499,emperor,
2026-08-11 01:25:04,0954344426,10,499,emperor,
2026-08-11 01:25:04,0953211159,10,499,emperor,
2026-08-11 01:25:04,0954344462,10,499,emperor,
2026-08-11 01:25:04,0953459111,10,499,emperor,
2026-08-11 01:25:09,0954377773,14,1199,universal,
2026-08-11 01:25:09,0961765444,14,899,ajchang,
2026-08-11 01:25:09,0953211116,14,899,ajchang,
2026-08-11 01:25:09,0963456661,14,499,emperor,
2026-08-11 01:25:09,0957654222,14,499,emperor,
2026-08-11 01:25:09,0957654442,14,499,emperor,
2026-08-11 01:25:09,0953533338,13,1199,universal,
2026-08-11 01:25:09,0832234000,13,499,rahu,
2026-08-11 01:25:09,0838345559,13,899,rahu,
2026-08-11 01:25:09,0968769000,13,699,naga,
2026-08-11 01:25:14,0832128000,13,699,rahu
2026-08-11 01:25:14,0858592000,12,699,rahu
2026-08-11 01:25:14,0952311234,11,699,universal
2026-08-11 01:25:14,0967511234,11,699,universal
2026-08-11 01:25:14,0838894567,11,699,rahu
2026-08-11 01:25:14,0658388884,10,1199,universal
2026-08-11 01:25:14,0963533331,10,1199,universal
2026-08-11 01:25:14,0957657333,10,699,universal
2026-08-11 01:25:14,0963211313,10,899,universal
2026-08-11 01:25:14,0956711666,10,899,universal
2026-08-11 01:25:14,0962377779,10,899,universal
2026-08-11 01:25:14,0642944446,10,1699,universal
2026-08-11 01:25:14,0963654777,10,699,universal
2026-08-11 01:25:14,0855765666,10,899,universal
2026-08-11 01:25:14,0956377776,10,899,universal
2026-08-11 01:25:14,0820765222,10,499,rahu
2026-08-11 01:25:14,0826780222,10,499,rahu
2026-08-11 01:25:14,0640120008,10,499,rahu
2026-08-11 01:25:14,0952833336,10,1199,rahu
2026-08-11 01:25:14,0855543338,10,899,rahu
2026-08-11 01:25:14,0956477771,10,1199,khanthep
2026-08-11 01:25:14,0951633339,10,999,naga
2026-08-11 01:25:14,0963211166,10,899,ajchang
2026-08-11 01:25:14,0956744408,10,499,ajchang
2026-08-11 01:25:14,0955543157,10,499,ajchang
2026-08-11 01:25:14,0825811123,10,499,ajchang
2026-08-11 01:25:16,0962345552,14,699,universal,
2026-08-11 01:25:16,0643213338,14,499,rahu,
2026-08-11 01:25:16,0954329222,14,999,naga,
2026-08-11 01:25:16,0956711114,14,899,ajchang,
2026-08-11 01:25:16,0957654222,14,499,emperor,
2026-08-11 01:25:16,0967654446,14,499,emperor,
2026-08-11 01:25:16,0957654442,14,499,emperor,
2026-08-11 01:25:16,0963633331,13,1199,universal,
2026-08-11 01:25:16,0838789000,13,699,rahu,
2026-08-11 01:25:16,0855383456,11,899,rahu,NEW
2026-08-11 01:25:16,0958566789,11,899,rahu,NEW
2026-08-11 01:25:16,0812346600,11,499,rahu,
2026-08-11 01:25:16,0967791234,11,699,naga,
2026-08-11 01:25:16,0957654466,11,499,emperor,
2026-08-11 01:25:16,0967654224,11,499,emperor,
2026-08-11 01:25:16,0967654646,11,499,emperor,
2026-08-11 01:25:16,0967654422,11,499,emperor,
2026-08-11 01:25:16,0967654664,11,499,emperor,
2026-08-11 01:25:16,0955100007,10,899,universal,
2026-08-11 01:25:16,0953216222,10,699,universal,
2026-08-11 01:25:16,0961754333,10,699,universal,
2026-08-11 01:25:16,0966345557,10,699,universal,
2026-08-11 01:25:16,0956766262,10,899,universal,
2026-08-11 01:25:16,0956733222,10,899,universal,
2026-08-11 01:25:16,0964211116,10,899,universal,
2026-08-11 01:25:16,0967345444,10,899,universal,
2026-08-11 01:25:16,0826466668,10,1199,universal,NEW
2026-08-11 01:25:16,0646944447,10,1699,universal,
2026-08-11 01:25:16,0968355550,10,899,universal,
2026-08-11 01:25:16,0953400006,10,899,universal,
2026-08-11 01:25:16,0954700009,10,899,universal,
2026-08-11 01:25:16,0963711117,10,1199,universal,
2026-08-11 01:25:16,0955688887,10,899,universal,
2026-08-11 01:25:16,0956755252,10,899,universal,
2026-08-11 01:25:16,0955600004,10,899,universal,
2026-08-11 01:25:16,0960987444,10,899,universal,
2026-08-11 01:25:16,0963522221,10,899,universal,
2026-08-11 01:25:16,0826781117,10,499,rahu,
2026-08-11 01:25:16,0658761333,10,499,rahu,
2026-08-11 01:25:16,0832170002,10,499,rahu,
2026-08-11 01:25:16,0963511116,10,1199,khanthep,
2026-08-11 01:25:16,0956733391,10,699,naga,
2026-08-11 01:25:16,0956344449,10,999,naga,
2026-08-11 01:25:16,0954319666,10,699,naga,
2026-08-11 01:25:16,0954533339,10,999,naga,
2026-08-11 01:25:16,0967599997,10,999,naga,
2026-08-11 01:25:16,0956793111,10,699,naga,
2026-08-11 01:25:16,0966363219,10,999,naga,
2026-08-11 01:25:16,0963211149,10,699,naga,
2026-08-11 01:25:16,0955611117,10,1999,ajchang,
2026-08-11 01:25:16,0961488886,10,1999,ajchang,
2026-08-11 01:25:16,0968366661,10,1999,ajchang,
2026-08-11 01:25:16,0963214448,10,899,ajchang,
2026-08-11 01:25:16,0967456999,10,899,ajchang,
2026-08-11 01:25:16,0962765222,10,899,ajchang,
2026-08-11 01:25:16,0961734555,10,599,ajchang,
2026-08-11 01:25:16,0955675444,10,599,ajchang,
2026-08-11 01:25:16,0953211167,10,499,ajchang,
2026-08-11 01:25:16,0855567737,10,499,ajchang,
2026-08-11 01:25:16,0959311123,10,499,ajchang,
2026-08-11 01:25:16,0963455508,10,499,ajchang,
2026-08-11 01:25:16,0953211159,10,499,emperor,
2026-08-11 01:25:16,0953459222,10,499,emperor,
2026-08-11 01:25:24,0954322666,14,899,universal
2026-08-11 01:25:24,0954377333,10,1199,universal
2026-08-11 01:25:24,0967567333,10,699,universal
2026-08-11 01:25:24,0961477775,10,899,universal
2026-08-11 01:25:24,0836866661,10,1199,universal
2026-08-11 01:25:24,0963544440,10,1499,universal
2026-08-11 01:25:24,0956766161,10,899,universal
2026-08-11 01:25:24,0918588881,10,1199,universal
2026-08-11 01:25:24,0952733335,10,899,universal
2026-08-11 01:25:24,0967500007,10,899,universal
2026-08-11 01:25:24,0956432333,10,899,universal
2026-08-11 01:25:24,0967633337,10,899,universal
2026-08-11 01:25:24,0967820333,10,499,rahu
2026-08-11 01:25:24,0967422228,10,1199,khanthep
2026-08-11 01:25:24,0953833336,10,1199,khanthep
2026-08-11 01:25:24,0967432999,10,699,naga
2026-08-11 01:25:24,0956744493,10,699,naga
2026-08-11 01:25:24,0956796111,10,699,naga
2026-08-11 01:25:24,0967533339,10,999,naga
2026-08-11 01:25:24,0967488886,10,899,ajchang
2026-08-11 01:25:24,0902344420,10,499,ajchang
2026-08-11 01:25:24,0639688876,10,499,ajchang
2026-08-11 01:25:24,0957855567,10,499,ajchang
2026-08-11 01:25:27,0858566789,14,899,rahu,NEW
2026-08-11 01:25:27,0836012333,14,699,rahu,
2026-08-11 01:25:27,0967654446,14,499,emperor,
2026-08-11 01:25:27,0957654222,14,499,emperor,
2026-08-11 01:25:27,0963456661,14,499,emperor,
2026-08-11 01:25:27,0957123443,11,699,universal,
2026-08-11 01:25:27,0967543232,11,699,universal,
2026-08-11 01:25:27,0889491234,11,499,rahu,NEW
2026-08-11 01:25:27,0834471234,11,899,rahu,NEW
2026-08-11 01:25:27,0658311234,11,899,rahu,NEW
2026-08-11 01:25:27,0855681234,11,899,rahu,NEW
2026-08-11 01:25:27,0957654466,11,499,emperor,
2026-08-11 01:25:27,0967654224,11,499,emperor,
2026-08-11 01:25:27,0957654646,11,499,emperor,
2026-08-11 01:25:27,0967654646,11,499,emperor,
2026-08-11 01:25:27,0954352223,10,699,universal,
2026-08-11 01:25:27,0962711112,10,899,universal,
2026-08-11 01:25:27,0963177775,10,899,universal,
2026-08-11 01:25:27,0956719222,10,699,universal,
2026-08-11 01:25:27,0952342444,10,899,universal,
2026-08-11 01:25:27,0954234111,10,699,universal,
2026-08-11 01:25:27,0961400007,10,899,universal,
2026-08-11 01:25:27,0961366663,10,1199,universal,
2026-08-11 01:25:27,0956711122,10,899,universal,
2026-08-11 01:25:27,0962877772,10,1199,rahu,
2026-08-11 01:25:27,0963577778,10,1199,rahu,
2026-08-11 01:25:27,0966639871,10,699,naga,
2026-08-11 01:25:27,0956759111,10,699,naga,
2026-08-11 01:25:27,0952700009,10,999,naga,
2026-08-11 01:25:27,0956791333,10,699,naga,
2026-08-11 01:25:27,0953500009,10,999,naga,
2026-08-11 01:25:27,0954391222,10,699,naga,
2026-08-11 01:25:27,0957499993,10,999,naga,
2026-08-11 01:25:27,0954600009,10,999,naga,
2026-08-11 01:25:27,0956797111,10,699,naga,
2026-08-11 01:25:27,0963799990,10,999,naga,
2026-08-11 01:25:27,0952144441,10,2199,ajchang,
2026-08-11 01:25:27,0957166665,10,1499,ajchang,
2026-08-11 01:25:27,0953466664,10,899,ajchang,
2026-08-11 01:25:27,0957699992,10,899,ajchang,
2026-08-11 01:25:27,0955567458,10,499,ajchang,
2026-08-11 01:25:27,0955543700,10,499,ajchang,
2026-08-11 01:25:27,0967816664,10,499,emperor,
2026-08-11 01:25:27,0954311165,10,499,emperor,
2026-08-11 01:25:27,0954344462,10,499,emperor,
2026-08-11 01:25:27,0957651119,10,499,emperor,
2026-08-11 01:25:27,0953459222,10,499,emperor,
2026-08-11 01:25:34,0956782333,14,499,rahu
2026-08-11 01:25:34,0832101555,14,499,rahu
2026-08-11 01:25:34,0855421000,13,499,rahu
2026-08-11 01:25:34,0855435000,13,499,rahu
2026-08-11 01:25:34,0967827000,13,499,rahu
2026-08-11 01:25:34,0858563000,12,699,rahu
2026-08-11 01:25:34,0886141234,11,499,rahu
2026-08-11 01:25:34,0820833456,11,699,rahu
2026-08-11 01:25:34,0962176555,10,699,universal
2026-08-11 01:25:34,0953452225,10,899,universal
2026-08-11 01:25:34,0956177770,10,899,universal
2026-08-11 01:25:34,0963457666,10,699,universal
2026-08-11 01:25:34,0954354666,10,699,universal
2026-08-11 01:25:34,0966722223,10,899,universal
2026-08-11 01:25:34,0967543111,10,699,universal
2026-08-11 01:25:34,0834513335,10,499,rahu
2026-08-11 01:25:34,0834547111,10,499,rahu
2026-08-11 01:25:34,0839412333,10,899,rahu
2026-08-11 01:25:34,0954392333,10,699,naga
2026-08-11 01:25:34,0958366661,10,1999,ajchang
2026-08-11 01:25:34,0965461115,10,1699,ajchang
2026-08-11 01:25:34,0903211185,10,499,ajchang
2026-08-11 01:25:34,0637988876,10,499,ajchang
2026-08-11 01:25:34,0832108777,14,499,rahu,
2026-08-11 01:25:34,0834561115,14,499,rahu,
2026-08-11 01:25:34,0812344472,14,499,ajchang,
2026-08-11 01:25:34,0963456661,14,499,emperor,
2026-08-11 01:25:34,0957654222,14,499,emperor,
2026-08-11 01:25:34,0967654446,14,499,emperor,
2026-08-11 01:25:34,0957654442,14,499,emperor,
2026-08-11 01:25:34,0838789000,13,699,rahu,
2026-08-11 01:25:34,0961611114,13,1999,ajchang,
2026-08-11 01:25:38,0643211116,18,899,universal,
2026-08-11 01:25:38,0957654442,14,499,emperor,
2026-08-11 01:25:38,0963456661,14,499,emperor,
2026-08-11 01:25:38,0858678000,13,699,rahu,
2026-08-11 01:25:38,0658511234,11,899,rahu,NEW
2026-08-11 01:25:38,0955826789,11,899,rahu,NEW
2026-08-11 01:25:38,0954322461,11,699,khanthep,
2026-08-11 01:25:38,0967654224,11,499,emperor,
2026-08-11 01:25:38,0957654466,11,499,emperor,
2026-08-11 01:25:38,0967654422,11,499,emperor,
2026-08-11 01:25:38,0953456822,11,499,emperor,
2026-08-11 01:25:38,0886262987,10,899,universal,
2026-08-11 01:25:38,0967815111,10,899,universal,
2026-08-11 01:25:38,0963722227,10,1199,universal,
2026-08-11 01:25:38,0996464987,10,1499,universal,
2026-08-11 01:25:38,0999989621,10,699,universal,
2026-08-11 01:25:38,0952347111,10,699,universal,
2026-08-11 01:25:38,0953218666,10,699,universal,
2026-08-11 01:25:38,0825676555,10,699,universal,
2026-08-11 01:25:38,0962755552,10,899,universal,
2026-08-11 01:25:38,0826780222,10,499,rahu,
2026-08-11 01:25:38,0957388880,10,499,rahu,
2026-08-11 01:25:38,0954383339,10,899,rahu,
2026-08-11 01:25:38,0954353888,10,899,rahu,
2026-08-11 01:25:38,0967877171,10,1199,rahu,
2026-08-11 01:25:38,0951633338,10,1199,khanthep,
2026-08-11 01:25:38,0953711119,10,999,naga,
2026-08-11 01:25:38,0962377779,10,999,naga,
2026-08-11 01:25:38,0963677779,10,999,naga,
2026-08-11 01:25:38,0962347779,10,699,naga,
2026-08-11 01:25:38,0954392333,10,699,naga,
2026-08-11 01:25:38,0957659777,10,699,naga,
2026-08-11 01:25:38,0956794333,10,699,naga,
2026-08-11 01:25:38,0963766669,10,999,naga,
2026-08-11 01:25:38,0956792111,10,699,naga,
2026-08-11 01:25:38,0954394111,10,699,naga,
2026-08-11 01:25:38,0967166663,10,1499,ajchang,
2026-08-11 01:25:38,0956762226,10,899,ajchang,
2026-08-11 01:25:38,0956755252,10,899,ajchang,
2026-08-11 01:25:38,0956766111,10,899,ajchang,
2026-08-11 01:25:38,0855512338,10,499,ajchang,
2026-08-11 01:25:38,0962344470,10,499,ajchang,
2026-08-11 01:25:38,0955576506,10,499,ajchang,
2026-08-11 01:25:38,0954344462,10,499,emperor,
2026-08-11 01:25:38,0953459222,10,499,emperor,
2026-08-11 01:25:38,0953211159,10,499,emperor,
2026-08-11 01:25:38,0957645666,10,499,emperor,
2026-08-11 01:25:38,0963165444,10,499,emperor,
2026-08-11 01:25:38,0954344426,10,499,emperor,
2026-08-11 01:25:38,0957651119,10,499,emperor,
2026-08-11 01:25:38,0967816664,10,499,emperor,
2026-08-11 01:25:45,0812344472,14,499,ajchang
2026-08-11 01:25:45,0855434000,13,499,rahu
2026-08-11 01:25:45,0829876262,11,499,rahu
2026-08-11 01:25:45,0829123455,11,699,rahu
2026-08-11 01:25:45,0956724666,10,699,universal
2026-08-11 01:25:45,0952341222,10,699,universal
2026-08-11 01:25:45,0966754333,10,699,universal
2026-08-11 01:25:45,0953100002,10,899,universal
2026-08-11 01:25:45,0960965444,10,899,universal
2026-08-11 01:25:45,0963166669,10,899,universal
2026-08-11 01:25:45,0957733332,10,1199,universal
2026-08-11 01:25:45,0967588887,10,1199,rahu
2026-08-11 01:25:45,0834572220,10,499,rahu
2026-08-11 01:25:45,0966587676,10,899,rahu
2026-08-11 01:25:45,0955679222,10,699,naga
2026-08-11 01:25:45,0966321555,10,899,ajchang
2026-08-11 01:25:45,0962755551,10,899,ajchang
2026-08-11 01:25:45,0956721555,10,899,ajchang
2026-08-11 01:25:45,0967511114,10,899,ajchang
2026-08-11 01:25:45,0963511112,10,899,ajchang
2026-08-11 01:25:45,0956756661,10,899,ajchang
2026-08-11 01:25:45,0955676222,10,599,ajchang
2026-08-11 01:25:45,0967432666,10,599,ajchang
2026-08-11 01:25:45,0644483218,10,499,ajchang
2026-08-11 01:25:45,0953211143,10,499,ajchang
2026-08-11 01:25:49,0957654222,14,699,universal,
2026-08-11 01:25:49,0832101444,14,499,rahu,
2026-08-11 01:25:49,0957654442,14,499,emperor,
2026-08-11 01:25:49,0999981814,13,699,universal,
2026-08-11 01:25:49,0834541000,13,499,rahu,
2026-08-11 01:25:49,0955421234,11,699,universal,
2026-08-11 01:25:49,0955141234,11,699,universal,
2026-08-11 01:25:49,0958811234,11,899,rahu,
2026-08-11 01:25:49,0855123458,11,699,rahu,NEW
2026-08-11 01:25:49,0961432121,11,599,ajchang,
2026-08-11 01:25:49,0967654664,11,499,emperor,
2026-08-11 01:25:49,0967654224,11,499,emperor,
2026-08-11 01:25:49,0957654646,11,499,emperor,
2026-08-11 01:25:49,0954100007,10,899,universal,
2026-08-11 01:25:49,0826987444,10,1499,universal,
2026-08-11 01:25:49,0961277770,10,899,universal,
2026-08-11 01:25:49,0952144443,10,899,universal,
2026-08-11 01:25:49,0967255554,10,899,universal,
2026-08-11 01:25:49,0961200007,10,899,universal,
2026-08-11 01:25:49,0961765999,10,699,universal,
2026-08-11 01:25:49,0953422227,10,899,universal,
2026-08-11 01:25:49,0966544111,10,899,universal,
2026-08-11 01:25:49,0953411112,10,899,universal,
2026-08-11 01:25:49,0969044447,10,1499,universal,
2026-08-11 01:25:49,0953212229,10,699,universal,
2026-08-11 01:25:49,0967155550,10,899,universal,
2026-08-11 01:25:49,0648955550,10,899,universal,
2026-08-11 01:25:49,0961345333,10,699,universal,
2026-08-11 01:25:49,0889601222,10,499,rahu,
2026-08-11 01:25:49,0958366662,10,1199,rahu,
2026-08-11 01:25:49,0967833777,10,1199,rahu,
2026-08-11 01:25:49,0641678882,10,499,rahu,
2026-08-11 01:25:49,0826210004,10,499,rahu,
2026-08-11 01:25:49,0967388880,10,499,rahu,
2026-08-11 01:25:49,0820456111,10,499,rahu,
2026-08-11 01:25:49,0957477778,10,1199,khanthep,
2026-08-11 01:25:49,0956177774,10,1199,khanthep,
2026-08-11 01:25:49,0967599990,10,999,naga,
2026-08-11 01:25:49,0954379777,10,999,naga,
2026-08-11 01:25:49,0956344449,10,999,naga,
2026-08-11 01:25:49,0967456999,10,699,naga,
2026-08-11 01:25:49,0956791119,10,999,naga,
2026-08-11 01:25:49,0967299994,10,999,naga,
2026-08-11 01:25:49,0954397666,10,699,naga,
2026-08-11 01:25:49,0951711116,10,1999,ajchang,
2026-08-11 01:25:49,0955411117,10,1999,ajchang,
2026-08-11 01:25:49,0967765558,10,899,ajchang,
2026-08-11 01:25:49,0855567065,10,499,ajchang,
2026-08-11 01:25:49,0855567099,10,499,ajchang,
2026-08-11 01:25:49,0956711132,10,499,ajchang,
2026-08-11 01:25:49,0855567215,10,499,ajchang,
2026-08-11 01:25:49,0955543585,10,499,ajchang,
2026-08-11 01:25:49,0956711148,10,499,ajchang,
2026-08-11 01:25:49,0953211159,10,499,emperor,
2026-08-11 01:25:49,0957651119,10,499,emperor,
2026-08-11 01:25:49,0954344426,10,499,emperor,
2026-08-11 01:25:49,0963165444,10,499,emperor,
2026-08-11 01:25:50,0641345666,14,699,universal,
2026-08-11 01:25:50,0648456777,14,499,rahu,
2026-08-11 01:25:50,0832101444,14,499,rahu,
2026-08-11 01:25:50,0956733339,14,999,naga,
2026-08-11 01:25:50,0963211119,14,999,naga,
2026-08-11 01:25:50,0963456661,14,499,emperor,
2026-08-11 01:25:50,0957654222,14,499,emperor,
2026-08-11 01:25:50,0957654442,14,499,emperor,
2026-08-11 01:25:50,0967654446,14,499,emperor,
2026-08-11 01:25:50,0968763000,13,699,universal,
2026-08-11 01:25:50,0820876000,13,499,rahu,
2026-08-11 01:25:50,0954325115,11,699,universal,
2026-08-11 01:25:50,0957654433,11,699,universal,
2026-08-11 01:25:50,0953432121,11,699,universal,
2026-08-11 01:25:50,0834944567,11,499,rahu,
2026-08-11 01:25:50,0837791234,11,899,rahu,NEW
2026-08-11 01:25:50,0658033456,11,499,rahu,NEW
2026-08-11 01:25:50,0839390123,11,699,rahu,
2026-08-11 01:25:50,0858826789,11,899,rahu,NEW
2026-08-11 01:25:50,0855041234,11,699,rahu,NEW
2026-08-11 01:25:50,0638011234,11,699,rahu,NEW
2026-08-11 01:25:50,0826641234,11,899,rahu,NEW
2026-08-11 01:25:50,0644583456,11,899,rahu,NEW
2026-08-11 01:25:50,0658806789,11,499,rahu,NEW
2026-08-11 01:25:50,0955123459,11,999,naga,
2026-08-11 01:25:50,0962345225,11,899,ajchang,
2026-08-11 01:25:50,0967654664,11,499,emperor,
2026-08-11 01:25:50,0957654646,11,499,emperor,
2026-08-11 01:25:50,0967654646,11,499,emperor,
2026-08-11 01:25:50,0967654224,11,499,emperor,
2026-08-11 01:25:50,0953456822,11,499,emperor,
2026-08-11 01:25:50,0957654466,11,499,emperor,
2026-08-11 01:25:50,0918766655,10,899,universal,
2026-08-11 01:25:50,0963877774,10,899,universal,
2026-08-11 01:25:50,0956722444,10,899,universal,
2026-08-11 01:25:50,0961233434,10,899,universal,
2026-08-11 01:25:50,0954347333,10,699,universal,
2026-08-11 01:25:50,0955176555,10,699,universal,
2026-08-11 01:25:50,0962688883,10,899,universal,
2026-08-11 01:25:50,0962566667,10,899,universal,
2026-08-11 01:25:50,0963452111,10,699,universal,
2026-08-11 01:25:50,0962722223,10,1199,universal,
2026-08-11 01:25:50,0954396777,10,699,universal,
2026-08-11 01:25:50,0967199990,10,899,universal,
2026-08-11 01:25:50,0953756777,10,699,universal,
2026-08-11 01:25:50,0957255551,10,899,universal,
2026-08-11 01:25:50,0955411117,10,899,universal,
2026-08-11 01:25:50,0841456888,10,699,universal,
2026-08-11 01:25:50,0637651666,10,699,universal,
2026-08-11 01:25:50,0642644441,10,1699,universal,
2026-08-11 01:25:50,0918688882,10,1199,universal,
2026-08-11 01:25:50,0962343666,10,699,universal,
2026-08-11 01:25:50,0952342777,10,699,universal,
2026-08-11 01:25:50,0969744440,10,1499,universal,
2026-08-11 01:25:50,0963677770,10,899,universal,
2026-08-11 01:25:50,0963177779,10,899,universal,
2026-08-11 01:25:50,0834593666,10,899,universal,
2026-08-11 01:25:50,0958244440,10,899,universal,
2026-08-11 01:25:50,0938788885,10,1199,universal,
2026-08-11 01:25:50,0959655553,10,1699,universal,
2026-08-11 01:25:50,0956233332,10,1199,universal,
2026-08-11 01:25:50,0961622227,10,899,universal,
2026-08-11 01:25:50,0956725666,10,699,universal,
2026-08-11 01:25:50,0952144441,10,1199,universal,
2026-08-11 01:25:50,0953451333,10,699,universal,
2026-08-11 01:25:50,0961388880,10,899,universal,
2026-08-11 01:25:50,0957144443,10,899,universal,
2026-08-11 01:25:50,0966755557,10,1199,universal,
2026-08-11 01:25:50,0953215111,10,899,universal,
2026-08-11 01:25:50,0968700002,10,899,universal,
2026-08-11 01:25:50,0961533338,10,899,universal,
2026-08-11 01:25:50,0951711116,10,1199,universal,
2026-08-11 01:25:50,0963133335,10,1199,universal,
2026-08-11 01:25:50,0964200006,10,899,universal,
2026-08-11 01:25:50,0957244442,10,1199,universal,
2026-08-11 01:25:50,0967355551,10,899,universal,
2026-08-11 01:25:50,0963155552,10,899,universal,
2026-08-11 01:25:50,0956743222,10,699,universal,
2026-08-11 01:25:50,0954375557,10,899,universal,
2026-08-11 01:25:50,0956795111,10,699,universal,
2026-08-11 01:25:50,0839176555,10,699,universal,
2026-08-11 01:25:50,0956721222,10,899,universal,
2026-08-11 01:25:50,0954700001,10,899,universal,
2026-08-11 01:25:50,0886766661,10,1199,universal,
2026-08-11 01:25:50,0961412333,10,699,universal,
2026-08-11 01:25:50,0658123555,10,899,rahu,
2026-08-11 01:25:50,0858343222,10,899,rahu,
2026-08-11 01:25:50,0832132444,10,499,rahu,
2026-08-11 01:25:50,0966783131,10,899,rahu,
2026-08-11 01:25:50,0820234111,10,499,rahu,
2026-08-11 01:25:50,0832543111,10,499,rahu,
2026-08-11 01:25:50,0910128111,10,699,rahu,
2026-08-11 01:25:50,0938567444,10,899,rahu,
2026-08-11 01:25:50,0834525777,10,499,rahu,
2026-08-11 01:25:50,0832012666,10,699,rahu,
2026-08-11 01:25:50,0963678885,10,499,rahu,
2026-08-11 01:25:50,0967188886,10,499,rahu,
2026-08-11 01:25:50,0645638777,10,899,rahu,
2026-08-11 01:25:50,0825671666,10,499,rahu,
2026-08-11 01:25:50,0938761114,10,499,rahu,
2026-08-11 01:25:50,0952488883,10,499,rahu,
2026-08-11 01:25:50,0838762333,10,899,rahu,
2026-08-11 01:25:50,0834537222,10,499,rahu,
2026-08-11 01:25:50,0968543331,10,499,rahu,
2026-08-11 01:25:50,0825567778,10,499,rahu,
2026-08-11 01:25:50,0952876111,10,899,rahu,
2026-08-11 01:25:50,0834325666,10,499,rahu,
2026-08-11 01:25:50,0961711115,10,1199,khanthep,
2026-08-11 01:25:50,0966612387,10,699,khanthep,
2026-08-11 01:25:50,0967851116,10,699,khanthep,
2026-08-11 01:25:50,0957422224,10,1199,khanthep,
2026-08-11 01:25:50,0953833335,10,1199,khanthep,
2026-08-11 01:25:50,0963822224,10,1199,khanthep,
2026-08-11 01:25:50,0966616432,10,1199,khanthep,
2026-08-11 01:25:50,0962799993,10,999,naga,
2026-08-11 01:25:50,0956749333,10,699,naga,
2026-08-11 01:25:50,0963766669,10,999,naga,
2026-08-11 01:25:50,0967633339,10,999,naga,
2026-08-11 01:25:50,0953277779,10,999,naga,
2026-08-11 01:25:50,0956795777,10,699,naga,
2026-08-11 01:25:50,0967234999,10,699,naga,
2026-08-11 01:25:50,0954399191,10,999,naga,
2026-08-11 01:25:50,0953200009,10,999,naga,
2026-08-11 01:25:50,0957200009,10,999,naga,
2026-08-11 01:25:50,0961399994,10,999,naga,
2026-08-11 01:25:50,0966765959,10,699,naga,
2026-08-11 01:25:50,0956793777,10,699,naga,
2026-08-11 01:25:50,0953199990,10,999,naga,
2026-08-11 01:25:50,0954394222,10,699,naga,
2026-08-11 01:25:50,0957766669,10,999,naga,
2026-08-11 01:25:50,0962433339,10,999,naga,
2026-08-11 01:25:50,0954319777,10,699,naga,
2026-08-11 01:25:50,0966711119,10,999,naga,
2026-08-11 01:25:50,0962399990,10,999,naga,
2026-08-11 01:25:50,0964122229,10,999,naga,
2026-08-11 01:25:50,0954391555,10,699,naga,
2026-08-11 01:25:50,0956799966,10,999,naga,
2026-08-11 01:25:50,0961499990,10,999,naga,
2026-08-11 01:25:50,0956799979,10,999,naga,
2026-08-11 01:25:50,0962377779,10,999,naga,
2026-08-11 01:25:50,0954393222,10,699,naga,
2026-08-11 01:25:50,0956549777,10,699,naga,
2026-08-11 01:25:50,0962500009,10,999,naga,
2026-08-11 01:25:50,0962349222,10,699,naga,
2026-08-11 01:25:50,0956749111,10,699,naga,
2026-08-11 01:25:50,0963499990,10,999,naga,
2026-08-11 01:25:50,0956719777,10,699,naga,
2026-08-11 01:25:50,0954700009,10,999,naga,
2026-08-11 01:25:50,0953611112,10,1999,ajchang,
2026-08-11 01:25:50,0961211117,10,1999,ajchang,
2026-08-11 01:25:50,0963654111,10,1699,ajchang,
2026-08-11 01:25:50,0957411119,10,899,ajchang,
2026-08-11 01:25:50,0962744446,10,899,ajchang,
2026-08-11 01:25:50,0802344415,10,499,ajchang,
2026-08-11 01:25:50,0955543700,10,499,ajchang,
2026-08-11 01:25:50,0956122225,10,1999,ajchang,
2026-08-11 01:25:50,0966544111,10,1999,ajchang,
2026-08-11 01:25:50,0954211119,10,1999,ajchang,
2026-08-11 01:25:50,0963622221,10,1999,ajchang,
2026-08-11 01:25:50,0962344484,10,899,ajchang,
2026-08-11 01:25:50,0956766111,10,899,ajchang,
2026-08-11 01:25:50,0954351666,10,899,ajchang,
2026-08-11 01:25:50,0855543900,10,499,ajchang,
2026-08-11 01:25:50,0643266601,10,499,ajchang,
2026-08-11 01:25:50,0903211108,10,499,ajchang,
2026-08-11 01:25:50,0639722210,10,499,ajchang,
2026-08-11 01:25:50,0855578654,10,499,ajchang,
2026-08-11 01:25:50,0839755567,10,499,ajchang,
2026-08-11 01:25:50,0967871114,10,1199,ajchang,
2026-08-11 01:25:50,0963122221,10,899,ajchang,
2026-08-11 01:25:50,0961766662,10,899,ajchang,
2026-08-11 01:25:50,0963411112,10,899,ajchang,
2026-08-11 01:25:50,0954365111,10,899,ajchang,
2026-08-11 01:25:50,0954399975,10,499,ajchang,
2026-08-11 01:25:50,0955543783,10,499,ajchang,
2026-08-11 01:25:50,0957166663,10,1499,ajchang,
2026-08-11 01:25:50,0953216111,10,899,ajchang,
2026-08-11 01:25:50,0956764666,10,899,ajchang,
2026-08-11 01:25:50,0966755551,10,899,ajchang,
2026-08-11 01:25:50,0963455585,10,899,ajchang,
2026-08-11 01:25:50,0955567033,10,499,ajchang,
2026-08-11 01:25:50,0832344401,10,499,ajchang,
2026-08-11 01:25:50,0955584568,10,499,ajchang,
2026-08-11 01:25:50,0953211145,10,499,ajchang,
2026-08-11 01:25:50,0956754666,10,899,ajchang,
2026-08-11 01:25:50,0957566662,10,899,ajchang,
2026-08-11 01:25:50,0956799930,10,499,ajchang,
2026-08-11 01:25:50,0902744432,10,499,ajchang,
2026-08-11 01:25:50,0955543751,10,499,ajchang,
2026-08-11 01:25:50,0643288870,10,499,ajchang,
2026-08-11 01:25:50,0953459222,10,499,emperor,
2026-08-11 01:25:50,0957651119,10,499,emperor,
2026-08-11 01:25:50,0967456999,10,499,emperor,
2026-08-11 01:25:50,0953211159,10,499,emperor,
2026-08-11 01:25:50,0954311165,10,499,emperor,
2026-08-11 01:25:50,0957645666,10,499,emperor,
2026-08-11 01:25:50,0954344426,10,499,emperor,
2026-08-11 01:25:50,0967816664,10,499,emperor,
2026-08-11 01:25:50,0963165444,10,499,emperor,
2026-08-11 01:25:50,0954344462,10,499,emperor,
2026-08-11 01:25:50,0953459111,10,499,emperor,
2026-08-11 01:25:56,0954322227,18,899,universal
2026-08-11 01:25:56,0832185888,10,899,universal
2026-08-11 01:25:56,0956754445,10,899,universal
2026-08-11 01:25:56,0832346555,10,699,universal
2026-08-11 01:25:56,0962356777,10,699,universal
2026-08-11 01:25:56,0952765222,10,699,universal
2026-08-11 01:25:56,0963166665,10,899,universal
2026-08-11 01:25:56,0962877775,10,899,universal
2026-08-11 01:25:56,0956733666,10,899,universal
2026-08-11 01:25:56,0999989491,10,1499,universal
2026-08-11 01:25:56,0956432777,10,699,universal
2026-08-11 01:25:56,0954543113,10,699,universal
2026-08-11 01:25:56,0999981185,10,699,universal
2026-08-11 01:25:56,0961288880,10,499,rahu
2026-08-11 01:25:56,0826234447,10,499,rahu
2026-08-11 01:25:56,0644401289,10,699,rahu
2026-08-11 01:25:56,0961533338,10,1199,khanthep
2026-08-11 01:25:56,0955593345,10,999,naga
2026-08-11 01:25:56,0961366661,10,899,ajchang
2026-08-11 01:25:56,0954311179,10,499,ajchang
2026-08-11 01:25:56,0956711134,10,499,ajchang
2026-08-11 01:26:00,0953456663,14,699,universal,
2026-08-11 01:26:00,0954322271,14,499,ajchang,
2026-08-11 01:26:00,0957654442,14,499,emperor,
2026-08-11 01:26:00,0963456661,14,499,emperor,
2026-08-11 01:26:00,0967654446,14,499,emperor,
2026-08-11 01:26:00,0957654222,14,499,emperor,
2026-08-11 01:26:00,0647676555,13,699,universal,
2026-08-11 01:26:00,0832021000,13,499,rahu,
2026-08-11 01:26:00,0826264000,12,499,rahu,
2026-08-11 01:26:00,0858515000,12,699,rahu,
2026-08-11 01:26:01,0889121234,14,899,rahu,NEW
2026-08-11 01:26:01,0957654222,14,499,emperor,
2026-08-11 01:26:01,0963456661,14,499,emperor,
2026-08-11 01:26:01,0825858000,12,699,rahu,
2026-08-11 01:26:01,0838765885,11,899,rahu,
2026-08-11 01:26:01,0959581234,11,899,rahu,NEW
2026-08-11 01:26:01,0955345679,11,999,naga,
2026-08-11 01:26:01,0967654422,11,499,emperor,
2026-08-11 01:26:01,0967654224,11,499,emperor,
2026-08-11 01:26:01,0957654466,11,499,emperor,
2026-08-11 01:26:01,0957654646,11,499,emperor,
2026-08-11 01:26:01,0967654664,11,499,emperor,
2026-08-11 01:26:01,0956766611,10,899,universal,
2026-08-11 01:26:01,0953877778,10,1199,universal,
2026-08-11 01:26:01,0957344440,10,899,universal,
2026-08-11 01:26:01,0953123111,10,699,universal,
2026-08-11 01:26:01,0956795777,10,699,universal,
2026-08-11 01:26:01,0967488883,10,499,rahu,
2026-08-11 01:26:01,0803678222,10,499,rahu,
2026-08-11 01:26:01,0953822234,10,699,rahu,
2026-08-11 01:26:01,0999126782,10,699,rahu,
2026-08-11 01:26:01,0834512224,10,899,rahu,
2026-08-11 01:26:01,0958768884,10,499,rahu,
2026-08-11 01:26:01,0953822224,10,1199,khanthep,
2026-08-11 01:26:01,0954711115,10,1199,khanthep,
2026-08-11 01:26:01,0967155553,10,1199,khanthep,
2026-08-11 01:26:01,0966765959,10,699,naga,
2026-08-11 01:26:01,0962477779,10,999,naga,
2026-08-11 01:26:01,0954391333,10,699,naga,
2026-08-11 01:26:01,0956749777,10,699,naga,
2026-08-11 01:26:01,0956796333,10,699,naga,
2026-08-11 01:26:01,0964133339,10,999,naga,
2026-08-11 01:26:01,0962688883,10,1999,ajchang,
2026-08-11 01:26:01,0956545111,10,1699,ajchang,
2026-08-11 01:26:01,0956729111,10,899,ajchang,
2026-08-11 01:26:01,0903211175,10,499,ajchang,
2026-08-11 01:26:01,0956722208,10,499,ajchang,
2026-08-11 01:26:01,0953459111,10,499,emperor,
2026-08-11 01:26:01,0967816664,10,499,emperor,
2026-08-11 01:26:01,0967456999,10,499,emperor,
2026-08-11 01:26:06,0938188886,10,1199,universal
2026-08-11 01:26:06,0967411119,10,899,universal
2026-08-11 01:26:06,0963214222,10,699,universal
2026-08-11 01:26:06,0953432444,10,699,universal
2026-08-11 01:26:06,0961754333,10,699,universal
2026-08-11 01:26:06,0964133330,10,899,universal
2026-08-11 01:26:06,0953213111,10,899,universal
2026-08-11 01:26:06,0963458882,10,899,rahu
2026-08-11 01:26:06,0955438887,10,499,rahu
2026-08-11 01:26:06,0825210008,10,499,rahu
2026-08-11 01:26:06,0966833330,10,499,rahu
2026-08-11 01:26:06,0966642543,10,699,khanthep
2026-08-11 01:26:06,0917611123,10,499,ajchang
2026-08-11 01:26:12,0644321666,14,699,universal,
2026-08-11 01:26:12,0961765444,14,699,universal,
2026-08-11 01:26:12,0954329777,14,699,naga,
2026-08-11 01:26:12,0963456661,14,499,emperor,
2026-08-11 01:26:12,0957654222,14,499,emperor,
2026-08-11 01:26:12,0837821000,13,699,rahu,
2026-08-11 01:26:12,0838911234,11,899,rahu,NEW
2026-08-11 01:26:12,0658311234,11,899,rahu,NEW
2026-08-11 01:26:12,0834413456,11,499,rahu,NEW
2026-08-11 01:26:12,0955123459,11,999,naga,
2026-08-11 01:26:12,0957654646,11,499,emperor,
2026-08-11 01:26:12,0953456822,11,499,emperor,
2026-08-11 01:26:12,0967654224,11,499,emperor,
2026-08-11 01:26:12,0967654422,11,499,emperor,
2026-08-11 01:26:12,0967654646,11,499,emperor,
2026-08-11 01:26:12,0957654466,11,499,emperor,
2026-08-11 01:26:12,0963122220,10,899,universal,
2026-08-11 01:26:12,0967833434,10,899,universal,
2026-08-11 01:26:12,0962344434,10,1199,universal,
2026-08-11 01:26:12,0961412333,10,699,universal,
2026-08-11 01:26:12,0962312333,10,699,universal,
2026-08-11 01:26:12,0953455222,10,899,universal,
2026-08-11 01:26:12,0954347333,10,699,universal,
2026-08-11 01:26:12,0966765353,10,699,universal,
2026-08-11 01:26:12,0954655557,10,899,universal,
2026-08-11 01:26:12,0963219555,10,699,universal,
2026-08-11 01:26:12,0959456888,10,699,universal,
2026-08-11 01:26:12,0968355550,10,899,universal,
2026-08-11 01:26:12,0966784111,10,499,rahu,
2026-08-11 01:26:12,0820687666,10,499,rahu,
2026-08-11 01:26:12,0968543331,10,499,rahu,
2026-08-11 01:26:12,0966833330,10,499,rahu,
2026-08-11 01:26:12,0832170002,10,499,rahu,
2026-08-11 01:26:12,0956388883,10,1199,khanthep,
2026-08-11 01:26:12,0967500009,10,999,naga,
2026-08-11 01:26:12,0967599997,10,999,naga,
2026-08-11 01:26:12,0956433339,10,999,naga,
2026-08-11 01:26:12,0967122229,10,999,naga,
2026-08-11 01:26:12,0954369222,10,699,naga,
2026-08-11 01:26:12,0954379777,10,999,naga,
2026-08-11 01:26:12,0953822224,10,1999,ajchang,
2026-08-11 01:26:12,0957166663,10,1499,ajchang,
2026-08-11 01:26:12,0957266662,10,899,ajchang,
2026-08-11 01:26:12,0956711616,10,899,ajchang,
2026-08-11 01:26:12,0967511114,10,899,ajchang,
2026-08-11 01:26:12,0956476555,10,599,ajchang,
2026-08-11 01:26:12,0917655537,10,499,ajchang,
2026-08-11 01:26:12,0954344426,10,499,emperor,
2026-08-11 01:26:12,0963165444,10,499,emperor,
2026-08-11 01:26:12,0957645666,10,499,emperor,
2026-08-11 01:26:12,0957651119,10,499,emperor,
2026-08-11 01:26:12,0967816664,10,499,emperor,
2026-08-11 01:26:12,0953459222,10,499,emperor,
2026-08-11 01:26:17,0966543113,11,699,universal
2026-08-11 01:26:17,0961788886,10,899,universal
2026-08-11 01:26:17,0645456611,10,699,universal
2026-08-11 01:26:17,0954341666,10,699,universal
2026-08-11 01:26:17,0834655552,10,1199,universal
2026-08-11 01:26:17,0955675757,10,899,universal
2026-08-11 01:26:17,0825144440,10,1499,universal
2026-08-11 01:26:17,0963211133,10,899,universal
2026-08-11 01:26:17,0954122227,10,899,universal
2026-08-11 01:26:17,0956722666,10,899,universal
2026-08-11 01:26:17,0962633330,10,899,universal
2026-08-11 01:26:17,0825438886,10,899,rahu
2026-08-11 01:26:17,0855565457,10,499,rahu
2026-08-11 01:26:17,0958012223,10,699,rahu
2026-08-11 01:26:17,0820121333,10,699,rahu
2026-08-11 01:26:17,0826540001,10,499,rahu
2026-08-11 01:26:17,0858032111,10,699,rahu
2026-08-11 01:26:17,0955400009,10,999,naga
2026-08-11 01:26:17,0951711116,10,1999,ajchang
2026-08-11 01:26:17,0962788882,10,899,ajchang
2026-08-11 01:26:17,0962765222,10,899,ajchang
2026-08-11 01:26:17,0961766664,10,899,ajchang
2026-08-11 01:26:17,0956432444,10,599,ajchang
2026-08-11 01:26:17,0956732111,10,599,ajchang
2026-08-11 01:26:17,0955567737,10,499,ajchang
2026-08-11 01:26:24,0956711114,14,899,universal,
2026-08-11 01:26:24,0956733339,14,999,naga,
2026-08-11 01:26:24,0803300123,11,499,rahu,
2026-08-11 01:26:24,0958873456,11,499,rahu,NEW
2026-08-11 01:26:24,0966789128,11,699,rahu,NEW
2026-08-11 01:26:24,0855836789,11,899,rahu,NEW
2026-08-11 01:26:24,0838765885,11,899,rahu,
2026-08-11 01:26:24,0967654224,11,499,emperor,
2026-08-11 01:26:24,0967654664,11,499,emperor,
2026-08-11 01:26:24,0967654646,11,499,emperor,
2026-08-11 01:26:24,0967654422,11,499,emperor,
2026-08-11 01:26:24,0957654646,11,499,emperor,
2026-08-11 01:26:24,0961755550,10,899,universal,
2026-08-11 01:26:24,0952533339,10,899,universal,
2026-08-11 01:26:24,0957122225,10,899,universal,
2026-08-11 01:26:24,0957711115,10,1199,universal,
2026-08-11 01:26:24,0967144440,10,899,universal,
2026-08-11 01:26:24,0963455585,10,899,universal,
2026-08-11 01:26:24,0954314666,10,699,universal,
2026-08-11 01:26:24,0809989874,10,1499,universal,
2026-08-11 01:26:24,0954358222,10,699,universal,
2026-08-11 01:26:24,0637465444,10,899,universal,
2026-08-11 01:26:24,0953321313,10,699,universal,
2026-08-11 01:26:24,0956477770,10,899,universal,
2026-08-11 01:26:24,0963544447,10,1699,universal,
2026-08-11 01:26:24,0962411110,10,899,universal,
2026-08-11 01:26:24,0967820888,10,499,rahu,
2026-08-11 01:26:24,0954383334,10,899,rahu,
2026-08-11 01:26:24,0809312333,10,499,rahu,
2026-08-11 01:26:24,0962344484,10,499,rahu,
2026-08-11 01:26:24,0858761444,10,899,rahu,
2026-08-11 01:26:24,0967155553,10,1199,khanthep,
2026-08-11 01:26:24,0956743999,10,699,naga,
2026-08-11 01:26:24,0953212229,10,999,naga,
2026-08-11 01:26:24,0967299993,10,999,naga,
2026-08-11 01:26:24,0963144449,10,999,naga,
2026-08-11 01:26:24,0962411119,10,999,naga,
2026-08-11 01:26:24,0967432999,10,699,naga,
2026-08-11 01:26:24,0952344949,10,999,naga,
2026-08-11 01:26:24,0962522221,10,1999,ajchang,
2026-08-11 01:26:24,0958711116,10,1999,ajchang,
2026-08-11 01:26:24,0957166663,10,1499,ajchang,
2026-08-11 01:26:24,0954311165,10,899,ajchang,
2026-08-11 01:26:24,0956321555,10,899,ajchang,
2026-08-11 01:26:24,0963452229,10,899,ajchang,
2026-08-11 01:26:24,0955765252,10,899,ajchang,
2026-08-11 01:26:24,0954311163,10,499,ajchang,
2026-08-11 01:26:24,0955543381,10,499,ajchang,
2026-08-11 01:26:24,0957655508,10,499,ajchang,
2026-08-11 01:26:24,0835210222,10,499,ajchang,
2026-08-11 01:26:24,0855543900,10,499,ajchang,
2026-08-11 01:26:24,0955543872,10,499,ajchang,
2026-08-11 01:26:24,0953459111,10,499,emperor,
2026-08-11 01:26:24,0957645666,10,499,emperor,
2026-08-11 01:26:24,0967816664,10,499,emperor,
2026-08-11 01:26:24,0953459222,10,499,emperor,
2026-08-11 01:26:24,0963165444,10,499,emperor,
2026-08-11 01:26:24,0967456999,10,499,emperor,
2026-08-11 01:26:24,0954344462,10,499,emperor,
2026-08-11 01:26:24,0832101555,14,499,rahu,
2026-08-11 01:26:24,0957654442,14,499,emperor,
2026-08-11 01:26:24,0963456661,14,499,emperor,
2026-08-11 01:26:24,0967654446,14,499,emperor,
2026-08-11 01:26:24,0957654222,14,499,emperor,
2026-08-11 01:26:24,0832157000,13,499,rahu,
2026-08-11 01:26:24,0858768000,13,699,rahu,
2026-08-11 01:26:24,0953533338,13,1199,khanthep,
2026-08-11 01:26:27,0954323222,17,1199,universal
2026-08-11 01:26:27,0918765454,11,899,rahu
2026-08-11 01:26:27,0835353456,11,499,rahu
2026-08-11 01:26:27,0963213338,10,699,universal
2026-08-11 01:26:27,0809045666,10,1199,universal
2026-08-11 01:26:27,0951700006,10,899,universal
2026-08-11 01:26:27,0952343332,10,699,universal
2026-08-11 01:26:27,0957344446,10,899,universal
2026-08-11 01:26:27,0967829333,10,499,rahu
2026-08-11 01:26:27,0825543338,10,899,rahu
2026-08-11 01:26:27,0826782777,10,899,rahu
2026-08-11 01:26:27,0952533336,10,1199,khanthep
2026-08-11 01:26:27,0963219993,10,699,naga
2026-08-11 01:26:27,0954311616,10,899,ajchang
2026-08-11 01:26:27,0855513458,10,499,ajchang
2026-08-11 01:26:27,0955543473,10,499,ajchang
2026-08-11 01:26:27,0953211110,14,899,universal,
2026-08-11 01:26:27,0953211119,14,899,universal,
2026-08-11 01:26:27,0954329777,14,699,universal,
2026-08-11 01:26:27,0832101555,14,499,rahu,
2026-08-11 01:26:27,0855567822,14,699,rahu,
2026-08-11 01:26:27,0957654442,14,899,ajchang,
2026-08-11 01:26:27,0963455552,14,899,ajchang,
2026-08-11 01:26:27,0957654222,14,499,emperor,
2026-08-11 01:26:27,0963456661,14,499,emperor,
2026-08-11 01:26:27,0967654446,14,499,emperor,
2026-08-11 01:26:27,0839345000,13,499,rahu,
2026-08-11 01:26:27,0658789000,13,499,rahu,
2026-08-11 01:26:27,0961611114,13,1999,ajchang,
2026-08-11 01:26:27,0968606000,12,499,rahu,
2026-08-11 01:26:27,0826511234,11,899,rahu,NEW
2026-08-11 01:26:27,0959581234,11,899,rahu,NEW
2026-08-11 01:26:27,0803611234,11,499,rahu,NEW
2026-08-11 01:26:27,0918855678,11,499,rahu,
2026-08-11 01:26:27,0834563323,11,499,rahu,
2026-08-11 01:26:27,0809711234,11,499,rahu,NEW
2026-08-11 01:26:27,0832010123,11,699,rahu,
2026-08-11 01:26:27,0641266789,11,499,rahu,NEW
2026-08-11 01:26:27,0957654466,11,499,emperor,
2026-08-11 01:26:27,0967654422,11,499,emperor,
2026-08-11 01:26:27,0967654646,11,499,emperor,
2026-08-11 01:26:27,0967654664,11,499,emperor,
2026-08-11 01:26:27,0967654224,11,499,emperor,
2026-08-11 01:26:27,0953456822,11,499,emperor,
2026-08-11 01:26:27,0957654646,11,499,emperor,
2026-08-11 01:26:27,0957321333,10,699,universal,
2026-08-11 01:26:27,0954311313,10,1199,universal,
2026-08-11 01:26:27,0961711112,10,1199,universal,
2026-08-11 01:26:27,0952611113,10,899,universal,
2026-08-11 01:26:27,0832178222,10,699,universal,
2026-08-11 01:26:27,0954353331,10,699,universal,
2026-08-11 01:26:27,0956756444,10,699,universal,
2026-08-11 01:26:27,0959355551,10,1699,universal,
2026-08-11 01:26:27,0963212666,10,699,universal,
2026-08-11 01:26:27,0954367222,10,699,universal,
2026-08-11 01:26:27,0961266667,10,899,universal,
2026-08-11 01:26:27,0952144442,10,899,universal,
2026-08-11 01:26:27,0962754333,10,699,universal,
2026-08-11 01:26:27,0963213777,10,699,universal,
2026-08-11 01:26:27,0962343336,10,699,universal,
2026-08-11 01:26:27,0957500009,10,899,universal,
2026-08-11 01:26:27,0951755552,10,899,universal,
2026-08-11 01:26:27,0952700009,10,899,universal,
2026-08-11 01:26:27,0967588887,10,899,universal,
2026-08-11 01:26:27,0962400007,10,899,universal,
2026-08-11 01:26:27,0955611112,10,899,universal,
2026-08-11 01:26:27,0803655552,10,1199,universal,
2026-08-11 01:26:27,0954357773,10,699,universal,
2026-08-11 01:26:27,0954377733,10,1199,universal,
2026-08-11 01:26:27,0952744445,10,899,universal,
2026-08-11 01:26:27,0952349111,10,699,universal,
2026-08-11 01:26:27,0956793111,10,699,universal,
2026-08-11 01:26:27,0954345222,10,699,universal,
2026-08-11 01:26:27,0963466660,10,899,universal,
2026-08-11 01:26:27,0961632111,10,699,universal,
2026-08-11 01:26:27,0956345558,10,699,universal,
2026-08-11 01:26:27,0963432444,10,699,universal,
2026-08-11 01:26:27,0967875888,10,699,universal,
2026-08-11 01:26:27,0954633331,10,899,universal,
2026-08-11 01:26:27,0967411115,10,899,universal,
2026-08-11 01:26:27,0967712333,10,699,universal,
2026-08-11 01:26:27,0956744777,10,1199,universal,
2026-08-11 01:26:27,0961411115,10,1199,universal,
2026-08-11 01:26:27,0957122224,10,899,universal,
2026-08-11 01:26:27,0841511116,10,1199,universal,
2026-08-11 01:26:27,0953166663,10,899,universal,
2026-08-11 01:26:27,0962144443,10,899,universal,
2026-08-11 01:26:27,0956755959,10,899,universal,
2026-08-11 01:26:27,0955455567,10,899,universal,
2026-08-11 01:26:27,0962144447,10,899,universal,
2026-08-11 01:26:27,0832156888,10,699,universal,
2026-08-11 01:26:27,0953233337,10,1199,universal,
2026-08-11 01:26:27,0834464654,10,1499,universal,
2026-08-11 01:26:27,0918210005,10,499,rahu,
2026-08-11 01:26:27,0825430222,10,499,rahu,
2026-08-11 01:26:27,0638732111,10,499,rahu,
2026-08-11 01:26:27,0834210555,10,499,rahu,
2026-08-11 01:26:27,0958543331,10,499,rahu,
2026-08-11 01:26:27,0834589997,10,899,rahu,
2026-08-11 01:26:27,0961388880,10,499,rahu,
2026-08-11 01:26:27,0886765858,10,899,rahu,
2026-08-11 01:26:27,0837721010,10,499,rahu,
2026-08-11 01:26:27,0954383334,10,899,rahu,
2026-08-11 01:26:27,0967820444,10,499,rahu,
2026-08-11 01:26:27,0968355550,10,499,rahu,
2026-08-11 01:26:27,0967823444,10,499,rahu,
2026-08-11 01:26:27,0825210009,10,499,rahu,
2026-08-11 01:26:27,0963455585,10,499,rahu,
2026-08-11 01:26:27,0953877778,10,1199,rahu,
2026-08-11 01:26:27,0967858588,10,1199,rahu,
2026-08-11 01:26:27,0961633338,10,1199,rahu,
2026-08-11 01:26:27,0886785111,10,499,rahu,
2026-08-11 01:26:27,0820412333,10,699,rahu,
2026-08-11 01:26:27,0954383666,10,699,khanthep,
2026-08-11 01:26:27,0961511116,10,1199,khanthep,
2026-08-11 01:26:27,0956477771,10,1199,khanthep,
2026-08-11 01:26:27,0957422224,10,1199,khanthep,
2026-08-11 01:26:27,0966321515,10,699,khanthep,
2026-08-11 01:26:27,0953633338,10,1199,khanthep,
2026-08-11 01:26:27,0961612336,10,699,khanthep,
2026-08-11 01:26:27,0956799966,10,999,naga,
2026-08-11 01:26:27,0967599997,10,999,naga,
2026-08-11 01:26:27,0956797779,10,999,naga,
2026-08-11 01:26:27,0955515679,10,999,naga,
2026-08-11 01:26:27,0954399191,10,999,naga,
2026-08-11 01:26:27,0966639871,10,699,naga,
2026-08-11 01:26:27,0967433339,10,999,naga,
2026-08-11 01:26:27,0953219111,10,999,naga,
2026-08-11 01:26:27,0956729777,10,699,naga,
2026-08-11 01:26:27,0956743999,10,699,naga,
2026-08-11 01:26:27,0967432999,10,699,naga,
2026-08-11 01:26:27,0954397333,10,699,naga,
2026-08-11 01:26:27,0967299990,10,999,naga,
2026-08-11 01:26:27,0962744449,10,999,naga,
2026-08-11 01:26:27,0957199992,10,999,naga,
2026-08-11 01:26:27,0961677779,10,999,naga,
2026-08-11 01:26:27,0956794449,10,999,naga,
2026-08-11 01:26:27,0955679222,10,699,naga,
2026-08-11 01:26:27,0956795111,10,699,naga,
2026-08-11 01:26:27,0961300009,10,999,naga,
2026-08-11 01:26:27,0956719111,10,999,naga,
2026-08-11 01:26:27,0956719777,10,699,naga,
2026-08-11 01:26:27,0952300009,10,999,naga,
2026-08-11 01:26:27,0956759666,10,699,naga,
2026-08-11 01:26:27,0953459222,10,699,naga,
2026-08-11 01:26:27,0956729333,10,699,naga,
2026-08-11 01:26:27,0961700009,10,999,naga,
2026-08-11 01:26:27,0954397111,10,699,naga,
2026-08-11 01:26:27,0953459111,10,699,naga,
2026-08-11 01:26:27,0957233339,10,999,naga,
2026-08-11 01:26:27,0955567779,10,699,naga,
2026-08-11 01:26:27,0957411119,10,999,naga,
2026-08-11 01:26:27,0954319777,10,699,naga,
2026-08-11 01:26:27,0956400009,10,999,naga,
2026-08-11 01:26:27,0954394666,10,699,naga,
2026-08-11 01:26:27,0953499996,10,999,naga,
2026-08-11 01:26:27,0967277779,10,999,naga,
2026-08-11 01:26:27,0953277779,10,999,naga,
2026-08-11 01:26:27,0956739777,10,699,naga,
2026-08-11 01:26:27,0964100009,10,999,naga,
2026-08-11 01:26:27,0956211115,10,1999,ajchang,
2026-08-11 01:26:27,0961211116,10,1999,ajchang,
2026-08-11 01:26:27,0966546111,10,1699,ajchang,
2026-08-11 01:26:27,0966744449,10,899,ajchang,
2026-08-11 01:26:27,0834511187,10,499,ajchang,
2026-08-11 01:26:27,0954211112,10,2199,ajchang,
2026-08-11 01:26:27,0963611112,10,1999,ajchang,
2026-08-11 01:26:27,0957122226,10,1499,ajchang,
2026-08-11 01:26:27,0962322221,10,899,ajchang,
2026-08-11 01:26:27,0966722229,10,899,ajchang,
2026-08-11 01:26:27,0963711119,10,899,ajchang,
2026-08-11 01:26:27,0953214999,10,899,ajchang,
2026-08-11 01:26:27,0917611123,10,499,ajchang,
2026-08-11 01:26:27,0643455584,10,499,ajchang,
2026-08-11 01:26:27,0962311123,10,499,ajchang,
2026-08-11 01:26:27,0956751116,10,899,ajchang,
2026-08-11 01:26:27,0956754666,10,899,ajchang,
2026-08-11 01:26:27,0967344441,10,899,ajchang,
2026-08-11 01:26:27,0954765222,10,899,ajchang,
2026-08-11 01:26:27,0963488885,10,899,ajchang,
2026-08-11 01:26:27,0954375666,10,599,ajchang,
2026-08-11 01:26:27,0644487012,10,499,ajchang,
2026-08-11 01:26:27,0956542111,10,1699,ajchang,
2026-08-11 01:26:27,0967622226,10,899,ajchang,
2026-08-11 01:26:27,0952341444,10,899,ajchang,
2026-08-11 01:26:27,0967765551,10,899,ajchang,
2026-08-11 01:26:27,0855567967,10,499,ajchang,
2026-08-11 01:26:27,0645615444,10,1699,ajchang,
2026-08-11 01:26:27,0966711119,10,899,ajchang,
2026-08-11 01:26:27,0963755556,10,899,ajchang,
2026-08-11 01:26:27,0956711144,10,899,ajchang,
2026-08-11 01:26:27,0952311116,10,899,ajchang,
2026-08-11 01:26:27,0967345444,10,899,ajchang,
2026-08-11 01:26:27,0643452111,10,499,ajchang,
2026-08-11 01:26:27,0955543872,10,499,ajchang,
2026-08-11 01:26:27,0955567129,10,499,ajchang,
2026-08-11 01:26:27,0954311165,10,499,emperor,
2026-08-11 01:26:27,0967816664,10,499,emperor,
2026-08-11 01:26:27,0963165444,10,499,emperor,
2026-08-11 01:26:27,0957651119,10,499,emperor,
2026-08-11 01:26:27,0957645666,10,499,emperor,
2026-08-11 01:26:27,0953211159,10,499,emperor,
2026-08-11 01:26:27,0967456999,10,499,emperor,
2026-08-11 01:26:27,0954344462,10,499,emperor,
2026-08-11 01:26:36,0963456661,14,499,emperor,
2026-08-11 01:26:36,0966876000,13,699,universal,
2026-08-11 01:26:36,0959532111,13,699,naga,
2026-08-11 01:26:36,0855146789,11,499,rahu,NEW
2026-08-11 01:26:36,0855863456,11,899,rahu,NEW
2026-08-11 01:26:36,0855123458,11,699,rahu,NEW
2026-08-11 01:26:36,0957654466,11,499,emperor,
2026-08-11 01:26:36,0967654664,11,499,emperor,
2026-08-11 01:26:36,0953456822,11,499,emperor,
2026-08-11 01:26:36,0957654646,11,499,emperor,
2026-08-11 01:26:36,0967654422,11,499,emperor,
2026-08-11 01:26:36,0962623443,10,699,universal,
2026-08-11 01:26:36,0957188886,10,899,universal,
2026-08-11 01:26:36,0966466667,10,1199,universal,
2026-08-11 01:26:36,0955598742,10,1199,universal,
2026-08-11 01:26:36,0966616547,10,1199,universal,
2026-08-11 01:26:36,0967177772,10,1199,universal,
2026-08-11 01:26:36,0956713111,10,899,universal,
2026-08-11 01:26:36,0825254334,10,499,rahu,
2026-08-11 01:26:36,0820121333,10,699,rahu,
2026-08-11 01:26:36,0825987770,10,499,rahu,
2026-08-11 01:26:36,0644798777,10,899,rahu,
2026-08-11 01:26:36,0858856767,10,899,rahu,
2026-08-11 01:26:36,0886785111,10,499,rahu,
2026-08-11 01:26:36,0958711116,10,1199,khanthep,
2026-08-11 01:26:36,0963211919,10,999,naga,
2026-08-11 01:26:36,0953766669,10,999,naga,
2026-08-11 01:26:36,0956729777,10,699,naga,
2026-08-11 01:26:36,0967432999,10,699,naga,
2026-08-11 01:26:36,0955679333,10,699,naga,
2026-08-11 01:26:36,0962799993,10,999,naga,
2026-08-11 01:26:36,0962611117,10,1999,ajchang,
2026-08-11 01:26:36,0961511116,10,1999,ajchang,
2026-08-11 01:26:36,0967166664,10,1499,ajchang,
2026-08-11 01:26:36,0962355552,10,899,ajchang,
2026-08-11 01:26:36,0966765959,10,899,ajchang,
2026-08-11 01:26:36,0953766662,10,899,ajchang,
2026-08-11 01:26:36,0966321555,10,899,ajchang,
2026-08-11 01:26:36,0955543755,10,499,ajchang,
2026-08-11 01:26:36,0953211159,10,499,emperor,
2026-08-11 01:26:36,0967456999,10,499,emperor,
2026-08-11 01:26:36,0957645666,10,499,emperor,
2026-08-11 01:26:36,0954344462,10,499,emperor,
2026-08-11 01:26:36,0957651119,10,499,emperor,
2026-08-11 01:26:36,0963165444,10,499,emperor,
2026-08-11 01:26:38,0962345553,14,699,universal
2026-08-11 01:26:38,0841411118,13,1199,universal
2026-08-11 01:26:38,0644386789,11,499,rahu
2026-08-11 01:26:38,0938633456,11,499,rahu
2026-08-11 01:26:38,0954365333,10,699,universal
2026-08-11 01:26:38,0999981611,10,699,universal
2026-08-11 01:26:38,0952567333,10,699,universal
2026-08-11 01:26:38,0956731666,10,699,universal
2026-08-11 01:26:38,0963611114,10,899,universal
2026-08-11 01:26:38,0962745666,10,699,universal
2026-08-11 01:26:38,0826012888,10,699,rahu
2026-08-11 01:26:38,0834576660,10,499,rahu
2026-08-11 01:26:38,0832173330,10,499,rahu
2026-08-11 01:26:38,0955543087,10,499,ajchang
2026-08-11 01:26:38,0917655584,10,499,ajchang
2026-08-11 01:26:38,0955543341,10,499,ajchang
2026-08-11 01:26:47,0954326111,14,699,universal,
2026-08-11 01:26:47,0954377773,14,1199,universal,
2026-08-11 01:26:47,0957654222,14,899,ajchang,
2026-08-11 01:26:47,0967765454,14,899,ajchang,
2026-08-11 01:26:47,0967654446,14,499,emperor,
2026-08-11 01:26:47,0963456661,14,499,emperor,
2026-08-11 01:26:47,0957654442,14,499,emperor,
2026-08-11 01:26:47,0909958000,12,499,rahu,
2026-08-11 01:26:47,0964123434,11,699,universal,
2026-08-11 01:26:47,0963411234,11,699,universal,
2026-08-11 01:26:47,0838861234,11,899,rahu,NEW
2026-08-11 01:26:47,0967654422,11,499,emperor,
2026-08-11 01:26:47,0967654224,11,499,emperor,
2026-08-11 01:26:47,0961321666,10,699,universal,
2026-08-11 01:26:47,0954362777,10,699,universal,
2026-08-11 01:26:47,0834588866,10,899,universal,
2026-08-11 01:26:47,0972965444,10,899,universal,
2026-08-11 01:26:47,0967233339,10,899,universal,
2026-08-11 01:26:47,0955700004,10,899,universal,
2026-08-11 01:26:47,0953455222,10,899,universal,
2026-08-11 01:26:47,0953611110,10,899,universal,
2026-08-11 01:26:47,0966876161,10,699,universal,
2026-08-11 01:26:47,0641678666,10,899,rahu,
2026-08-11 01:26:47,0938763330,10,499,rahu,
2026-08-11 01:26:47,0966654283,10,699,khanthep,
2026-08-11 01:26:47,0967878892,10,699,khanthep,
2026-08-11 01:26:47,0955300009,10,999,naga,
2026-08-11 01:26:47,0967399994,10,999,naga,
2026-08-11 01:26:47,0961677779,10,999,naga,
2026-08-11 01:26:47,0951600009,10,999,naga,
2026-08-11 01:26:47,0956749333,10,699,naga,
2026-08-11 01:26:47,0963211129,10,999,naga,
2026-08-11 01:26:47,0961766669,10,999,naga,
2026-08-11 01:26:47,0957133339,10,999,naga,
2026-08-11 01:26:47,0966744449,10,899,ajchang,
2026-08-11 01:26:47,0962744449,10,899,ajchang,
2026-08-11 01:26:47,0954755556,10,899,ajchang,
2026-08-11 01:26:47,0956756444,10,899,ajchang,
2026-08-11 01:26:47,0954374222,10,599,ajchang,
2026-08-11 01:26:47,0963811123,10,499,ajchang,
2026-08-11 01:26:47,0953459111,10,499,emperor,
2026-08-11 01:26:47,0953211159,10,499,emperor,
2026-08-11 01:26:47,0963165444,10,499,emperor,
2026-08-11 01:26:47,0954344462,10,499,emperor,
2026-08-11 01:26:47,0967816664,10,499,emperor,
2026-08-11 01:26:48,0855543231,14,499,ajchang
2026-08-11 01:26:48,0825678228,11,899,rahu
2026-08-11 01:26:48,0829433456,11,499,rahu
2026-08-11 01:26:48,0638380123,11,699,rahu
2026-08-11 01:26:48,0956783355,11,499,rahu
2026-08-11 01:26:48,0829055554,10,1499,universal
2026-08-11 01:26:48,0834099996,10,1199,universal
2026-08-11 01:26:48,0962343332,10,699,universal
2026-08-11 01:26:48,0963166667,10,899,universal
2026-08-11 01:26:48,0960922228,10,899,universal
2026-08-11 01:26:48,0957566662,10,899,universal
2026-08-11 01:26:48,0953633338,10,1199,rahu
2026-08-11 01:26:48,0953219777,10,699,naga
2026-08-11 01:26:48,0956756444,10,899,ajchang
2026-08-11 01:26:48,0966745666,10,899,ajchang
2026-08-11 01:26:48,0963422226,10,899,ajchang
2026-08-11 01:26:48,0644483457,10,499,ajchang
2026-08-11 01:26:51,0648456777,14,499,rahu,
2026-08-11 01:26:51,0957654222,14,499,emperor,
2026-08-11 01:26:51,0963456661,14,499,emperor,
2026-08-11 01:26:51,0969678222,13,699,universal,
2026-08-11 01:26:51,0968769000,13,699,naga,
2026-08-11 01:26:59,0957654222,14,499,emperor,
2026-08-11 01:26:59,0967677772,13,1199,universal,
2026-08-11 01:26:59,0834343000,12,499,rahu,
2026-08-11 01:26:59,0834561133,11,499,rahu,
2026-08-11 01:26:59,0954322461,11,699,khanthep,
2026-08-11 01:26:59,0955194567,11,699,naga,
2026-08-11 01:26:59,0967654422,11,899,ajchang,
2026-08-11 01:26:59,0967654224,11,499,emperor,
2026-08-11 01:26:59,0957654466,11,499,emperor,
2026-08-11 01:26:59,0967654664,11,499,emperor,
2026-08-11 01:26:59,0953456822,11,499,emperor,
2026-08-11 01:26:59,0643298111,10,699,universal,
2026-08-11 01:26:59,0954133335,10,899,universal,
2026-08-11 01:26:59,0954392555,10,699,universal,
2026-08-11 01:26:59,0957166667,10,899,universal,
2026-08-11 01:26:59,0956735111,10,699,universal,
2026-08-11 01:26:59,0951622227,10,899,universal,
2026-08-11 01:26:59,0956743111,10,699,universal,
2026-08-11 01:26:59,0957655444,10,899,universal,
2026-08-11 01:26:59,0832210777,10,499,rahu,
2026-08-11 01:26:59,0966632161,10,699,khanthep,
2026-08-11 01:26:59,0967871114,10,699,khanthep,
2026-08-11 01:26:59,0963744449,10,999,naga,
2026-08-11 01:26:59,0963499990,10,999,naga,
2026-08-11 01:26:59,0962349555,10,699,naga,
2026-08-11 01:26:59,0957699992,10,999,naga,
2026-08-11 01:26:59,0961799990,10,999,naga,
2026-08-11 01:26:59,0953212229,10,999,naga,
2026-08-11 01:26:59,0962799993,10,999,naga,
2026-08-11 01:26:59,0956729777,10,699,naga,
2026-08-11 01:26:59,0953711119,10,999,naga,
2026-08-11 01:26:59,0961288883,10,1999,ajchang,
2026-08-11 01:26:59,0956311119,10,899,ajchang,
2026-08-11 01:26:59,0953211125,10,899,ajchang,
2026-08-11 01:26:59,0955543700,10,499,ajchang,
2026-08-11 01:26:59,0826788890,10,499,ajchang,
2026-08-11 01:26:59,0955534876,10,499,ajchang,
2026-08-11 01:26:59,0646788835,10,499,ajchang,
2026-08-11 01:26:59,0855578654,10,499,ajchang,
2026-08-11 01:26:59,0956722258,10,499,ajchang,
2026-08-11 01:26:59,0957645666,10,499,emperor,
2026-08-11 01:26:59,0954311165,10,499,emperor,
2026-08-11 01:26:59,0954344426,10,499,emperor,
2026-08-11 01:26:59,0954344462,10,499,emperor,
2026-08-11 01:26:59,0963165444,10,499,emperor,
2026-08-11 01:26:59,0953459111,10,499,emperor,
2026-08-11 01:27:01,0961733456,11,699,universal
2026-08-11 01:27:01,0952811234,11,899,rahu
2026-08-11 01:27:01,0889561234,11,499,rahu
2026-08-11 01:27:01,0918211234,11,899,rahu
2026-08-11 01:27:01,0996789381,11,499,rahu
2026-08-11 01:27:01,0967145666,10,899,universal
2026-08-11 01:27:01,0956713331,10,899,universal
2026-08-11 01:27:01,0832179666,10,499,rahu
2026-08-11 01:27:01,0855501222,10,699,rahu
2026-08-11 01:27:01,0952877774,10,1199,rahu
2026-08-11 01:27:01,0954397111,10,699,naga
2026-08-11 01:27:01,0953219222,10,699,naga
2026-08-11 01:27:01,0955580126,10,499,ajchang
2026-08-11 01:27:01,0955567129,10,499,ajchang
2026-08-11 01:27:06,0956733339,14,899,universal,
2026-08-11 01:27:06,0952344443,14,1199,universal,
2026-08-11 01:27:06,0954327666,14,699,universal,
2026-08-11 01:27:06,0855586789,14,899,rahu,NEW
2026-08-11 01:27:06,0954328885,14,899,rahu,
2026-08-11 01:27:06,0834561115,14,499,rahu,
2026-08-11 01:27:06,0644476540,14,499,ajchang,
2026-08-11 01:27:06,0643211149,14,499,ajchang,
2026-08-11 01:27:06,0957654222,14,499,emperor,
2026-08-11 01:27:06,0957654442,14,499,emperor,
2026-08-11 01:27:06,0963456661,14,499,emperor,
2026-08-11 01:27:06,0967654446,14,499,emperor,
2026-08-11 01:27:06,0832126000,13,699,rahu,
2026-08-11 01:27:06,0963232111,13,599,ajchang,
2026-08-11 01:27:06,0832727000,12,499,rahu,
2026-08-11 01:27:06,0838351000,12,699,rahu,
2026-08-11 01:27:06,0959578000,12,499,rahu,
2026-08-11 01:27:06,0957744567,11,699,universal,
2026-08-11 01:27:06,0961432121,11,699,universal,
2026-08-11 01:27:06,0966543217,11,1199,universal,
2026-08-11 01:27:06,0962511234,11,699,universal,
2026-08-11 01:27:06,0886850123,11,699,rahu,
2026-08-11 01:27:06,0858536789,11,899,rahu,NEW
2026-08-11 01:27:06,0644083456,11,499,rahu,NEW
2026-08-11 01:27:06,0802511234,11,499,rahu,NEW
2026-08-11 01:27:06,0886283456,11,899,rahu,NEW
2026-08-11 01:27:06,0889231234,11,499,rahu,NEW
2026-08-11 01:27:06,0826600123,11,699,rahu,
2026-08-11 01:27:06,0838395678,11,699,rahu,
2026-08-11 01:27:06,0959583456,11,899,rahu,NEW
2026-08-11 01:27:06,0834560011,11,499,rahu,
2026-08-11 01:27:06,0834944567,11,499,rahu,
2026-08-11 01:27:06,0658850123,11,699,rahu,
2026-08-11 01:27:06,0837511234,11,899,rahu,NEW
2026-08-11 01:27:06,0889081234,11,499,rahu,NEW
2026-08-11 01:27:06,0938855678,11,699,rahu,
2026-08-11 01:27:06,0832010123,11,699,rahu,
2026-08-11 01:27:06,0889421234,11,499,rahu,NEW
2026-08-11 01:27:06,0886851234,11,899,rahu,NEW
2026-08-11 01:27:06,0967791234,11,699,naga,
2026-08-11 01:27:06,0955194567,11,699,naga,
2026-08-11 01:27:06,0962345252,11,899,ajchang,
2026-08-11 01:27:06,0967654224,11,499,emperor,
2026-08-11 01:27:06,0967654664,11,499,emperor,
2026-08-11 01:27:06,0953456822,11,499,emperor,
2026-08-11 01:27:06,0967654646,11,499,emperor,
2026-08-11 01:27:06,0957654466,11,499,emperor,
2026-08-11 01:27:06,0967654422,11,499,emperor,
2026-08-11 01:27:06,0957654646,11,499,emperor,
2026-08-11 01:27:06,0999982884,10,699,universal,
2026-08-11 01:27:06,0961200004,10,899,universal,
2026-08-11 01:27:06,0956752111,10,699,universal,
2026-08-11 01:27:06,0956731444,10,699,universal,
2026-08-11 01:27:06,0962488883,10,899,universal,
2026-08-11 01:27:06,0953711110,10,899,universal,
2026-08-11 01:27:06,0829744445,10,1699,universal,
2026-08-11 01:27:06,0962733332,10,899,universal,
2026-08-11 01:27:06,0963219666,10,699,universal,
2026-08-11 01:27:06,0961355554,10,899,universal,
2026-08-11 01:27:06,0855866662,10,899,universal,
2026-08-11 01:27:06,0954122227,10,899,universal,
2026-08-11 01:27:06,0963755550,10,899,universal,
2026-08-11 01:27:06,0646987444,10,1499,universal,
2026-08-11 01:27:06,0832349222,10,699,universal,
2026-08-11 01:27:06,0997974564,10,899,universal,
2026-08-11 01:27:06,0954732111,10,699,universal,
2026-08-11 01:27:06,0963611113,10,899,universal,
2026-08-11 01:27:06,0967244440,10,899,universal,
2026-08-11 01:27:06,0961654777,10,699,universal,
2026-08-11 01:27:06,0967543111,10,699,universal,
2026-08-11 01:27:06,0809055552,10,1499,universal,
2026-08-11 01:27:06,0956727111,10,699,universal,
2026-08-11 01:27:06,0967544446,10,899,universal,
2026-08-11 01:27:06,0963765556,10,899,universal,
2026-08-11 01:27:06,0832189555,10,699,universal,
2026-08-11 01:27:06,0961511116,10,1199,universal,
2026-08-11 01:27:06,0956714333,10,699,universal,
2026-08-11 01:27:06,0858288886,10,1199,universal,
2026-08-11 01:27:06,0957255557,10,899,universal,
2026-08-11 01:27:06,0951343222,10,699,universal,
2026-08-11 01:27:06,0966765959,10,699,universal,
2026-08-11 01:27:06,0967299994,10,899,universal,
2026-08-11 01:27:06,0956769111,10,699,universal,
2026-08-11 01:27:06,0953216111,10,899,universal,
2026-08-11 01:27:06,0952300009,10,899,universal,
2026-08-11 01:27:06,0829144447,10,1699,universal,
2026-08-11 01:27:06,0953212333,10,699,universal,
2026-08-11 01:27:06,0963123555,10,699,universal,
2026-08-11 01:27:06,0954344462,10,899,universal,
2026-08-11 01:27:06,0956756333,10,699,universal,
2026-08-11 01:27:06,0967652666,10,699,universal,
2026-08-11 01:27:06,0956761666,10,899,universal,
2026-08-11 01:27:06,0956745554,10,899,universal,
2026-08-11 01:27:06,0961654222,10,1499,universal,
2026-08-11 01:27:06,0955671444,10,699,universal,
2026-08-11 01:27:06,0955765252,10,699,universal,
2026-08-11 01:27:06,0961432333,10,899,universal,
2026-08-11 01:27:06,0967533337,10,899,universal,
2026-08-11 01:27:06,0954341333,10,699,universal,
2026-08-11 01:27:06,0956532111,10,699,universal,
2026-08-11 01:27:06,0967133330,10,899,universal,
2026-08-11 01:27:06,0834545569,10,1199,universal,
2026-08-11 01:27:06,0829366664,10,1699,universal,
2026-08-11 01:27:06,0963244440,10,899,universal,
2026-08-11 01:27:06,0954377272,10,899,universal,
2026-08-11 01:27:06,0953214999,10,699,universal,
2026-08-11 01:27:06,0967355551,10,899,universal,
2026-08-11 01:27:06,0962477773,10,899,universal,
2026-08-11 01:27:06,0963213222,10,699,universal,
2026-08-11 01:27:06,0966577774,10,899,universal,
2026-08-11 01:27:06,0954212333,10,699,universal,
2026-08-11 01:27:06,0966711117,10,1199,universal,
2026-08-11 01:27:06,0955711113,10,899,universal,
2026-08-11 01:27:06,0858323444,10,899,rahu,
2026-08-11 01:27:06,0961788886,10,1199,rahu,
2026-08-11 01:27:06,0962344484,10,499,rahu,
2026-08-11 01:27:06,0967366668,10,499,rahu,
2026-08-11 01:27:06,0858701222,10,699,rahu,
2026-08-11 01:27:06,0967188885,10,499,rahu,
2026-08-11 01:27:06,0886012666,10,499,rahu,
2026-08-11 01:27:06,0834503335,10,499,rahu,
2026-08-11 01:27:06,0954381115,10,499,rahu,
2026-08-11 01:27:06,0961755558,10,499,rahu,
2026-08-11 01:27:06,0962877772,10,1199,rahu,
2026-08-11 01:27:06,0643282666,10,899,rahu,
2026-08-11 01:27:06,0837890004,10,499,rahu,
2026-08-11 01:27:06,0839401222,10,699,rahu,
2026-08-11 01:27:06,0967823444,10,499,rahu,
2026-08-11 01:27:06,0960812333,10,499,rahu,
2026-08-11 01:27:06,0957188886,10,499,rahu,
2026-08-11 01:27:06,0954358222,10,899,rahu,
2026-08-11 01:27:06,0825456111,10,499,rahu,
2026-08-11 01:27:06,0834521333,10,499,rahu,
2026-08-11 01:27:06,0963876663,10,899,rahu,
2026-08-11 01:27:06,0638377789,10,699,rahu,
2026-08-11 01:27:06,0855210888,10,499,rahu,
2026-08-11 01:27:06,0820128777,10,699,rahu,
2026-08-11 01:27:06,0967155553,10,1199,khanthep,
2026-08-11 01:27:06,0958744442,10,1199,khanthep,
2026-08-11 01:27:06,0963822224,10,1199,khanthep,
2026-08-11 01:27:06,0966632161,10,699,khanthep,
2026-08-11 01:27:06,0967422228,10,1199,khanthep,
2026-08-11 01:27:06,0966654716,10,699,khanthep,
2026-08-11 01:27:06,0963567779,10,699,naga,
2026-08-11 01:27:06,0956749111,10,699,naga,
2026-08-11 01:27:06,0956300009,10,999,naga,
2026-08-11 01:27:06,0962577779,10,999,naga,
2026-08-11 01:27:06,0953199990,10,999,naga,
2026-08-11 01:27:06,0953211129,10,999,naga,
2026-08-11 01:27:06,0967211119,10,999,naga,
2026-08-11 01:27:06,0967399994,10,999,naga,
2026-08-11 01:27:06,0953277779,10,999,naga,
2026-08-11 01:27:06,0956733369,10,699,naga,
2026-08-11 01:27:06,0963199990,10,999,naga,
2026-08-11 01:27:06,0966639871,10,699,naga,
2026-08-11 01:27:06,0956744493,10,699,naga,
2026-08-11 01:27:06,0954349222,10,699,naga,
2026-08-11 01:27:06,0956211119,10,999,naga,
2026-08-11 01:27:06,0953100009,10,999,naga,
2026-08-11 01:27:06,0953122229,10,999,naga,
2026-08-11 01:27:06,0967733339,10,999,naga,
2026-08-11 01:27:06,0961766669,10,999,naga,
2026-08-11 01:27:06,0954393666,10,699,naga,
2026-08-11 01:27:06,0957659777,10,699,naga,
2026-08-11 01:27:06,0963219993,10,699,naga,
2026-08-11 01:27:06,0967433339,10,999,naga,
2026-08-11 01:27:06,0963711119,10,999,naga,
2026-08-11 01:27:06,0962766669,10,999,naga,
2026-08-11 01:27:06,0967878892,10,699,naga,
2026-08-11 01:27:06,0961733339,10,999,naga,
2026-08-11 01:27:06,0954319333,10,699,naga,
2026-08-11 01:27:06,0957122229,10,999,naga,
2026-08-11 01:27:06,0963700009,10,999,naga,
2026-08-11 01:27:06,0961488885,10,1999,ajchang,
2026-08-11 01:27:06,0962744445,10,899,ajchang,
2026-08-11 01:27:06,0963216662,10,899,ajchang,
2026-08-11 01:27:06,0956744411,10,899,ajchang,
2026-08-11 01:27:06,0955541012,10,499,ajchang,
2026-08-11 01:27:06,0643122234,10,499,ajchang,
2026-08-11 01:27:06,0834522248,10,499,ajchang,
2026-08-11 01:27:06,0855513211,10,499,ajchang,
2026-08-11 01:27:06,0820255543,10,499,ajchang,
2026-08-11 01:27:06,0963811123,10,499,ajchang,
2026-08-11 01:27:06,0962411112,10,1999,ajchang,
2026-08-11 01:27:06,0966722229,10,899,ajchang,
2026-08-11 01:27:06,0956762226,10,899,ajchang,
2026-08-11 01:27:06,0954392111,10,899,ajchang,
2026-08-11 01:27:06,0962346664,10,899,ajchang,
2026-08-11 01:27:06,0962344464,10,899,ajchang,
2026-08-11 01:27:06,0966321414,10,899,ajchang,
2026-08-11 01:27:06,0838411123,10,499,ajchang,
2026-08-11 01:27:06,0955506567,10,499,ajchang,
2026-08-11 01:27:06,0838766615,10,499,ajchang,
2026-08-11 01:27:06,0955516765,10,499,ajchang,
2026-08-11 01:27:06,0962511114,10,1999,ajchang,
2026-08-11 01:27:06,0954345222,10,899,ajchang,
2026-08-11 01:27:06,0963458882,10,899,ajchang,
2026-08-11 01:27:06,0954365222,10,899,ajchang,
2026-08-11 01:27:06,0957855567,10,499,ajchang,
2026-08-11 01:27:06,0961678884,10,499,ajchang,
2026-08-11 01:27:06,0643255590,10,499,ajchang,
2026-08-11 01:27:06,0956588887,10,1999,ajchang,
2026-08-11 01:27:06,0962566661,10,1999,ajchang,
2026-08-11 01:27:06,0957766669,10,899,ajchang,
2026-08-11 01:27:06,0954755551,10,899,ajchang,
2026-08-11 01:27:06,0956744222,10,899,ajchang,
2026-08-11 01:27:06,0955543157,10,499,ajchang,
2026-08-11 01:27:06,0957766661,10,899,ajchang,
2026-08-11 01:27:06,0966876161,10,599,ajchang,
2026-08-11 01:27:06,0967765252,10,899,ajchang,
2026-08-11 01:27:06,0956719666,10,899,ajchang,
2026-08-11 01:27:06,0967345444,10,899,ajchang,
2026-08-11 01:27:06,0957655522,10,899,ajchang,
2026-08-11 01:27:06,0961432999,10,599,ajchang,
2026-08-11 01:27:06,0954351555,10,899,ajchang,
2026-08-11 01:27:06,0955543862,10,499,ajchang,
2026-08-11 01:27:06,0953211159,10,499,emperor,
2026-08-11 01:27:06,0957651119,10,499,emperor,
2026-08-11 01:27:06,0954344426,10,499,emperor,
2026-08-11 01:27:06,0967456999,10,499,emperor,
2026-08-11 01:27:06,0953459111,10,499,emperor,
2026-08-11 01:27:06,0967816664,10,499,emperor,
2026-08-11 01:27:06,0953459222,10,499,emperor,
2026-08-11 01:27:06,0954311165,10,499,emperor,
2026-08-11 01:27:10,0644476540,14,499,ajchang,
2026-08-11 01:27:10,0957654222,14,499,emperor,
2026-08-11 01:27:10,0826921000,13,499,rahu,
2026-08-11 01:27:10,0803012000,13,499,rahu,
2026-08-11 01:27:10,0959532111,13,699,naga,
2026-08-11 01:27:10,0959578000,12,499,rahu,
2026-08-11 01:27:10,0909782000,12,499,rahu,
2026-08-11 01:27:10,0658850123,11,699,rahu,
2026-08-11 01:27:10,0838266789,11,899,rahu,NEW
2026-08-11 01:27:10,0958066789,11,499,rahu,NEW
2026-08-11 01:27:10,0958566789,11,899,rahu,NEW
2026-08-11 01:27:10,0855716789,11,499,rahu,NEW
2026-08-11 01:27:10,0967654646,11,499,emperor,
2026-08-11 01:27:10,0953456822,11,499,emperor,
2026-08-11 01:27:10,0967654422,11,499,emperor,
2026-08-11 01:27:10,0962433330,10,899,universal,
2026-08-11 01:27:10,0966711117,10,1199,universal,
2026-08-11 01:27:10,0643459555,10,899,universal,
2026-08-11 01:27:10,0961300009,10,899,universal,
2026-08-11 01:27:10,0955600007,10,899,universal,
2026-08-11 01:27:10,0953633332,10,1199,universal,
2026-08-11 01:27:10,0963499990,10,899,universal,
2026-08-11 01:27:10,0967344441,10,899,universal,
2026-08-11 01:27:10,0967811616,10,899,universal,
2026-08-11 01:27:10,0961422225,10,1699,universal,
2026-08-11 01:27:10,0956746664,10,899,universal,
2026-08-11 01:27:10,0973455566,10,899,universal,
2026-08-11 01:27:10,0956742227,10,699,universal,
2026-08-11 01:27:10,0838654666,10,699,universal,
2026-08-11 01:27:10,0855054343,10,499,rahu,
2026-08-11 01:27:10,0826782333,10,899,rahu,
2026-08-11 01:27:10,0966781113,10,899,rahu,
2026-08-11 01:27:10,0855565457,10,499,rahu,
2026-08-11 01:27:10,0957422224,10,1199,khanthep,
2026-08-11 01:27:10,0966632178,10,699,khanthep,
2026-08-11 01:27:10,0957166663,10,1199,khanthep,
2026-08-11 01:27:10,0956477771,10,1199,khanthep,
2026-08-11 01:27:10,0966654716,10,699,khanthep,
2026-08-11 01:27:10,0956733391,10,699,naga,
2026-08-11 01:27:10,0952700009,10,999,naga,
2026-08-11 01:27:10,0963677779,10,999,naga,
2026-08-11 01:27:10,0961288887,10,1999,ajchang,
2026-08-11 01:27:10,0965412224,10,1699,ajchang,
2026-08-11 01:27:10,0967188881,10,599,ajchang,
2026-08-11 01:27:10,0953499992,10,899,ajchang,
2026-08-11 01:27:10,0963765554,10,899,ajchang,
2026-08-11 01:27:10,0957255551,10,899,ajchang,
2026-08-11 01:27:10,0849755567,10,499,ajchang,
2026-08-11 01:27:10,0955543871,10,499,ajchang,
2026-08-11 01:27:10,0855543581,10,499,ajchang,
2026-08-11 01:27:10,0967816664,10,499,emperor,
2026-08-11 01:27:10,0954344462,10,499,emperor,
2026-08-11 01:27:10,0953459222,10,499,emperor,
2026-08-11 01:27:10,0963165444,10,499,emperor,
2026-08-11 01:27:11,0954322226,18,899,ajchang
2026-08-11 01:27:11,0954765444,14,699,universal
2026-08-11 01:27:11,0967823000,13,499,rahu
2026-08-11 01:27:11,0889421234,11,499,rahu
2026-08-11 01:27:11,0958873456,11,499,rahu
2026-08-11 01:27:11,0838676555,10,699,universal
2026-08-11 01:27:11,0953643222,10,699,universal
2026-08-11 01:27:11,0959744441,10,1699,universal
2026-08-11 01:27:11,0840456555,10,1499,universal
2026-08-11 01:27:11,0643295558,10,499,rahu
2026-08-11 01:27:11,0834587111,10,899,rahu
2026-08-11 01:27:11,0658356777,10,899,rahu
2026-08-11 01:27:11,0967588880,10,499,rahu
2026-08-11 01:27:11,0954388282,10,1199,khanthep
2026-08-11 01:27:11,0966632161,10,699,khanthep
2026-08-11 01:27:15,0954322223,18,1199,universal,
2026-08-11 01:27:15,0954322226,18,899,ajchang,
2026-08-11 01:27:15,0648456777,14,499,rahu,
2026-08-11 01:27:15,0834562221,14,499,rahu,
2026-08-11 01:27:15,0957654222,14,499,emperor,
2026-08-11 01:27:15,0957654442,14,499,emperor,
2026-08-11 01:27:15,0963456661,14,499,emperor,
2026-08-11 01:27:15,0967654446,14,499,emperor,
2026-08-11 01:27:15,0953533338,13,1199,universal,
2026-08-11 01:27:15,0956767771,13,1199,universal,
2026-08-11 01:27:15,0997821000,13,499,rahu,
2026-08-11 01:27:15,0832138000,13,699,rahu,
2026-08-11 01:27:15,0832128000,13,699,rahu,
2026-08-11 01:27:15,0839345000,13,499,rahu,
2026-08-11 01:27:15,0820821000,13,699,rahu,
2026-08-11 01:27:15,0838021000,13,699,rahu,
2026-08-11 01:27:15,0961611117,13,1199,khanthep,
2026-08-11 01:27:15,0909722210,13,499,ajchang,
2026-08-11 01:27:15,0959587000,12,499,rahu,
2026-08-11 01:27:21,0954543223,14,699,universal
2026-08-11 01:27:21,0644321666,14,699,universal
2026-08-11 01:27:21,0832105444,14,499,rahu
2026-08-11 01:27:21,0812347575,11,499,rahu
2026-08-11 01:27:21,0952432777,10,699,universal
2026-08-11 01:27:21,0957200004,10,899,universal
2026-08-11 01:27:21,0832349222,10,699,universal
2026-08-11 01:27:21,0967199993,10,1199,universal
2026-08-11 01:27:21,0961356777,10,699,universal
2026-08-11 01:27:21,0637345999,10,699,universal
2026-08-11 01:27:21,0641678882,10,499,rahu
2026-08-11 01:27:21,0958760777,10,499,rahu
2026-08-11 01:27:21,0832120444,10,699,rahu
2026-08-11 01:27:21,0834528777,10,899,rahu
2026-08-11 01:27:21,0966546111,10,1699,ajchang
2026-08-11 01:27:21,0957122226,10,1499,ajchang
2026-08-11 01:27:21,0961344441,10,899,ajchang
2026-08-11 01:27:21,0956792111,10,899,ajchang
2026-08-11 01:27:21,0952341444,10,899,ajchang
2026-08-11 01:27:21,0956746661,10,899,ajchang
2026-08-11 01:27:21,0963215552,10,899,ajchang
2026-08-11 01:27:21,0966744441,10,899,ajchang
2026-08-11 01:27:21,0964055567,10,499,ajchang
2026-08-11 01:27:22,0957765444,14,699,universal,
2026-08-11 01:27:22,0954328885,14,899,rahu,
2026-08-11 01:27:22,0957654222,14,499,emperor,
2026-08-11 01:27:22,0967654446,14,499,emperor,
2026-08-11 01:27:22,0954343331,13,1199,universal,
2026-08-11 01:27:22,0967836000,13,499,rahu,
2026-08-11 01:27:22,0955543435,13,499,ajchang,
2026-08-11 01:27:22,0832327000,12,499,rahu,
2026-08-11 01:27:22,0838353456,11,899,rahu,NEW
2026-08-11 01:27:22,0802511234,11,499,rahu,NEW
2026-08-11 01:27:22,0638011234,11,699,rahu,NEW
2026-08-11 01:27:22,0641266789,11,499,rahu,NEW
2026-08-11 01:27:22,0957654466,11,499,emperor,
2026-08-11 01:27:22,0967654664,11,499,emperor,
2026-08-11 01:27:22,0957654646,11,499,emperor,
2026-08-11 01:27:22,0963566667,10,899,universal,
2026-08-11 01:27:22,0962343222,10,699,universal,
2026-08-11 01:27:22,0955454314,10,699,universal,
2026-08-11 01:27:22,0966765111,10,699,universal,
2026-08-11 01:27:22,0968543331,10,699,universal,
2026-08-11 01:27:22,0954358333,10,699,universal,
2026-08-11 01:27:22,0967828444,10,699,universal,
2026-08-11 01:27:22,0832340333,10,499,rahu,
2026-08-11 01:27:22,0839732111,10,499,rahu,
2026-08-11 01:27:22,0962812333,10,899,rahu,
2026-08-11 01:27:22,0838762333,10,899,rahu,
2026-08-11 01:27:22,0956321118,10,499,rahu,
2026-08-11 01:27:22,0954711117,10,1199,khanthep,
2026-08-11 01:27:22,0963833335,10,1199,khanthep,
2026-08-11 01:27:22,0963987778,10,1199,khanthep,
2026-08-11 01:27:22,0952533336,10,1199,khanthep,
2026-08-11 01:27:22,0963219333,10,699,naga,
2026-08-11 01:27:22,0953499996,10,999,naga,
2026-08-11 01:27:22,0956711193,10,699,naga,
2026-08-11 01:27:22,0957122229,10,999,naga,
2026-08-11 01:27:22,0967400009,10,999,naga,
2026-08-11 01:27:22,0962411117,10,1999,ajchang,
2026-08-11 01:27:22,0956745222,10,899,ajchang,
2026-08-11 01:27:22,0962744446,10,899,ajchang,
2026-08-11 01:27:22,0966755551,10,899,ajchang,
2026-08-11 01:27:22,0967345444,10,899,ajchang,
2026-08-11 01:27:22,0967411116,10,899,ajchang,
2026-08-11 01:27:22,0954311129,10,499,ajchang,
2026-08-11 01:27:22,0648544432,10,499,ajchang,
2026-08-11 01:27:22,0643255508,10,499,ajchang,
2026-08-11 01:27:22,0958766647,10,499,ajchang,
2026-08-11 01:27:22,0961855567,10,499,ajchang,
2026-08-11 01:27:22,0963165444,10,499,emperor,
2026-08-11 01:27:22,0954344462,10,499,emperor,
2026-08-11 01:27:22,0967816664,10,499,emperor,
2026-08-11 01:27:22,0957645666,10,499,emperor,
2026-08-11 01:27:22,0953459111,10,499,emperor,
2026-08-11 01:27:22,0954344426,10,499,emperor,
2026-08-11 01:27:32,0957654774,11,699,universal
2026-08-11 01:27:32,0967654343,11,699,universal
2026-08-11 01:27:32,0964141234,11,699,universal
2026-08-11 01:27:32,0834561199,11,699,universal
2026-08-11 01:27:32,0855826789,11,899,rahu
2026-08-11 01:27:32,0967144442,10,1199,universal
2026-08-11 01:27:32,0820965444,10,899,universal
2026-08-11 01:27:32,0842644447,10,1499,universal
2026-08-11 01:27:32,0957633337,10,899,universal
2026-08-11 01:27:32,0962577775,10,1199,universal
2026-08-11 01:27:32,0962411110,10,899,universal
2026-08-11 01:27:32,0962677770,10,899,universal
2026-08-11 01:27:32,0963744440,10,899,universal
2026-08-11 01:27:32,0820456663,10,899,universal
2026-08-11 01:27:32,0962533332,10,899,universal
2026-08-11 01:27:32,0955670008,10,499,rahu
2026-08-11 01:27:32,0832165444,10,499,rahu
2026-08-11 01:27:32,0962388881,10,1199,rahu
2026-08-11 01:27:32,0967188881,10,499,rahu
2026-08-11 01:27:32,0803123111,10,499,rahu
2026-08-11 01:27:32,0957233339,10,999,naga
2026-08-11 01:27:32,0956344446,10,899,ajchang
2026-08-11 01:27:32,0955501260,10,499,ajchang
2026-08-11 01:27:32,0820144432,10,499,ajchang
2026-08-11 01:27:33,0957654222,14,499,emperor,
2026-08-11 01:27:33,0957654442,14,499,emperor,
2026-08-11 01:27:33,0834545777,13,499,rahu,
2026-08-11 01:27:33,0917654646,11,699,universal,
2026-08-11 01:27:33,0839432121,11,899,rahu,
2026-08-11 01:27:33,0825456767,11,499,rahu,
2026-08-11 01:27:33,0967654646,11,499,emperor,
2026-08-11 01:27:33,0967654664,11,499,emperor,
2026-08-11 01:27:33,0957654646,11,499,emperor,
2026-08-11 01:27:33,0967654224,11,499,emperor,
2026-08-11 01:27:33,0957123555,10,699,universal,
2026-08-11 01:27:33,0958276555,10,699,universal,
2026-08-11 01:27:33,0967199990,10,899,universal,
2026-08-11 01:27:33,0963212112,10,1199,universal,
2026-08-11 01:27:33,0954200007,10,899,universal,
2026-08-11 01:27:33,0967543444,10,899,universal,
2026-08-11 01:27:33,0956726222,10,899,universal,
2026-08-11 01:27:33,0963411110,10,899,universal,
2026-08-11 01:27:33,0957177772,10,1199,universal,
2026-08-11 01:27:33,0962799992,10,899,universal,
2026-08-11 01:27:33,0886678222,10,699,universal,
2026-08-11 01:27:33,0639299987,10,1699,universal,
2026-08-11 01:27:33,0820456111,10,499,rahu,
2026-08-11 01:27:33,0837765888,10,899,rahu,
2026-08-11 01:27:33,0967765558,10,499,rahu,
2026-08-11 01:27:33,0825134555,10,499,rahu,
2026-08-11 01:27:33,0961788886,10,1199,rahu,
2026-08-11 01:27:33,0967633339,10,999,naga,
2026-08-11 01:27:33,0956711193,10,699,naga,
2026-08-11 01:27:33,0956799937,10,699,naga,
2026-08-11 01:27:33,0967133339,10,999,naga,
2026-08-11 01:27:33,0956799979,10,999,naga,
2026-08-11 01:27:33,0956499990,10,999,naga,
2026-08-11 01:27:33,0962566661,10,1999,ajchang,
2026-08-11 01:27:33,0956345558,10,899,ajchang,
2026-08-11 01:27:33,0967355556,10,899,ajchang,
2026-08-11 01:27:33,0961235111,10,599,ajchang,
2026-08-11 01:27:33,0955521321,10,499,ajchang,
2026-08-11 01:27:33,0826788890,10,499,ajchang,
2026-08-11 01:27:33,0955521003,10,499,ajchang,
2026-08-11 01:27:33,0953211176,10,499,ajchang,
2026-08-11 01:27:33,0820255543,10,499,ajchang,
2026-08-11 01:27:33,0953211159,10,499,emperor,
2026-08-11 01:27:33,0954344462,10,499,emperor,
2026-08-11 01:27:33,0957645666,10,499,emperor,
2026-08-11 01:27:33,0963165444,10,499,emperor,
2026-08-11 01:27:41,0954322226,18,899,ajchang,
2026-08-11 01:27:41,0658321000,17,699,rahu,
2026-08-11 01:27:41,0955123444,14,699,universal,
2026-08-11 01:27:41,0962456777,14,699,universal,
2026-08-11 01:27:41,0836012333,14,699,rahu,
2026-08-11 01:27:41,0834561115,14,499,rahu,
2026-08-11 01:27:41,0825432226,14,499,rahu,NEW
2026-08-11 01:27:41,0953211119,14,999,naga,
2026-08-11 01:27:41,0954326222,14,899,ajchang,
2026-08-11 01:27:41,0812344417,14,499,ajchang,
2026-08-11 01:27:41,0957654222,14,499,emperor,
2026-08-11 01:27:41,0967654446,14,499,emperor,
2026-08-11 01:27:41,0957654442,14,499,emperor,
2026-08-11 01:27:41,0963456661,14,499,emperor,
2026-08-11 01:27:41,0954543334,13,899,universal,
2026-08-11 01:27:41,0941987000,13,699,universal,
2026-08-11 01:27:41,0953533338,13,1199,khanthep,
2026-08-11 01:27:41,0955512123,13,499,ajchang,
2026-08-11 01:27:41,0825858000,12,699,rahu,
2026-08-11 01:27:42,0967836000,13,499,rahu
2026-08-11 01:27:42,0938678000,13,499,rahu
2026-08-11 01:27:42,0886789183,11,499,rahu
2026-08-11 01:27:42,0838876789,11,899,rahu
2026-08-11 01:27:42,0956755111,10,899,universal
2026-08-11 01:27:42,0956753444,10,699,universal
2026-08-11 01:27:42,0963254333,10,699,universal
2026-08-11 01:27:42,0956256777,10,699,universal
2026-08-11 01:27:42,0637976555,10,699,universal
2026-08-11 01:27:42,0955311114,10,899,universal
2026-08-11 01:27:42,0954311717,10,899,universal
2026-08-11 01:27:42,0858856767,10,899,rahu
2026-08-11 01:27:42,0956544484,10,499,rahu
2026-08-11 01:27:42,0658768111,10,499,rahu
2026-08-11 01:27:42,0963219666,10,699,naga
2026-08-11 01:27:42,0956795777,10,699,naga
2026-08-11 01:27:42,0951600009,10,999,naga
2026-08-11 01:27:42,0952488883,10,1999,ajchang
2026-08-11 01:27:42,0955711116,10,899,ajchang
2026-08-11 01:27:42,0903211167,10,499,ajchang
2026-08-11 01:27:43,0658321000,17,699,rahu,
2026-08-11 01:27:43,0967654666,14,699,universal,
2026-08-11 01:27:43,0954325333,14,699,universal,
2026-08-11 01:27:43,0829432111,14,499,rahu,
2026-08-11 01:27:43,0954329222,14,999,naga,
2026-08-11 01:27:43,0954322211,14,899,ajchang,
2026-08-11 01:27:43,0955765454,14,899,ajchang,
2026-08-11 01:27:43,0957654222,14,499,emperor,
2026-08-11 01:27:43,0963456661,14,499,emperor,
2026-08-11 01:27:43,0957654442,14,499,emperor,
2026-08-11 01:27:43,0967654446,14,499,emperor,
2026-08-11 01:27:43,0954373777,13,1199,universal,
2026-08-11 01:27:43,0646987000,13,699,universal,
2026-08-11 01:27:43,0961212333,13,699,universal,
2026-08-11 01:27:43,0963633335,13,1199,universal,
2026-08-11 01:27:43,0825121000,13,699,rahu,
2026-08-11 01:27:43,0955543435,13,499,ajchang,
2026-08-11 01:27:43,0967654664,11,699,universal,
2026-08-11 01:27:43,0962654343,11,699,universal,
2026-08-11 01:27:43,0826620123,11,699,rahu,
2026-08-11 01:27:43,0837511234,11,899,rahu,NEW
2026-08-11 01:27:43,0855641234,11,899,rahu,NEW
2026-08-11 01:27:43,0838376789,11,899,rahu,NEW
2026-08-11 01:27:43,0825311234,11,899,rahu,NEW
2026-08-11 01:27:43,0855814567,11,699,rahu,
2026-08-11 01:27:43,0638380123,11,699,rahu,
2026-08-11 01:27:43,0836012332,11,699,rahu,
2026-08-11 01:27:43,0955281234,11,899,rahu,NEW
2026-08-11 01:27:43,0961432155,11,599,ajchang,
2026-08-11 01:27:43,0957234554,11,599,ajchang,
2026-08-11 01:27:43,0967654422,11,499,emperor,
2026-08-11 01:27:43,0953456822,11,499,emperor,
2026-08-11 01:27:43,0957654646,11,499,emperor,
2026-08-11 01:27:43,0967654224,11,499,emperor,
2026-08-11 01:27:43,0967654646,11,499,emperor,
2026-08-11 01:27:43,0838766611,10,899,universal,
2026-08-11 01:27:43,0963577778,10,899,universal,
2026-08-11 01:27:43,0956546667,10,699,universal,
2026-08-11 01:27:43,0842678222,10,699,universal,
2026-08-11 01:27:43,0955454314,10,699,universal,
2026-08-11 01:27:43,0960965444,10,899,universal,
2026-08-11 01:27:43,0964133335,10,899,universal,
2026-08-11 01:27:43,0963166660,10,899,universal,
2026-08-11 01:27:43,0957166665,10,1199,universal,
2026-08-11 01:27:43,0954177775,10,899,universal,
2026-08-11 01:27:43,0967835553,10,899,universal,
2026-08-11 01:27:43,0955543331,10,699,universal,
2026-08-11 01:27:43,0966345777,10,699,universal,
2026-08-11 01:27:43,0961311119,10,1199,universal,
2026-08-11 01:27:43,0962633336,10,1199,universal,
2026-08-11 01:27:43,0956744477,10,1199,universal,
2026-08-11 01:27:43,0967354333,10,699,universal,
2026-08-11 01:27:43,0962533337,10,899,universal,
2026-08-11 01:27:43,0961432555,10,699,universal,
2026-08-11 01:27:43,0957200004,10,899,universal,
2026-08-11 01:27:43,0840522226,10,1199,universal,
2026-08-11 01:27:43,0963122227,10,899,universal,
2026-08-11 01:27:43,0961233434,10,899,universal,
2026-08-11 01:27:43,0940422229,10,1499,universal,
2026-08-11 01:27:43,0658288885,10,1199,universal,
2026-08-11 01:27:43,0953219777,10,699,universal,
2026-08-11 01:27:43,0967143222,10,699,universal,
2026-08-11 01:27:43,0954211115,10,899,universal,
2026-08-11 01:27:43,0961633336,10,1199,universal,
2026-08-11 01:27:43,0957232111,10,699,universal,
2026-08-11 01:27:43,0967144443,10,899,universal,
2026-08-11 01:27:43,0952754333,10,699,universal,
2026-08-11 01:27:43,0957611116,10,1199,universal,
2026-08-11 01:27:43,0956735111,10,699,universal,
2026-08-11 01:27:43,0963677779,10,899,universal,
2026-08-11 01:27:43,0963212227,10,699,universal,
2026-08-11 01:27:43,0953499992,10,899,universal,
2026-08-11 01:27:43,0962511113,10,899,universal,
2026-08-11 01:27:43,0963677774,10,899,universal,
2026-08-11 01:27:43,0826965444,10,1499,universal,
2026-08-11 01:27:43,0638761999,10,699,universal,
2026-08-11 01:27:43,0956243222,10,699,universal,
2026-08-11 01:27:43,0643255566,10,899,universal,
2026-08-11 01:27:43,0963654777,10,699,universal,
2026-08-11 01:27:43,0966587676,10,699,universal,
2026-08-11 01:27:43,0963451555,10,899,universal,
2026-08-11 01:27:43,0956731666,10,699,universal,
2026-08-11 01:27:43,0963123336,10,699,universal,
2026-08-11 01:27:43,0965461114,10,699,universal,
2026-08-11 01:27:43,0963211313,10,899,universal,
2026-08-11 01:27:43,0955154343,10,699,universal,
2026-08-11 01:27:43,0961233737,10,899,universal,
2026-08-11 01:27:43,0956754445,10,899,universal,
2026-08-11 01:27:43,0952500007,10,899,universal,
2026-08-11 01:27:43,0963466660,10,899,universal,
2026-08-11 01:27:43,0963722221,10,899,universal,
2026-08-11 01:27:43,0956433339,10,899,universal,
2026-08-11 01:27:43,0910565444,10,899,universal,
2026-08-11 01:27:43,0956726333,10,699,universal,NEW
2026-08-11 01:27:43,0953234777,10,699,universal,
2026-08-11 01:27:43,0957344446,10,899,universal,
2026-08-11 01:27:43,0953200009,10,899,universal,
2026-08-11 01:27:43,0645635553,10,1999,universal,
2026-08-11 01:27:43,0956725444,10,699,universal,
2026-08-11 01:27:43,0954344242,10,899,universal,
2026-08-11 01:27:43,0962343339,10,699,universal,
2026-08-11 01:27:43,0967244443,10,899,universal,
2026-08-11 01:27:43,0962788882,10,1199,rahu,
2026-08-11 01:27:43,0968511113,10,499,rahu,
2026-08-11 01:27:43,0826456667,10,499,rahu,
2026-08-11 01:27:43,0834325444,10,499,rahu,
2026-08-11 01:27:43,0958768884,10,499,rahu,
2026-08-11 01:27:43,0826456333,10,499,rahu,
2026-08-11 01:27:43,0858760888,10,699,rahu,NEW
2026-08-11 01:27:43,0802401222,10,499,rahu,
2026-08-11 01:27:43,0955311118,10,499,rahu,
2026-08-11 01:27:43,0966787771,10,899,rahu,
2026-08-11 01:27:43,0832120444,10,699,rahu,
2026-08-11 01:27:43,0825430222,10,499,rahu,
2026-08-11 01:27:43,0832171116,10,499,rahu,
2026-08-11 01:27:43,0832012444,10,699,rahu,
2026-08-11 01:27:43,0803123111,10,499,rahu,
2026-08-11 01:27:43,0962877773,10,1199,rahu,
2026-08-11 01:27:43,0968177772,10,499,rahu,
2026-08-11 01:27:43,0954788883,10,1199,rahu,
2026-08-11 01:27:43,0839812333,10,899,rahu,
2026-08-11 01:27:43,0834587111,10,899,rahu,
2026-08-11 01:27:43,0967827111,10,499,rahu,
2026-08-11 01:27:43,0640120008,10,499,rahu,
2026-08-11 01:27:43,0955438887,10,499,rahu,
2026-08-11 01:27:43,0835210333,10,499,rahu,
2026-08-11 01:27:43,0838598777,10,899,rahu,
2026-08-11 01:27:43,0968566661,10,499,rahu,
2026-08-11 01:27:43,0826210004,10,499,rahu,
2026-08-11 01:27:43,0952711118,10,499,rahu,
2026-08-11 01:27:43,0951633338,10,1199,rahu,
2026-08-11 01:27:43,0967588880,10,499,rahu,
2026-08-11 01:27:43,0820128777,10,699,rahu,
2026-08-11 01:27:43,0832124666,10,899,rahu,
2026-08-11 01:27:43,0966642543,10,699,khanthep,
2026-08-11 01:27:43,0966654283,10,699,khanthep,
2026-08-11 01:27:43,0967466663,10,1199,khanthep,
2026-08-11 01:27:43,0954383666,10,699,khanthep,
2026-08-11 01:27:43,0967871116,10,699,khanthep,
2026-08-11 01:27:43,0957422228,10,1199,khanthep,
2026-08-11 01:27:43,0967871115,10,699,khanthep,
2026-08-11 01:27:43,0953822224,10,1199,khanthep,
2026-08-11 01:27:43,0967871114,10,699,khanthep,
2026-08-11 01:27:43,0967177774,10,1199,khanthep,
2026-08-11 01:27:43,0952833336,10,1199,khanthep,
2026-08-11 01:27:43,0961612336,10,699,khanthep,
2026-08-11 01:27:43,0952533338,10,1199,khanthep,
2026-08-11 01:27:43,0955512382,10,699,khanthep,
2026-08-11 01:27:43,0956549777,10,699,naga,
2026-08-11 01:27:43,0956792111,10,699,naga,
2026-08-11 01:27:43,0956793777,10,699,naga,
2026-08-11 01:27:43,0956749777,10,699,naga,
2026-08-11 01:27:43,0956729222,10,999,naga,
2026-08-11 01:27:43,0954396333,10,699,naga,
2026-08-11 01:27:43,0953822229,10,999,naga,
2026-08-11 01:27:43,0967544449,10,999,naga,
2026-08-11 01:27:43,0956799923,10,699,naga,
2026-08-11 01:27:43,0957651119,10,699,naga,
2026-08-11 01:27:43,0956795777,10,699,naga,
2026-08-11 01:27:43,0963219666,10,699,naga,
2026-08-11 01:27:43,0967299993,10,999,naga,
2026-08-11 01:27:43,0955300009,10,999,naga,
2026-08-11 01:27:43,0953219222,10,699,naga,
2026-08-11 01:27:43,0956733396,10,699,naga,
2026-08-11 01:27:43,0954766669,10,999,naga,
2026-08-11 01:27:43,0967133339,10,999,naga,
2026-08-11 01:27:43,0967299994,10,999,naga,
2026-08-11 01:27:43,0964100009,10,999,naga,
2026-08-11 01:27:43,0953100009,10,999,naga,
2026-08-11 01:27:43,0955593321,10,999,naga,
2026-08-11 01:27:43,0956729333,10,699,naga,
2026-08-11 01:27:43,0967878892,10,699,naga,
2026-08-11 01:27:43,0953219333,10,699,naga,
2026-08-11 01:27:43,0954391777,10,699,naga,
2026-08-11 01:27:43,0956755959,10,999,naga,
2026-08-11 01:27:43,0955593345,10,999,naga,
2026-08-11 01:27:43,0967456999,10,699,naga,
2026-08-11 01:27:43,0953211191,10,999,naga,
2026-08-11 01:27:43,0955679444,10,699,naga,
2026-08-11 01:27:43,0952144442,10,1999,ajchang,
2026-08-11 01:27:43,0954611119,10,1999,ajchang,
2026-08-11 01:27:43,0961788882,10,1999,ajchang,
2026-08-11 01:27:43,0967858588,10,1499,ajchang,
2026-08-11 01:27:43,0956476555,10,599,ajchang,
2026-08-11 01:27:43,0955523401,10,499,ajchang,
2026-08-11 01:27:43,0955543761,10,499,ajchang,
2026-08-11 01:27:43,0802911123,10,499,ajchang,
2026-08-11 01:27:43,0645611132,10,499,ajchang,
2026-08-11 01:27:43,0956711150,10,499,ajchang,
2026-08-11 01:27:43,0958366663,10,2199,ajchang,
2026-08-11 01:27:43,0955411117,10,1999,ajchang,
2026-08-11 01:27:43,0967166664,10,1499,ajchang,
2026-08-11 01:27:43,0963765666,10,899,ajchang,
2026-08-11 01:27:43,0956755526,10,899,ajchang,
2026-08-11 01:27:43,0951432228,10,599,ajchang,
2026-08-11 01:27:43,0902544432,10,499,ajchang,
2026-08-11 01:27:43,0956311112,10,899,ajchang,
2026-08-11 01:27:43,0956794666,10,899,ajchang,
2026-08-11 01:27:43,0641678666,10,899,ajchang,
2026-08-11 01:27:43,0953211152,10,499,ajchang,
2026-08-11 01:27:43,0903211185,10,499,ajchang,
2026-08-11 01:27:43,0953688882,10,1999,ajchang,
2026-08-11 01:27:43,0956122225,10,1999,ajchang,
2026-08-11 01:27:43,0951611119,10,1999,ajchang,
2026-08-11 01:27:43,0967166663,10,1499,ajchang,
2026-08-11 01:27:43,0967722224,10,899,ajchang,
2026-08-11 01:27:43,0961366669,10,899,ajchang,
2026-08-11 01:27:43,0967488886,10,899,ajchang,
2026-08-11 01:27:43,0956762111,10,899,ajchang,
2026-08-11 01:27:43,0954344222,10,899,ajchang,
2026-08-11 01:27:43,0855543796,10,499,ajchang,
2026-08-11 01:27:43,0955567184,10,499,ajchang,
2026-08-11 01:27:43,0641755543,10,499,ajchang,
2026-08-11 01:27:43,0956211119,10,1999,ajchang,
2026-08-11 01:27:43,0956345111,10,899,ajchang,
2026-08-11 01:27:43,0966755551,10,899,ajchang,
2026-08-11 01:27:43,0963211169,10,899,ajchang,
2026-08-11 01:27:43,0955534765,10,499,ajchang,
2026-08-11 01:27:43,0637655576,10,499,ajchang,
2026-08-11 01:27:43,0839044432,10,499,ajchang,
2026-08-11 01:27:43,0957645666,10,499,emperor,
2026-08-11 01:27:43,0953459111,10,499,emperor,
2026-08-11 01:27:43,0953211159,10,499,emperor,
2026-08-11 01:27:43,0954344426,10,499,emperor,
2026-08-11 01:27:43,0954311165,10,499,emperor,
2026-08-11 01:27:43,0954344462,10,499,emperor,
2026-08-11 01:27:43,0963165444,10,499,emperor,
2026-08-11 01:27:43,0967816664,10,499,emperor,
2026-08-11 01:27:43,0953459222,10,499,emperor,
2026-08-11 01:27:44,0957654442,14,499,emperor,
2026-08-11 01:27:44,0967654446,14,499,emperor,
2026-08-11 01:27:44,0957654222,14,499,emperor,
2026-08-11 01:27:44,0963456661,14,499,emperor,
2026-08-11 01:27:44,0829654000,13,499,rahu,
2026-08-11 01:27:44,0826268000,12,499,rahu,
2026-08-11 01:27:44,0957123434,11,699,universal,
2026-08-11 01:27:44,0803611234,11,499,rahu,NEW
2026-08-11 01:27:44,0967654422,11,499,emperor,
2026-08-11 01:27:44,0957654466,11,499,emperor,
2026-08-11 01:27:44,0967654664,11,499,emperor,
2026-08-11 01:27:44,0962743222,10,699,universal,
2026-08-11 01:27:44,0966377779,10,899,universal,
2026-08-11 01:27:44,0956791119,10,899,universal,
2026-08-11 01:27:44,0963677772,10,899,universal,
2026-08-11 01:27:44,0962354333,10,699,universal,
2026-08-11 01:27:44,0956731444,10,699,universal,
2026-08-11 01:27:44,0955423444,10,699,universal,
2026-08-11 01:27:44,0962432223,10,899,universal,
2026-08-11 01:27:44,0955677373,10,899,universal,
2026-08-11 01:27:44,0834588866,10,899,universal,
2026-08-11 01:27:44,0957244446,10,899,universal,
2026-08-11 01:27:44,0809901212,10,699,rahu,
2026-08-11 01:27:44,0962533338,10,1199,rahu,
2026-08-11 01:27:44,0954387877,10,1199,rahu,
2026-08-11 01:27:44,0963511117,10,1199,khanthep,
2026-08-11 01:27:44,0961633339,10,999,naga,
2026-08-11 01:27:44,0956797333,10,699,naga,
2026-08-11 01:27:44,0955593321,10,999,naga,
2026-08-11 01:27:44,0956795553,10,699,naga,
2026-08-11 01:27:44,0952533339,10,999,naga,
2026-08-11 01:27:44,0956729777,10,699,naga,
2026-08-11 01:27:44,0956311119,10,999,naga,
2026-08-11 01:27:44,0967611119,10,999,naga,
2026-08-11 01:27:44,0957133339,10,999,naga,
2026-08-11 01:27:44,0956795777,10,699,naga,
2026-08-11 01:27:44,0953211212,10,899,ajchang,
2026-08-11 01:27:44,0955311112,10,899,ajchang,
2026-08-11 01:27:44,0956722626,10,899,ajchang,
2026-08-11 01:27:44,0953219222,10,899,ajchang,
2026-08-11 01:27:44,0855543758,10,499,ajchang,
2026-08-11 01:27:44,0836844456,10,499,ajchang,
2026-08-11 01:27:44,0955501202,10,499,ajchang,
2026-08-11 01:27:44,0955543675,10,499,ajchang,
2026-08-11 01:27:44,0953459222,10,499,emperor,
2026-08-11 01:27:44,0957645666,10,499,emperor,
2026-08-11 01:27:44,0953211159,10,499,emperor,
2026-08-11 01:27:44,0957651119,10,499,emperor,
2026-08-11 01:27:44,0954344426,10,499,emperor,
2026-08-11 01:27:44,0954311165,10,499,emperor,
2026-08-11 01:27:44,0967456999,10,499,emperor,
2026-08-11 01:27:52,0954328885,14,899,rahu
2026-08-11 01:27:52,0967655552,14,899,ajchang
2026-08-11 01:27:52,0956567333,13,699,universal
2026-08-11 01:27:52,0952281234,11,899,rahu
2026-08-11 01:27:52,0855391234,11,899,rahu
2026-08-11 01:27:52,0957255557,10,899,universal
2026-08-11 01:27:52,0962654777,10,699,universal
2026-08-11 01:27:52,0967655588,10,899,universal
2026-08-11 01:27:52,0967100007,10,899,universal
2026-08-11 01:27:52,0957200003,10,899,universal
2026-08-11 01:27:52,0957833337,10,899,universal
2026-08-11 01:27:52,0957233336,10,899,universal
2026-08-11 01:27:52,0961755553,10,899,universal
2026-08-11 01:27:52,0646355551,10,1999,universal
2026-08-11 01:27:52,0957255554,10,899,universal
2026-08-11 01:27:52,0826544438,10,699,rahu
2026-08-11 01:27:52,0967611119,10,999,naga
2026-08-11 01:27:52,0966744449,10,899,ajchang
2026-08-11 01:27:52,0967455554,10,899,ajchang
2026-08-11 01:27:52,0954356111,10,899,ajchang
2026-08-11 01:27:52,0955534876,10,499,ajchang
2026-08-11 01:27:55,0855432666,14,699,universal,
2026-08-11 01:27:55,0955433339,14,999,naga,
2026-08-11 01:27:55,0957654222,14,499,emperor,
2026-08-11 01:27:55,0963456661,14,499,emperor,
2026-08-11 01:27:55,0967654446,14,499,emperor,
2026-08-11 01:27:55,0955633456,11,699,universal,
2026-08-11 01:27:55,0803391234,11,499,rahu,NEW
2026-08-11 01:27:55,0967654422,11,499,emperor,
2026-08-11 01:27:55,0967654646,11,499,emperor,
2026-08-11 01:27:55,0953456822,11,499,emperor,
2026-08-11 01:27:55,0957654646,11,499,emperor,
2026-08-11 01:27:55,0967654664,11,499,emperor,
2026-08-11 01:27:55,0957654466,11,499,emperor,
2026-08-11 01:27:55,0966944448,10,899,universal,
2026-08-11 01:27:55,0644765666,10,899,universal,
2026-08-11 01:27:55,0971678222,10,699,universal,
2026-08-11 01:27:55,0953477770,10,899,universal,
2026-08-11 01:27:55,0954316777,10,699,universal,
2026-08-11 01:27:55,0953100002,10,899,universal,
2026-08-11 01:27:55,0957311112,10,899,universal,
2026-08-11 01:27:55,0967633337,10,899,universal,
2026-08-11 01:27:55,0953144441,10,1199,universal,
2026-08-11 01:27:55,0961236555,10,699,universal,
2026-08-11 01:27:55,0956277779,10,899,universal,
2026-08-11 01:27:55,0961411116,10,1199,universal,
2026-08-11 01:27:55,0826540444,10,1499,universal,
2026-08-11 01:27:55,0956744466,10,899,universal,
2026-08-11 01:27:55,0826782220,10,699,rahu,
2026-08-11 01:27:55,0962348887,10,499,rahu,
2026-08-11 01:27:55,0962388886,10,1199,rahu,
2026-08-11 01:27:55,0938345333,10,899,rahu,
2026-08-11 01:27:55,0820687666,10,499,rahu,
2026-08-11 01:27:55,0838762221,10,899,rahu,
2026-08-11 01:27:55,0961633338,10,1199,khanthep,
2026-08-11 01:27:55,0967877171,10,1199,khanthep,
2026-08-11 01:27:55,0954319666,10,699,naga,
2026-08-11 01:27:55,0963211149,10,699,naga,
2026-08-11 01:27:55,0966363219,10,999,naga,
2026-08-11 01:27:55,0956719111,10,999,naga,
2026-08-11 01:27:55,0962311119,10,999,naga,
2026-08-11 01:27:55,0953100009,10,999,naga,
2026-08-11 01:27:55,0956792333,10,699,naga,
2026-08-11 01:27:55,0962511119,10,999,naga,
2026-08-11 01:27:55,0953822229,10,1999,ajchang,
2026-08-11 01:27:55,0967188886,10,1499,ajchang,
2026-08-11 01:27:55,0956769111,10,899,ajchang,
2026-08-11 01:27:55,0953234666,10,599,ajchang,
2026-08-11 01:27:55,0644487601,10,499,ajchang,
2026-08-11 01:27:55,0855543023,10,499,ajchang,
2026-08-11 01:27:55,0963811123,10,499,ajchang,
2026-08-11 01:27:55,0963455508,10,499,ajchang,
2026-08-11 01:27:55,0953211159,10,499,emperor,
2026-08-11 01:27:55,0953459111,10,499,emperor,
2026-08-11 01:27:55,0954311165,10,499,emperor,
2026-08-11 01:27:55,0963165444,10,499,emperor,
2026-08-11 01:28:03,0961611234,14,699,universal
2026-08-11 01:28:03,0829654000,13,499,rahu
2026-08-11 01:28:03,0963433456,11,899,universal
2026-08-11 01:28:03,0832176888,10,699,universal
2026-08-11 01:28:03,0640455559,10,1499,universal
2026-08-11 01:28:03,0952711117,10,1199,universal
2026-08-11 01:28:03,0952343331,10,699,universal
2026-08-11 01:28:03,0809455552,10,1499,universal
2026-08-11 01:28:03,0961244443,10,899,universal
2026-08-11 01:28:03,0962766661,10,899,universal
2026-08-11 01:28:03,0955437111,10,699,universal
2026-08-11 01:28:03,0962377772,10,899,universal
2026-08-11 01:28:03,0962344141,10,899,universal
2026-08-11 01:28:03,0855187666,10,499,rahu
2026-08-11 01:28:03,0963567779,10,699,naga
2026-08-11 01:28:03,0855535210,10,499,ajchang
2026-08-11 01:28:06,0963211112,14,1199,universal,
2026-08-11 01:28:06,0956766663,14,1199,universal,
2026-08-11 01:28:06,0954329777,14,699,naga,
2026-08-11 01:28:06,0953432111,14,599,ajchang,
2026-08-11 01:28:06,0967654446,14,499,emperor,
2026-08-11 01:28:06,0957654222,14,499,emperor,
2026-08-11 01:28:06,0957654442,14,499,emperor,
2026-08-11 01:28:06,0963633321,13,899,universal,
2026-08-11 01:28:06,0834621000,13,499,rahu,
2026-08-11 01:28:06,0837121000,13,699,rahu,
2026-08-11 01:28:07,0954377776,14,899,universal,
2026-08-11 01:28:07,0963456661,14,499,emperor,
2026-08-11 01:28:07,0957654442,14,499,emperor,
2026-08-11 01:28:07,0957654222,14,499,emperor,
2026-08-11 01:28:07,0803212000,13,499,rahu,
2026-08-11 01:28:07,0966876000,13,499,rahu,
2026-08-11 01:28:07,0954543339,13,699,naga,
2026-08-11 01:28:07,0826343456,11,499,rahu,NEW
2026-08-11 01:28:07,0838343210,11,699,rahu,
2026-08-11 01:28:07,0957654466,11,499,emperor,
2026-08-11 01:28:07,0953456822,11,499,emperor,
2026-08-11 01:28:07,0967654422,11,499,emperor,
2026-08-11 01:28:07,0967654224,11,499,emperor,
2026-08-11 01:28:07,0955543334,10,899,universal,
2026-08-11 01:28:07,0954353222,10,699,universal,
2026-08-11 01:28:07,0963799994,10,899,universal,
2026-08-11 01:28:07,0955311114,10,899,universal,
2026-08-11 01:28:07,0961211116,10,1199,universal,
2026-08-11 01:28:07,0961231444,10,699,universal,
2026-08-11 01:28:07,0956766633,10,899,universal,
2026-08-11 01:28:07,0954388282,10,1199,rahu,
2026-08-11 01:28:07,0820987770,10,499,rahu,
2026-08-11 01:28:07,0967833222,10,1199,rahu,
2026-08-11 01:28:07,0966643251,10,699,khanthep,
2026-08-11 01:28:07,0954369111,10,699,naga,
2026-08-11 01:28:07,0956797333,10,699,naga,
2026-08-11 01:28:07,0953711119,10,999,naga,
2026-08-11 01:28:07,0962311119,10,999,naga,
2026-08-11 01:28:07,0956714666,10,899,ajchang,
2026-08-11 01:28:07,0963165444,10,899,ajchang,
2026-08-11 01:28:07,0957344441,10,899,ajchang,
2026-08-11 01:28:07,0957652226,10,899,ajchang,
2026-08-11 01:28:07,0967176555,10,599,ajchang,
2026-08-11 01:28:07,0855515671,10,499,ajchang,
2026-08-11 01:28:07,0855501218,10,499,ajchang,
2026-08-11 01:28:07,0954311165,10,499,emperor,
2026-08-11 01:28:07,0954344462,10,499,emperor,
2026-08-11 01:28:07,0953211159,10,499,emperor,
2026-08-11 01:28:07,0967456999,10,499,emperor,
2026-08-11 01:28:07,0953459222,10,499,emperor,
2026-08-11 01:28:07,0954344426,10,499,emperor,
2026-08-11 01:28:14,0956567111,13,699,universal
2026-08-11 01:28:14,0964155550,10,1499,universal
2026-08-11 01:28:14,0963455577,10,899,universal
2026-08-11 01:28:14,0963567111,10,699,universal
2026-08-11 01:28:14,0961944446,10,1699,universal
2026-08-11 01:28:14,0962722226,10,1199,universal
2026-08-11 01:28:14,0967211110,10,899,universal
2026-08-11 01:28:14,0966477771,10,1199,khanthep
2026-08-11 01:28:14,0967234999,10,699,naga
2026-08-11 01:28:14,0956744111,10,899,ajchang
2026-08-11 01:28:14,0963844432,10,499,ajchang
2026-08-11 01:28:14,0955567625,10,499,ajchang
2026-08-11 01:28:18,0956711110,14,899,universal,
2026-08-11 01:28:18,0954329777,14,699,universal,
2026-08-11 01:28:18,0956711117,14,1199,universal,
2026-08-11 01:28:18,0832108777,14,499,rahu,
2026-08-11 01:28:18,0838765553,14,899,rahu,
2026-08-11 01:28:18,0838345677,14,699,rahu,
2026-08-11 01:28:18,0953211119,14,999,naga,
2026-08-11 01:28:18,0956733339,14,999,naga,
2026-08-11 01:28:18,0963211119,14,999,naga,
2026-08-11 01:28:18,0957654442,14,499,emperor,
2026-08-11 01:28:18,0957654222,14,499,emperor,
2026-08-11 01:28:18,0963456661,14,499,emperor,
2026-08-11 01:28:18,0967654446,14,499,emperor,
2026-08-11 01:28:18,0961212333,13,699,universal,
2026-08-11 01:28:18,0968678000,13,699,universal,
2026-08-11 01:28:18,0959522226,13,1699,universal,
2026-08-11 01:28:18,0909611123,13,499,ajchang,
2026-08-11 01:28:18,0829595000,12,499,rahu,
2026-08-11 01:28:18,0963433456,11,899,universal,
2026-08-11 01:28:18,0957343456,11,699,universal,
2026-08-11 01:28:18,0645679944,11,699,universal,
2026-08-11 01:28:18,0952311234,11,699,universal,
2026-08-11 01:28:18,0958811234,11,899,rahu,
2026-08-11 01:28:18,0825586789,11,899,rahu,NEW
2026-08-11 01:28:18,0855950123,11,699,rahu,
2026-08-11 01:28:18,0825311234,11,899,rahu,NEW
2026-08-11 01:28:18,0838396789,11,899,rahu,NEW
2026-08-11 01:28:18,0829066789,11,499,rahu,NEW
2026-08-11 01:28:18,0886671234,11,499,rahu,NEW
2026-08-11 01:28:18,0855865432,11,699,rahu,
2026-08-11 01:28:18,0886351234,11,499,rahu,NEW
2026-08-11 01:28:18,0955854567,11,699,rahu,
2026-08-11 01:28:18,0955194567,11,699,naga,
2026-08-11 01:28:18,0967792345,11,699,naga,
2026-08-11 01:28:18,0967654224,11,899,ajchang,
2026-08-11 01:28:18,0957654466,11,499,emperor,
2026-08-11 01:28:18,0953456822,11,499,emperor,
2026-08-11 01:28:18,0967654422,11,499,emperor,
2026-08-11 01:28:18,0967654646,11,499,emperor,
2026-08-11 01:28:18,0957654646,11,499,emperor,
2026-08-11 01:28:18,0967133331,10,1199,universal,
2026-08-11 01:28:18,0961655550,10,1499,universal,
2026-08-11 01:28:18,0956727555,10,699,universal,
2026-08-11 01:28:18,0952987555,10,699,universal,
2026-08-11 01:28:18,0953432666,10,699,universal,
2026-08-11 01:28:18,0963457772,10,699,universal,
2026-08-11 01:28:18,0956752444,10,699,universal,
2026-08-11 01:28:18,0962722225,10,1199,universal,
2026-08-11 01:28:18,0963144445,10,899,universal,
2026-08-11 01:28:18,0646944447,10,1699,universal,
2026-08-11 01:28:18,0957388880,10,899,universal,
2026-08-11 01:28:18,0967344441,10,899,universal,
2026-08-11 01:28:18,0956739111,10,699,universal,
2026-08-11 01:28:18,0961432777,10,699,universal,
2026-08-11 01:28:18,0644765888,10,699,universal,
2026-08-11 01:28:18,0953211191,10,899,universal,
2026-08-11 01:28:18,0956794443,10,699,universal,
2026-08-11 01:28:18,0960465444,10,899,universal,
2026-08-11 01:28:18,0955711110,10,899,universal,
2026-08-11 01:28:18,0954359222,10,699,universal,
2026-08-11 01:28:18,0953455111,10,899,universal,
2026-08-11 01:28:18,0645653888,10,1199,universal,
2026-08-11 01:28:18,0966733337,10,1199,universal,
2026-08-11 01:28:18,0963466660,10,899,universal,
2026-08-11 01:28:18,0956745777,10,699,universal,
2026-08-11 01:28:18,0961233737,10,899,universal,
2026-08-11 01:28:18,0967871118,10,699,universal,
2026-08-11 01:28:18,0965461114,10,699,universal,
2026-08-11 01:28:18,0955156767,10,699,universal,
2026-08-11 01:28:18,0951744445,10,1699,universal,
2026-08-11 01:28:18,0967411117,10,899,universal,
2026-08-11 01:28:18,0954722226,10,899,universal,
2026-08-11 01:28:18,0963432777,10,699,universal,
2026-08-11 01:28:18,0956744222,10,899,universal,
2026-08-11 01:28:18,0962543331,10,699,universal,
2026-08-11 01:28:18,0967511116,10,899,universal,
2026-08-11 01:28:18,0967321444,10,699,universal,
2026-08-11 01:28:18,0963755552,10,899,universal,
2026-08-11 01:28:18,0658388881,10,1199,universal,
2026-08-11 01:28:18,0961366667,10,899,universal,
2026-08-11 01:28:18,0961765666,10,899,universal,
2026-08-11 01:28:18,0953455757,10,899,universal,
2026-08-11 01:28:18,0956717117,10,1199,universal,
2026-08-11 01:28:18,0962765666,10,899,universal,
2026-08-11 01:28:18,0951755556,10,899,universal,
2026-08-11 01:28:18,0966723444,10,699,universal,
2026-08-11 01:28:18,0967133335,10,899,universal,
2026-08-11 01:28:18,0963211161,10,899,universal,
2026-08-11 01:28:18,0953643222,10,699,universal,NEW
2026-08-11 01:28:18,0952354333,10,699,universal,
2026-08-11 01:28:18,0963212333,10,699,universal,
2026-08-11 01:28:18,0956533334,10,899,universal,
2026-08-11 01:28:18,0641321666,10,699,universal,
2026-08-11 01:28:18,0958366662,10,1199,universal,
2026-08-11 01:28:18,0951432228,10,699,universal,
2026-08-11 01:28:18,0966567555,10,699,universal,
2026-08-11 01:28:18,0968166660,10,899,universal,
2026-08-11 01:28:18,0834509666,10,699,universal,
2026-08-11 01:28:18,0954344222,10,899,universal,
2026-08-11 01:28:18,0957356777,10,699,universal,
2026-08-11 01:28:18,0961432666,10,699,universal,
2026-08-11 01:28:18,0955744440,10,899,universal,
2026-08-11 01:28:18,0658243222,10,899,rahu,
2026-08-11 01:28:18,0839032111,10,499,rahu,
2026-08-11 01:28:18,0961788886,10,1199,rahu,
2026-08-11 01:28:18,0962533338,10,1199,rahu,
2026-08-11 01:28:18,0645682225,10,499,rahu,
2026-08-11 01:28:18,0968744440,10,499,rahu,
2026-08-11 01:28:18,0825671666,10,499,rahu,
2026-08-11 01:28:18,0955512382,10,699,rahu,
2026-08-11 01:28:18,0825210333,10,499,rahu,
2026-08-11 01:28:18,0832567222,10,499,rahu,
2026-08-11 01:28:18,0967344448,10,499,rahu,
2026-08-11 01:28:18,0834512224,10,899,rahu,
2026-08-11 01:28:18,0957288886,10,1199,rahu,
2026-08-11 01:28:18,0658768111,10,499,rahu,
2026-08-11 01:28:18,0855056767,10,499,rahu,
2026-08-11 01:28:18,0855436444,10,499,rahu,
2026-08-11 01:28:18,0967852444,10,899,rahu,
2026-08-11 01:28:18,0910387666,10,499,rahu,
2026-08-11 01:28:18,0855154343,10,499,rahu,
2026-08-11 01:28:18,0967851116,10,899,rahu,
2026-08-11 01:28:18,0910678333,10,499,rahu,
2026-08-11 01:28:18,0958543331,10,499,rahu,
2026-08-11 01:28:18,0953877778,10,1199,rahu,
2026-08-11 01:28:18,0963488885,10,499,rahu,
2026-08-11 01:28:18,0967820333,10,499,rahu,
2026-08-11 01:28:18,0938763330,10,499,rahu,
2026-08-11 01:28:18,0835210333,10,499,rahu,
2026-08-11 01:28:18,0954358222,10,899,rahu,
2026-08-11 01:28:18,0834525777,10,499,rahu,
2026-08-11 01:28:18,0838387667,10,899,rahu,
2026-08-11 01:28:18,0953822229,10,1199,rahu,
2026-08-11 01:28:18,0963511116,10,1199,khanthep,
2026-08-11 01:28:18,0966616547,10,1199,khanthep,
2026-08-11 01:28:18,0963611117,10,1199,khanthep,
2026-08-11 01:28:18,0967177774,10,1199,khanthep,
2026-08-11 01:28:18,0955177778,10,1199,khanthep,
2026-08-11 01:28:18,0961744447,10,1199,khanthep,
2026-08-11 01:28:18,0967155551,10,1199,khanthep,
2026-08-11 01:28:18,0967122229,10,999,naga,
2026-08-11 01:28:18,0963733339,10,999,naga,
2026-08-11 01:28:18,0967433339,10,999,naga,
2026-08-11 01:28:18,0961633339,10,999,naga,
2026-08-11 01:28:18,0962349555,10,699,naga,
2026-08-11 01:28:18,0954533339,10,999,naga,
2026-08-11 01:28:18,0951377779,10,999,naga,
2026-08-11 01:28:18,0963799994,10,999,naga,
2026-08-11 01:28:18,0962399990,10,999,naga,
2026-08-11 01:28:18,0963219111,10,999,naga,
2026-08-11 01:28:18,0953711119,10,999,naga,
2026-08-11 01:28:18,0967234999,10,699,naga,
2026-08-11 01:28:18,0956797779,10,999,naga,
2026-08-11 01:28:18,0957651119,10,699,naga,
2026-08-11 01:28:18,0954392333,10,699,naga,
2026-08-11 01:28:18,0956711193,10,699,naga,
2026-08-11 01:28:18,0962511119,10,999,naga,
2026-08-11 01:28:18,0967878892,10,699,naga,
2026-08-11 01:28:18,0962344439,10,999,naga,
2026-08-11 01:28:18,0951700009,10,999,naga,
2026-08-11 01:28:18,0967599992,10,999,naga,
2026-08-11 01:28:18,0951600009,10,999,naga,
2026-08-11 01:28:18,0963211129,10,999,naga,
2026-08-11 01:28:18,0961765999,10,699,naga,
2026-08-11 01:28:18,0962347779,10,699,naga,
2026-08-11 01:28:18,0953677779,10,999,naga,
2026-08-11 01:28:18,0953211129,10,999,naga,
2026-08-11 01:28:18,0956567997,10,699,naga,
2026-08-11 01:28:18,0962500009,10,999,naga,
2026-08-11 01:28:18,0957200009,10,999,naga,
2026-08-11 01:28:18,0956719222,10,699,naga,
2026-08-11 01:28:18,0954392777,10,699,naga,
2026-08-11 01:28:18,0967544449,10,999,naga,
2026-08-11 01:28:18,0956795777,10,699,naga,
2026-08-11 01:28:18,0954369777,10,699,naga,
2026-08-11 01:28:18,0957659333,10,699,naga,
2026-08-11 01:28:18,0955515679,10,999,naga,
2026-08-11 01:28:18,0961399994,10,999,naga,
2026-08-11 01:28:18,0953212229,10,899,ajchang,
2026-08-11 01:28:18,0957699992,10,899,ajchang,
2026-08-11 01:28:18,0967255551,10,899,ajchang,
2026-08-11 01:28:18,0954766662,10,899,ajchang,
2026-08-11 01:28:18,0952765556,10,899,ajchang,
2026-08-11 01:28:18,0956749222,10,899,ajchang,
2026-08-11 01:28:18,0639722210,10,499,ajchang,
2026-08-11 01:28:18,0955567129,10,499,ajchang,
2026-08-11 01:28:18,0956711134,10,499,ajchang,
2026-08-11 01:28:18,0820122243,10,499,ajchang,
2026-08-11 01:28:18,0903211108,10,499,ajchang,
2026-08-11 01:28:18,0955567066,10,499,ajchang,
2026-08-11 01:28:18,0955611117,10,1999,ajchang,
2026-08-11 01:28:18,0962455552,10,1999,ajchang,
2026-08-11 01:28:18,0963211222,10,899,ajchang,
2026-08-11 01:28:18,0956722999,10,899,ajchang,
2026-08-11 01:28:18,0962744449,10,899,ajchang,
2026-08-11 01:28:18,0963451116,10,899,ajchang,
2026-08-11 01:28:18,0962344499,10,899,ajchang,
2026-08-11 01:28:18,0963455222,10,899,ajchang,
2026-08-11 01:28:18,0644477543,10,499,ajchang,
2026-08-11 01:28:18,0955523487,10,499,ajchang,
2026-08-11 01:28:18,0956211119,10,1999,ajchang,
2026-08-11 01:28:18,0967622226,10,899,ajchang,
2026-08-11 01:28:18,0963211149,10,899,ajchang,
2026-08-11 01:28:18,0963455525,10,899,ajchang,
2026-08-11 01:28:18,0967544442,10,899,ajchang,
2026-08-11 01:28:18,0952349666,10,899,ajchang,
2026-08-11 01:28:18,0955567033,10,499,ajchang,
2026-08-11 01:28:18,0958122234,10,499,ajchang,
2026-08-11 01:28:18,0637655574,10,499,ajchang,
2026-08-11 01:28:18,0963455583,10,499,ajchang,
2026-08-11 01:28:18,0963654111,10,1699,ajchang,
2026-08-11 01:28:18,0956722241,10,899,ajchang,
2026-08-11 01:28:18,0954311164,10,499,ajchang,
2026-08-11 01:28:18,0839188876,10,499,ajchang,
2026-08-11 01:28:18,0954311163,10,499,ajchang,
2026-08-11 01:28:18,0951611114,10,1999,ajchang,
2026-08-11 01:28:18,0957711116,10,899,ajchang,
2026-08-11 01:28:18,0953211121,10,899,ajchang,
2026-08-11 01:28:18,0956761666,10,899,ajchang,
2026-08-11 01:28:18,0956755522,10,899,ajchang,
2026-08-11 01:28:18,0963511112,10,899,ajchang,
2026-08-11 01:28:18,0963216662,10,899,ajchang,
2026-08-11 01:28:18,0963765556,10,899,ajchang,
2026-08-11 01:28:18,0644487012,10,499,ajchang,
2026-08-11 01:28:18,0855567700,10,499,ajchang,
2026-08-11 01:28:18,0855513458,10,499,ajchang,
2026-08-11 01:28:18,0963165444,10,499,emperor,
2026-08-11 01:28:18,0954344426,10,499,emperor,
2026-08-11 01:28:18,0967816664,10,499,emperor,
2026-08-11 01:28:18,0953459111,10,499,emperor,
2026-08-11 01:28:18,0954311165,10,499,emperor,
2026-08-11 01:28:18,0954344462,10,499,emperor,
2026-08-11 01:28:18,0957645666,10,499,emperor,
2026-08-11 01:28:18,0967456999,10,499,emperor,
2026-08-11 01:28:18,0953211159,10,499,emperor,
2026-08-11 01:28:18,0953459222,10,499,emperor,
2026-08-11 01:28:19,0957654442,14,499,emperor,
2026-08-11 01:28:19,0963456661,14,499,emperor,
2026-08-11 01:28:19,0829521000,13,499,rahu,
2026-08-11 01:28:19,0968678000,13,499,rahu,
2026-08-11 01:28:19,0834721000,13,499,rahu,
2026-08-11 01:28:19,0967433456,11,699,universal,
2026-08-11 01:28:19,0834561199,11,699,universal,
2026-08-11 01:28:19,0855921234,11,899,rahu,NEW
2026-08-11 01:28:19,0963383456,11,899,rahu,
2026-08-11 01:28:19,0957654466,11,499,emperor,
2026-08-11 01:28:19,0967654646,11,499,emperor,
2026-08-11 01:28:19,0967654224,11,499,emperor,
2026-08-11 01:28:19,0958678444,10,699,universal,
2026-08-11 01:28:19,0954353331,10,699,universal,
2026-08-11 01:28:19,0963411114,10,1199,universal,
2026-08-11 01:28:19,0645355558,10,1199,universal,
2026-08-11 01:28:19,0954176555,10,699,universal,
2026-08-11 01:28:19,0953611115,10,899,universal,
2026-08-11 01:28:19,0963632112,10,699,universal,
2026-08-11 01:28:19,0957756767,10,699,universal,
2026-08-11 01:28:19,0956719777,10,699,universal,
2026-08-11 01:28:19,0963756777,10,699,universal,
2026-08-11 01:28:19,0938766644,10,899,universal,
2026-08-11 01:28:19,0954154333,10,699,universal,
2026-08-11 01:28:19,0956757111,10,699,universal,
2026-08-11 01:28:19,0832234646,10,699,universal,
2026-08-11 01:28:19,0646266668,10,1199,universal,
2026-08-11 01:28:19,0955644440,10,1499,universal,
2026-08-11 01:28:19,0963654777,10,699,universal,
2026-08-11 01:28:19,0953457111,10,699,universal,
2026-08-11 01:28:19,0961266663,10,899,universal,
2026-08-11 01:28:19,0938522210,10,699,rahu,
2026-08-11 01:28:19,0952877774,10,1199,rahu,
2026-08-11 01:28:19,0966767887,10,899,rahu,
2026-08-11 01:28:19,0956345558,10,499,rahu,
2026-08-11 01:28:19,0839987774,10,499,rahu,
2026-08-11 01:28:19,0956321118,10,499,rahu,
2026-08-11 01:28:19,0951611119,10,999,naga,
2026-08-11 01:28:19,0956729222,10,999,naga,
2026-08-11 01:28:19,0954397333,10,699,naga,
2026-08-11 01:28:19,0954397666,10,699,naga,
2026-08-11 01:28:19,0956769666,10,999,naga,
2026-08-11 01:28:19,0957755552,10,899,ajchang,
2026-08-11 01:28:19,0967388881,10,599,ajchang,
2026-08-11 01:28:19,0956722999,10,899,ajchang,
2026-08-11 01:28:19,0957655858,10,899,ajchang,
2026-08-11 01:28:19,0954391555,10,899,ajchang,
2026-08-11 01:28:19,0955567067,10,499,ajchang,
2026-08-11 01:28:19,0953211163,10,499,ajchang,
2026-08-11 01:28:19,0955506567,10,499,ajchang,
2026-08-11 01:28:19,0963165444,10,499,emperor,
2026-08-11 01:28:19,0954344426,10,499,emperor,
2026-08-11 01:28:19,0967816664,10,499,emperor,
2026-08-11 01:28:19,0953459222,10,499,emperor,
2026-08-11 01:28:19,0953459111,10,499,emperor,
2026-08-11 01:28:24,0957567111,10,699,universal
2026-08-11 01:28:24,0961544441,10,1699,universal
2026-08-11 01:28:24,0963411117,10,899,universal
2026-08-11 01:28:24,0962543331,10,699,universal
2026-08-11 01:28:24,0955411114,10,1199,universal
2026-08-11 01:28:24,0962765333,10,699,universal
2026-08-11 01:28:24,0953466667,10,899,universal
2026-08-11 01:28:24,0966722220,10,899,universal
2026-08-11 01:28:24,0834537222,10,499,rahu
2026-08-11 01:28:24,0961633338,10,1199,khanthep
2026-08-11 01:28:24,0962755552,10,899,ajchang
2026-08-11 01:28:24,0954232111,10,599,ajchang
2026-08-11 01:28:24,0955576508,10,499,ajchang
2026-08-11 01:28:24,0820122247,10,499,ajchang
2026-08-11 01:28:24,0855543900,10,499,ajchang
2026-08-11 01:28:24,0955567531,10,499,ajchang
2026-08-11 01:28:24,0644487602,10,499,ajchang
2026-08-11 01:28:30,0963211119,14,999,naga,
2026-08-11 01:28:30,0957654222,14,499,emperor,
2026-08-11 01:28:30,0963456661,14,499,emperor,
2026-08-11 01:28:30,0957654442,14,499,emperor,
2026-08-11 01:28:30,0956567772,13,699,universal,NEW
2026-08-11 01:28:30,0938678000,13,499,rahu,
2026-08-11 01:28:30,0961611117,13,1199,khanthep,
2026-08-11 01:28:30,0953533338,13,1199,khanthep,
2026-08-11 01:28:30,0955543435,13,499,ajchang,
2026-08-11 01:28:30,0826161000,12,499,rahu,
2026-08-11 01:28:30,0957343456,11,699,universal,
2026-08-11 01:28:30,0954233456,11,699,universal,
2026-08-11 01:28:30,0837706789,11,499,rahu,NEW
2026-08-11 01:28:30,0829876161,11,499,rahu,
2026-08-11 01:28:30,0953456822,11,499,emperor,
2026-08-11 01:28:30,0967654224,11,499,emperor,
2026-08-11 01:28:30,0967654422,11,499,emperor,
2026-08-11 01:28:30,0967266662,10,1199,universal,
2026-08-11 01:28:30,0957652666,10,699,universal,
2026-08-11 01:28:30,0953633331,10,1199,universal,
2026-08-11 01:28:30,0971845666,10,699,universal,
2026-08-11 01:28:30,0952711117,10,1199,universal,
2026-08-11 01:28:30,0967211119,10,899,universal,
2026-08-11 01:28:30,0954372666,10,699,universal,
2026-08-11 01:28:30,0953454111,10,699,universal,
2026-08-11 01:28:30,0951343222,10,699,universal,
2026-08-11 01:28:30,0645456116,10,699,universal,
2026-08-11 01:28:30,0968123332,10,1199,rahu,
2026-08-11 01:28:30,0825670008,10,499,rahu,
2026-08-11 01:28:30,0855732111,10,499,rahu,
2026-08-11 01:28:30,0838123330,10,699,rahu,
2026-08-11 01:28:30,0641678666,10,899,rahu,
2026-08-11 01:28:30,0855543338,10,899,rahu,
2026-08-11 01:28:30,0953532115,10,699,khanthep,
2026-08-11 01:28:30,0957211119,10,999,naga,
2026-08-11 01:28:30,0952349111,10,699,naga,
2026-08-11 01:28:30,0956755959,10,999,naga,
2026-08-11 01:28:30,0964122229,10,999,naga,
2026-08-11 01:28:30,0963212229,10,999,naga,
2026-08-11 01:28:30,0956799333,10,999,naga,
2026-08-11 01:28:30,0953100009,10,999,naga,
2026-08-11 01:28:30,0956797111,10,699,naga,
2026-08-11 01:28:30,0954433339,10,999,naga,
2026-08-11 01:28:30,0953212229,10,999,naga,
2026-08-11 01:28:30,0965461116,10,1999,ajchang,
2026-08-11 01:28:30,0961411116,10,1999,ajchang,
2026-08-11 01:28:30,0956411115,10,1999,ajchang,
2026-08-11 01:28:30,0951654111,10,1699,ajchang,
2026-08-11 01:28:30,0954399191,10,899,ajchang,
2026-08-11 01:28:30,0962765558,10,899,ajchang,
2026-08-11 01:28:30,0963755556,10,899,ajchang,
2026-08-11 01:28:30,0967355554,10,899,ajchang,
2026-08-11 01:28:30,0855501218,10,499,ajchang,
2026-08-11 01:28:30,0963165444,10,499,emperor,
2026-08-11 01:28:30,0967456999,10,499,emperor,
2026-08-11 01:28:30,0953459222,10,499,emperor,
2026-08-11 01:28:30,0954344426,10,499,emperor,
2026-08-11 01:28:30,0953211159,10,499,emperor,
2026-08-11 01:28:32,0953211119,14,899,universal,
2026-08-11 01:28:32,0957655557,14,899,universal,
2026-08-11 01:28:32,0648456777,14,499,rahu,
2026-08-11 01:28:32,0834562221,14,499,rahu,
2026-08-11 01:28:32,0643211149,14,499,ajchang,
2026-08-11 01:28:32,0812344472,14,499,ajchang,
2026-08-11 01:28:32,0967654446,14,499,emperor,
2026-08-11 01:28:32,0963456661,14,499,emperor,
2026-08-11 01:28:32,0957654222,14,499,emperor,
2026-08-11 01:28:32,0841411118,13,1199,universal,
2026-08-11 01:28:32,0855421000,13,499,rahu,
2026-08-11 01:28:32,0835352000,12,499,rahu,
2026-08-11 01:28:34,0956733337,14,1199,universal
2026-08-11 01:28:34,0968121000,13,499,rahu
2026-08-11 01:28:34,0658763000,13,499,rahu
2026-08-11 01:28:34,0962341666,10,699,universal
2026-08-11 01:28:34,0956723444,10,699,universal
2026-08-11 01:28:34,0967233332,10,1199,universal
2026-08-11 01:28:34,0953457333,10,699,universal
2026-08-11 01:28:34,0957266660,10,899,universal
2026-08-11 01:28:34,0962144440,10,899,universal
2026-08-11 01:28:34,0886301222,10,499,rahu
2026-08-11 01:28:34,0938678222,10,899,rahu
2026-08-11 01:28:34,0956799923,10,699,naga
2026-08-11 01:28:34,0962588883,10,1999,ajchang
2026-08-11 01:28:34,0957122225,10,1499,ajchang
2026-08-11 01:28:34,0834322290,10,499,ajchang
2026-08-11 01:28:42,0953432111,14,699,universal,
2026-08-11 01:28:42,0963211113,14,899,universal,
2026-08-11 01:28:42,0953211119,14,999,naga,
2026-08-11 01:28:42,0957654442,14,499,emperor,
2026-08-11 01:28:42,0855987000,13,499,rahu,
2026-08-11 01:28:42,0829876262,11,499,rahu,
2026-08-11 01:28:42,0968543232,11,499,rahu,
2026-08-11 01:28:42,0967654646,11,499,emperor,
2026-08-11 01:28:42,0967654224,11,499,emperor,
2026-08-11 01:28:42,0957654466,11,499,emperor,
2026-08-11 01:28:42,0953456822,11,499,emperor,
2026-08-11 01:28:42,0957144442,10,1199,universal,
2026-08-11 01:28:42,0953567111,10,699,universal,
2026-08-11 01:28:42,0967411115,10,899,universal,
2026-08-11 01:28:42,0962433336,10,899,universal,
2026-08-11 01:28:42,0956763336,10,899,universal,
2026-08-11 01:28:42,0962411115,10,899,universal,
2026-08-11 01:28:42,0967875888,10,699,universal,
2026-08-11 01:28:42,0962677770,10,899,universal,
2026-08-11 01:28:42,0957433332,10,899,universal,
2026-08-11 01:28:42,0961766664,10,899,universal,
2026-08-11 01:28:42,0957611116,10,1199,universal,
2026-08-11 01:28:42,0962533337,10,899,universal,
2026-08-11 01:28:42,0645653888,10,1199,universal,
2026-08-11 01:28:42,0834587111,10,899,rahu,
2026-08-11 01:28:42,0954381115,10,499,rahu,
2026-08-11 01:28:42,0886782333,10,499,rahu,
2026-08-11 01:28:42,0855435777,10,499,rahu,
2026-08-11 01:28:42,0962812333,10,899,rahu,
2026-08-11 01:28:42,0967155551,10,1199,khanthep,
2026-08-11 01:28:42,0956796111,10,699,naga,
2026-08-11 01:28:42,0951377779,10,999,naga,
2026-08-11 01:28:42,0961377779,10,999,naga,
2026-08-11 01:28:42,0963499990,10,999,naga,
2026-08-11 01:28:42,0967600009,10,999,naga,
2026-08-11 01:28:42,0957422229,10,999,naga,
2026-08-11 01:28:42,0963765559,10,699,naga,
2026-08-11 01:28:42,0961399994,10,999,naga,
2026-08-11 01:28:42,0961366669,10,999,naga,
2026-08-11 01:28:42,0967244449,10,999,naga,
2026-08-11 01:28:42,0956799979,10,999,naga,
2026-08-11 01:28:42,0966744449,10,899,ajchang,
2026-08-11 01:28:42,0954722229,10,899,ajchang,
2026-08-11 01:28:42,0963722229,10,899,ajchang,
2026-08-11 01:28:42,0962711118,10,899,ajchang,
2026-08-11 01:28:42,0956716444,10,899,ajchang,
2026-08-11 01:28:42,0955543671,10,499,ajchang,
2026-08-11 01:28:42,0955542321,10,499,ajchang,
2026-08-11 01:28:42,0838766642,10,499,ajchang,
2026-08-11 01:28:42,0955574326,10,499,ajchang,
2026-08-11 01:28:42,0855567971,10,499,ajchang,
2026-08-11 01:28:42,0953459111,10,499,emperor,
2026-08-11 01:28:42,0957645666,10,499,emperor,
2026-08-11 01:28:42,0954344462,10,499,emperor,
2026-08-11 01:28:42,0954311165,10,499,emperor,
2026-08-11 01:28:42,0953459222,10,499,emperor,
2026-08-11 01:28:42,0954344426,10,499,emperor,
2026-08-11 01:28:45,0953455557,14,899,universal
2026-08-11 01:28:45,0956788803,14,499,ajchang
2026-08-11 01:28:45,0858549000,12,699,rahu
2026-08-11 01:28:45,0886281234,11,899,rahu
2026-08-11 01:28:45,0858570123,11,699,rahu
2026-08-11 01:28:45,0855950123,11,699,rahu
2026-08-11 01:28:45,0956761444,10,699,universal
2026-08-11 01:28:45,0963133337,10,1199,universal
2026-08-11 01:28:45,0643459555,10,899,universal
2026-08-11 01:28:45,0954314777,10,699,universal
2026-08-11 01:28:45,0963214333,10,699,universal
2026-08-11 01:28:45,0962411115,10,899,universal
2026-08-11 01:28:45,0886699987,10,1199,universal
2026-08-11 01:28:45,0832321551,10,499,rahu
2026-08-11 01:28:45,0963766664,10,899,ajchang
2026-08-11 01:28:45,0964155543,10,499,ajchang
2026-08-11 01:28:45,0952611123,10,499,ajchang
2026-08-11 01:28:54,0829321000,17,499,rahu,
2026-08-11 01:28:54,0954366665,14,899,ajchang,
2026-08-11 01:28:54,0956788840,14,499,ajchang,
2026-08-11 01:28:54,0834566671,14,499,ajchang,
2026-08-11 01:28:54,0957654442,14,499,emperor,
2026-08-11 01:28:54,0963456661,14,499,emperor,
2026-08-11 01:28:54,0836123000,13,699,rahu,
2026-08-11 01:28:54,0886850123,11,699,rahu,
2026-08-11 01:28:54,0967654646,11,499,emperor,
2026-08-11 01:28:54,0953456822,11,499,emperor,
2026-08-11 01:28:54,0957654466,11,499,emperor,
2026-08-11 01:28:54,0918766444,10,899,universal,
2026-08-11 01:28:54,0963567779,10,699,universal,
2026-08-11 01:28:54,0641919987,10,1699,universal,
2026-08-11 01:28:54,0963522221,10,899,universal,
2026-08-11 01:28:54,0966547333,10,699,universal,
2026-08-11 01:28:54,0957266662,10,1199,universal,
2026-08-11 01:28:54,0858676555,10,699,universal,
2026-08-11 01:28:54,0855376555,10,699,universal,
2026-08-11 01:28:54,0645649666,10,1499,universal,
2026-08-11 01:28:54,0953211919,10,899,universal,
2026-08-11 01:28:54,0963411112,10,899,universal,
2026-08-11 01:28:54,0963451222,10,699,universal,
2026-08-11 01:28:54,0962766669,10,899,universal,
2026-08-11 01:28:54,0967355554,10,899,universal,
2026-08-11 01:28:54,0837890004,10,499,rahu,
2026-08-11 01:28:54,0967835333,10,1199,rahu,
2026-08-11 01:28:54,0962688883,10,1199,rahu,
2026-08-11 01:28:54,0952533336,10,1199,khanthep,
2026-08-11 01:28:54,0956739777,10,699,naga,
2026-08-11 01:28:54,0963219333,10,699,naga,
2026-08-11 01:28:54,0953277779,10,999,naga,
2026-08-11 01:28:54,0954319777,10,699,naga,
2026-08-11 01:28:54,0962377779,10,999,naga,
2026-08-11 01:28:54,0956722999,10,999,naga,
2026-08-11 01:28:54,0967599997,10,999,naga,
2026-08-11 01:28:54,0956549333,10,699,naga,
2026-08-11 01:28:54,0956795553,10,699,naga,
2026-08-11 01:28:54,0963766669,10,999,naga,
2026-08-11 01:28:54,0957411119,10,999,naga,
2026-08-11 01:28:54,0963622221,10,1999,ajchang,
2026-08-11 01:28:54,0953211212,10,899,ajchang,
2026-08-11 01:28:54,0956755526,10,899,ajchang,
2026-08-11 01:28:54,0963476555,10,599,ajchang,
2026-08-11 01:28:54,0954374222,10,599,ajchang,
2026-08-11 01:28:54,0646188876,10,499,ajchang,
2026-08-11 01:28:54,0963165444,10,499,emperor,
2026-08-11 01:28:54,0953211159,10,499,emperor,
2026-08-11 01:28:54,0957651119,10,499,emperor,
2026-08-11 01:28:54,0953459222,10,499,emperor,
2026-08-11 01:28:54,0967816664,10,499,emperor,
2026-08-11 01:28:54,0954311165,10,499,emperor,
2026-08-11 01:28:55,0643211116,18,899,universal,
2026-08-11 01:28:55,0956711113,14,899,universal,
2026-08-11 01:28:55,0962345111,14,699,universal,
2026-08-11 01:28:55,0956711114,14,899,ajchang,
2026-08-11 01:28:55,0957654222,14,499,emperor,
2026-08-11 01:28:55,0967654446,14,499,emperor,
2026-08-11 01:28:55,0963456661,14,499,emperor,
2026-08-11 01:28:55,0957654442,14,499,emperor,
2026-08-11 01:28:55,0855435000,13,499,rahu,
2026-08-11 01:28:55,0643238000,13,499,rahu,
2026-08-11 01:28:57,0858870123,11,699,rahu
2026-08-11 01:28:57,0841456888,10,699,universal
2026-08-11 01:28:57,0957655858,10,899,universal
2026-08-11 01:28:57,0645653888,10,1199,universal
2026-08-11 01:28:57,0954369666,10,899,universal
2026-08-11 01:28:57,0963453332,10,699,universal
2026-08-11 01:28:57,0855536782,10,699,rahu
2026-08-11 01:28:57,0838123330,10,699,rahu
2026-08-11 01:28:57,0812352333,10,499,rahu
2026-08-11 01:28:57,0966615435,10,699,khanthep
2026-08-11 01:28:57,0953177779,10,999,naga
2026-08-11 01:28:57,0967566661,10,899,ajchang
2026-08-11 01:28:57,0962346662,10,899,ajchang
2026-08-11 01:28:57,0658345666,14,699,universal,
2026-08-11 01:28:57,0838987666,14,899,rahu,
2026-08-11 01:28:57,0826012333,14,699,rahu,
2026-08-11 01:28:57,0954328885,14,899,rahu,
2026-08-11 01:28:57,0825432226,14,499,rahu,NEW
2026-08-11 01:28:57,0855532103,14,499,ajchang,
2026-08-11 01:28:57,0957654442,14,499,emperor,
2026-08-11 01:28:57,0967654446,14,499,emperor,
2026-08-11 01:28:57,0963456661,14,499,emperor,
2026-08-11 01:28:57,0957654222,14,499,emperor,
2026-08-11 01:28:57,0963633337,13,1199,universal,
2026-08-11 01:28:57,0957577774,13,1199,universal,
2026-08-11 01:28:57,0858768000,13,699,rahu,
2026-08-11 01:28:57,0836123000,13,699,rahu,
2026-08-11 01:28:57,0967836000,13,499,rahu,
2026-08-11 01:28:57,0941987000,13,699,naga,
2026-08-11 01:28:57,0909183000,12,499,rahu,
2026-08-11 01:28:57,0834343000,12,499,rahu,
2026-08-11 01:28:57,0963631234,11,699,universal,
2026-08-11 01:28:57,0964121234,11,699,universal,
2026-08-11 01:28:57,0962433456,11,699,universal,
2026-08-11 01:28:57,0839432121,11,899,rahu,
2026-08-11 01:28:57,0855703456,11,499,rahu,NEW
2026-08-11 01:28:57,0820206789,11,499,rahu,NEW
2026-08-11 01:28:57,0820080123,11,699,rahu,
2026-08-11 01:28:57,0958765500,11,499,rahu,
2026-08-11 01:28:57,0834564343,11,499,rahu,
2026-08-11 01:28:57,0855126789,11,899,rahu,NEW
2026-08-11 01:28:57,0829123455,11,699,rahu,NEW
2026-08-11 01:28:57,0855814567,11,699,rahu,
2026-08-11 01:28:57,0954325115,11,699,khanthep,
2026-08-11 01:28:57,0966543579,11,699,naga,
2026-08-11 01:28:57,0957654646,11,499,emperor,
2026-08-11 01:28:57,0953456822,11,499,emperor,
2026-08-11 01:28:57,0967654664,11,499,emperor,
2026-08-11 01:28:57,0967654646,11,499,emperor,
2026-08-11 01:28:57,0957654466,11,499,emperor,
2026-08-11 01:28:57,0967654422,11,499,emperor,
2026-08-11 01:28:57,0967654224,11,499,emperor,
2026-08-11 01:28:57,0963217771,10,899,universal,
2026-08-11 01:28:57,0640455559,10,1499,universal,
2026-08-11 01:28:57,0956277775,10,899,universal,
2026-08-11 01:28:57,0954611110,10,899,universal,
2026-08-11 01:28:57,0953432444,10,699,universal,
2026-08-11 01:28:57,0952343777,10,699,universal,
2026-08-11 01:28:57,0967199990,10,899,universal,
2026-08-11 01:28:57,0964122227,10,899,universal,
2026-08-11 01:28:57,0968355550,10,899,universal,
2026-08-11 01:28:57,0955388881,10,899,universal,
2026-08-11 01:28:57,0958244443,10,899,universal,
2026-08-11 01:28:57,0953534554,10,699,universal,
2026-08-11 01:28:57,0951366660,10,899,universal,
2026-08-11 01:28:57,0956741222,10,699,universal,
2026-08-11 01:28:57,0963216663,10,699,universal,
2026-08-11 01:28:57,0960987444,10,899,universal,
2026-08-11 01:28:57,0957244440,10,899,universal,
2026-08-11 01:28:57,0961322221,10,899,universal,
2026-08-11 01:28:57,0951755551,10,899,universal,
2026-08-11 01:28:57,0957722221,10,1199,universal,
2026-08-11 01:28:57,0956792333,10,699,universal,
2026-08-11 01:28:57,0973215666,10,699,universal,
2026-08-11 01:28:57,0964156777,10,699,universal,
2026-08-11 01:28:57,0956755566,10,899,universal,
2026-08-11 01:28:57,0963455511,10,899,universal,
2026-08-11 01:28:57,0826288887,10,1499,universal,
2026-08-11 01:28:57,0967858588,10,1199,universal,
2026-08-11 01:28:57,0957355554,10,899,universal,
2026-08-11 01:28:57,0962356777,10,699,universal,
2026-08-11 01:28:57,0834588866,10,899,universal,
2026-08-11 01:28:57,0962347775,10,699,universal,
2026-08-11 01:28:57,0963211313,10,899,universal,
2026-08-11 01:28:57,0963611117,10,899,universal,
2026-08-11 01:28:57,0966541333,10,699,universal,
2026-08-11 01:28:57,0953211181,10,899,universal,
2026-08-11 01:28:57,0954143222,10,699,universal,
2026-08-11 01:28:57,0956744411,10,899,universal,
2026-08-11 01:28:57,0963743222,10,699,universal,
2026-08-11 01:28:57,0967366661,10,899,universal,
2026-08-11 01:28:57,0954966662,10,1699,universal,
2026-08-11 01:28:57,0953219222,10,699,universal,
2026-08-11 01:28:57,0963212112,10,1199,universal,
2026-08-11 01:28:57,0953833336,10,1199,universal,
2026-08-11 01:28:57,0955466667,10,899,universal,
2026-08-11 01:28:57,0957477778,10,1199,universal,
2026-08-11 01:28:57,0829466661,10,1699,universal,
2026-08-11 01:28:57,0954371333,10,699,universal,
2026-08-11 01:28:57,0954352333,10,699,universal,
2026-08-11 01:28:57,0952533332,10,899,universal,
2026-08-11 01:28:57,0961466660,10,899,universal,
2026-08-11 01:28:57,0967200008,10,899,universal,
2026-08-11 01:28:57,0961533336,10,899,universal,
2026-08-11 01:28:57,0855854343,10,899,rahu,
2026-08-11 01:28:57,0967188880,10,499,rahu,
2026-08-11 01:28:57,0967833344,10,1199,rahu,
2026-08-11 01:28:57,0834513888,10,899,rahu,
2026-08-11 01:28:57,0829873338,10,899,rahu,
2026-08-11 01:28:57,0839123339,10,899,rahu,
2026-08-11 01:28:57,0839732111,10,499,rahu,
2026-08-11 01:28:57,0832132444,10,499,rahu,
2026-08-11 01:28:57,0802401222,10,499,rahu,
2026-08-11 01:28:57,0966876161,10,899,rahu,
2026-08-11 01:28:57,0961488885,10,499,rahu,
2026-08-11 01:28:57,0803678222,10,499,rahu,
2026-08-11 01:28:57,0646812333,10,899,rahu,
2026-08-11 01:28:57,0967488883,10,499,rahu,
2026-08-11 01:28:57,0838655567,10,699,rahu,NEW
2026-08-11 01:28:57,0826898777,10,499,rahu,
2026-08-11 01:28:57,0837034555,10,499,rahu,
2026-08-11 01:28:57,0837543337,10,499,rahu,
2026-08-11 01:28:57,0958366662,10,1199,rahu,
2026-08-11 01:28:57,0826210004,10,499,rahu,
2026-08-11 01:28:57,0962711118,10,499,rahu,
2026-08-11 01:28:57,0953458885,10,499,rahu,
2026-08-11 01:28:57,0963488885,10,499,rahu,
2026-08-11 01:28:57,0855565457,10,499,rahu,
2026-08-11 01:28:57,0955670008,10,499,rahu,
2026-08-11 01:28:57,0858023444,10,699,rahu,
2026-08-11 01:28:57,0838543332,10,899,rahu,
2026-08-11 01:28:57,0953877778,10,1199,rahu,
2026-08-11 01:28:57,0952833336,10,1199,khanthep,
2026-08-11 01:28:57,0966615321,10,699,khanthep,
2026-08-11 01:28:57,0956388883,10,1199,khanthep,
2026-08-11 01:28:57,0956769777,10,699,naga,
2026-08-11 01:28:57,0961633339,10,999,naga,
2026-08-11 01:28:57,0961300009,10,999,naga,
2026-08-11 01:28:57,0963144449,10,999,naga,
2026-08-11 01:28:57,0956722999,10,999,naga,
2026-08-11 01:28:57,0961722229,10,999,naga,
2026-08-11 01:28:57,0967456999,10,699,naga,
2026-08-11 01:28:57,0964122229,10,999,naga,
2026-08-11 01:28:57,0963219993,10,699,naga,
2026-08-11 01:28:57,0954391555,10,699,naga,
2026-08-11 01:28:57,0953122229,10,999,naga,
2026-08-11 01:28:57,0966377779,10,999,naga,
2026-08-11 01:28:57,0954391222,10,699,naga,
2026-08-11 01:28:57,0967411119,10,999,naga,
2026-08-11 01:28:57,0957699992,10,999,naga,
2026-08-11 01:28:57,0967199993,10,999,naga,
2026-08-11 01:28:57,0957199992,10,999,naga,
2026-08-11 01:28:57,0957233339,10,999,naga,
2026-08-11 01:28:57,0967533339,10,999,naga,
2026-08-11 01:28:57,0953212229,10,999,naga,
2026-08-11 01:28:57,0954369777,10,699,naga,
2026-08-11 01:28:57,0967599992,10,999,naga,
2026-08-11 01:28:57,0953677779,10,999,naga,
2026-08-11 01:28:57,0956796333,10,699,naga,
2026-08-11 01:28:57,0967244449,10,999,naga,
2026-08-11 01:28:57,0954700009,10,999,naga,
2026-08-11 01:28:57,0963711119,10,999,naga,
2026-08-11 01:28:57,0967432999,10,699,naga,
2026-08-11 01:28:57,0957299990,10,999,naga,
2026-08-11 01:28:57,0957422229,10,999,naga,
2026-08-11 01:28:57,0962511119,10,999,naga,
2026-08-11 01:28:57,0962349555,10,699,naga,
2026-08-11 01:28:57,0953100009,10,999,naga,
2026-08-11 01:28:57,0951711116,10,1999,ajchang,
2026-08-11 01:28:57,0967155551,10,1999,ajchang,
2026-08-11 01:28:57,0957344449,10,899,ajchang,
2026-08-11 01:28:57,0966765222,10,899,ajchang,
2026-08-11 01:28:57,0956731666,10,599,ajchang,
2026-08-11 01:28:57,0962311112,10,899,ajchang,
2026-08-11 01:28:57,0953688882,10,1999,ajchang,
2026-08-11 01:28:57,0966544111,10,1999,ajchang,
2026-08-11 01:28:57,0968755558,10,899,ajchang,
2026-08-11 01:28:57,0954399191,10,899,ajchang,
2026-08-11 01:28:57,0966711119,10,899,ajchang,
2026-08-11 01:28:57,0957266664,10,899,ajchang,
2026-08-11 01:28:57,0961432999,10,599,ajchang,
2026-08-11 01:28:57,0967765558,10,899,ajchang,
2026-08-11 01:28:57,0967652666,10,899,ajchang,
2026-08-11 01:28:57,0957144446,10,1499,ajchang,
2026-08-11 01:28:57,0956729111,10,899,ajchang,
2026-08-11 01:28:57,0954379666,10,899,ajchang,
2026-08-11 01:28:57,0953211152,10,499,ajchang,
2026-08-11 01:28:57,0955543675,10,499,ajchang,
2026-08-11 01:28:57,0952488883,10,1999,ajchang,
2026-08-11 01:28:57,0957166661,10,1999,ajchang,
2026-08-11 01:28:57,0957122226,10,1499,ajchang,
2026-08-11 01:28:57,0967422228,10,899,ajchang,
2026-08-11 01:28:57,0956714222,10,899,ajchang,
2026-08-11 01:28:57,0954311616,10,899,ajchang,
2026-08-11 01:28:57,0954755551,10,899,ajchang,
2026-08-11 01:28:57,0644487607,10,499,ajchang,
2026-08-11 01:28:57,0855543758,10,499,ajchang,
2026-08-11 01:28:57,0955560121,10,499,ajchang,
2026-08-11 01:28:57,0963455508,10,499,ajchang,
2026-08-11 01:28:57,0962611116,10,2199,ajchang,
2026-08-11 01:28:57,0967144448,10,1499,ajchang,
2026-08-11 01:28:57,0967488886,10,899,ajchang,
2026-08-11 01:28:57,0855543023,10,499,ajchang,
2026-08-11 01:28:57,0955567625,10,499,ajchang,
2026-08-11 01:28:57,0954311129,10,499,ajchang,
2026-08-11 01:28:57,0963855543,10,499,ajchang,
2026-08-11 01:28:57,0957651119,10,499,emperor,
2026-08-11 01:28:57,0954311165,10,499,emperor,
2026-08-11 01:28:57,0953211159,10,499,emperor,
2026-08-11 01:28:57,0967816664,10,499,emperor,
2026-08-11 01:28:57,0954344462,10,499,emperor,
2026-08-11 01:28:57,0953459111,10,499,emperor,
2026-08-11 01:28:57,0957645666,10,499,emperor,
2026-08-11 01:28:57,0953459222,10,499,emperor,
2026-08-11 01:28:57,0963165444,10,499,emperor,
2026-08-11 01:28:57,0954344426,10,499,emperor,
2026-08-11 01:29:07,0855567822,14,699,rahu,
2026-08-11 01:29:07,0963456661,14,499,emperor,
2026-08-11 01:29:07,0967654446,14,499,emperor,
2026-08-11 01:29:07,0967654848,11,499,rahu,
2026-08-11 01:29:07,0958836789,11,899,rahu,NEW
2026-08-11 01:29:07,0855213456,11,499,rahu,NEW
2026-08-11 01:29:07,0829611234,11,899,rahu,NEW
2026-08-11 01:29:07,0956543993,11,699,naga,
2026-08-11 01:29:07,0967654422,11,499,emperor,
2026-08-11 01:29:07,0967654224,11,499,emperor,
2026-08-11 01:29:07,0967875888,10,699,universal,
2026-08-11 01:29:07,0967652666,10,699,universal,
2026-08-11 01:29:07,0954200007,10,899,universal,
2026-08-11 01:29:07,0967543111,10,699,universal,
2026-08-11 01:29:07,0956255550,10,1499,universal,
2026-08-11 01:29:07,0963522226,10,1699,universal,
2026-08-11 01:29:07,0958244440,10,899,universal,
2026-08-11 01:29:07,0953211777,10,899,universal,
2026-08-11 01:29:07,0961288887,10,899,universal,
2026-08-11 01:29:07,0951722221,10,899,universal,
2026-08-11 01:29:07,0840422228,10,1199,universal,
2026-08-11 01:29:07,0968355550,10,499,rahu,
2026-08-11 01:29:07,0966833330,10,499,rahu,
2026-08-11 01:29:07,0967488880,10,499,rahu,
2026-08-11 01:29:07,0834501113,10,499,rahu,
2026-08-11 01:29:07,0968566661,10,499,rahu,
2026-08-11 01:29:07,0829871112,10,899,rahu,
2026-08-11 01:29:07,0955311118,10,499,rahu,
2026-08-11 01:29:07,0855210222,10,499,rahu,
2026-08-11 01:29:07,0957166663,10,1199,khanthep,
2026-08-11 01:29:07,0966616432,10,1199,khanthep,
2026-08-11 01:29:07,0967155553,10,1199,khanthep,
2026-08-11 01:29:07,0967871118,10,699,khanthep,
2026-08-11 01:29:07,0962533338,10,1199,khanthep,
2026-08-11 01:29:07,0962311119,10,999,naga,
2026-08-11 01:29:07,0962733339,10,999,naga,
2026-08-11 01:29:07,0962744449,10,999,naga,
2026-08-11 01:29:07,0957199992,10,999,naga,
2026-08-11 01:29:07,0963144449,10,999,naga,
2026-08-11 01:29:07,0951700009,10,999,naga,
2026-08-11 01:29:07,0967599997,10,999,naga,
2026-08-11 01:29:07,0957211119,10,999,naga,
2026-08-11 01:29:07,0956759222,10,699,naga,
2026-08-11 01:29:07,0967611119,10,899,ajchang,
2026-08-11 01:29:07,0957765222,10,899,ajchang,
2026-08-11 01:29:07,0954311165,10,499,emperor,
2026-08-11 01:29:07,0954344426,10,499,emperor,
2026-08-11 01:29:07,0967816664,10,499,emperor,
2026-08-11 01:29:07,0954344462,10,499,emperor,
2026-08-11 01:29:07,0963165444,10,499,emperor,
2026-08-11 01:29:07,0967456999,10,499,emperor,
2026-08-11 01:29:07,0825432226,14,499,rahu
2026-08-11 01:29:07,0829521000,13,499,rahu
2026-08-11 01:29:07,0855987000,13,499,rahu
2026-08-11 01:29:07,0909611123,13,499,ajchang
2026-08-11 01:29:07,0858311234,11,899,rahu
2026-08-11 01:29:07,0967212333,10,699,universal
2026-08-11 01:29:07,0638766644,10,899,universal
2026-08-11 01:29:07,0954755550,10,899,universal
2026-08-11 01:29:07,0956734666,10,699,universal
2026-08-11 01:29:07,0962544440,10,1499,universal
2026-08-11 01:29:07,0954355333,10,1199,universal
2026-08-11 01:29:07,0967567111,10,699,universal
2026-08-11 01:29:07,0839812333,10,899,rahu
2026-08-11 01:29:07,0968567222,10,499,rahu
2026-08-11 01:29:07,0829432777,10,499,rahu
2026-08-11 01:29:07,0966612364,10,699,khanthep
2026-08-11 01:29:07,0956797779,10,999,naga
2026-08-11 01:29:07,0955411116,10,1999,ajchang
2026-08-11 01:29:07,0957244446,10,899,ajchang
2026-08-11 01:29:07,0953755556,10,899,ajchang
2026-08-11 01:29:07,0955543783,10,499,ajchang
2026-08-11 01:29:17,0952344440,14,899,universal
2026-08-11 01:29:17,0855567823,14,699,rahu
2026-08-11 01:29:17,0837987000,13,499,rahu
2026-08-11 01:29:17,0961654334,11,699,universal
2026-08-11 01:29:17,0955343222,10,699,universal
2026-08-11 01:29:17,0953754333,10,699,universal
2026-08-11 01:29:17,0961654443,10,699,universal
2026-08-11 01:29:17,0963211414,10,899,universal
2026-08-11 01:29:17,0834244448,10,1199,universal
2026-08-11 01:29:17,0967345111,10,699,universal
2026-08-11 01:29:17,0658678222,10,699,universal
2026-08-11 01:29:17,0956748555,10,699,universal
2026-08-11 01:29:17,0641236222,10,699,universal
2026-08-11 01:29:17,0968700005,10,899,universal
2026-08-11 01:29:17,0825210009,10,499,rahu
2026-08-11 01:29:17,0834502111,10,499,rahu
2026-08-11 01:29:17,0832342227,10,499,rahu
2026-08-11 01:29:17,0832198555,10,899,rahu
2026-08-11 01:29:17,0963577778,10,1199,rahu
2026-08-11 01:29:17,0953214999,10,699,naga
2026-08-11 01:29:17,0962321444,10,899,ajchang
2026-08-11 01:29:17,0954311176,10,499,ajchang
2026-08-11 01:29:17,0953211167,10,499,ajchang
2026-08-11 01:29:18,0967654446,14,499,emperor,
2026-08-11 01:29:18,0963456661,14,499,emperor,
2026-08-11 01:29:18,0957654222,14,499,emperor,
2026-08-11 01:29:18,0958765577,11,499,rahu,
2026-08-11 01:29:18,0838911234,11,899,rahu,NEW
2026-08-11 01:29:18,0820121234,11,699,rahu,NEW
2026-08-11 01:29:18,0967654224,11,499,emperor,
2026-08-11 01:29:18,0967654422,11,499,emperor,
2026-08-11 01:29:18,0953456822,11,499,emperor,
2026-08-11 01:29:18,0967654664,11,499,emperor,
2026-08-11 01:29:18,0956544777,10,899,universal,
2026-08-11 01:29:18,0954711117,10,1199,universal,
2026-08-11 01:29:18,0886544426,10,699,universal,
2026-08-11 01:29:18,0967836669,10,699,universal,
2026-08-11 01:29:18,0832199966,10,899,universal,
2026-08-11 01:29:18,0834646654,10,1499,universal,
2026-08-11 01:29:18,0963533331,10,1199,universal,
2026-08-11 01:29:18,0886301222,10,499,rahu,
2026-08-11 01:29:18,0958987776,10,499,rahu,
2026-08-11 01:29:18,0838767779,10,899,rahu,
2026-08-11 01:29:18,0826781114,10,499,rahu,
2026-08-11 01:29:18,0855565457,10,499,rahu,
2026-08-11 01:29:18,0966612364,10,699,khanthep,
2026-08-11 01:29:18,0967600009,10,999,naga,
2026-08-11 01:29:18,0957699992,10,999,naga,
2026-08-11 01:29:18,0953100009,10,999,naga,
2026-08-11 01:29:18,0956729333,10,699,naga,
2026-08-11 01:29:18,0961700009,10,999,naga,
2026-08-11 01:29:18,0963219666,10,699,naga,
2026-08-11 01:29:18,0956795553,10,699,naga,
2026-08-11 01:29:18,0967299994,10,999,naga,
2026-08-11 01:29:18,0956769777,10,699,naga,
2026-08-11 01:29:18,0963144449,10,999,naga,
2026-08-11 01:29:18,0967822292,10,1499,ajchang,
2026-08-11 01:29:18,0957652226,10,899,ajchang,
2026-08-11 01:29:18,0834532228,10,499,ajchang,
2026-08-11 01:29:18,0955543183,10,499,ajchang,
2026-08-11 01:29:18,0954311165,10,499,emperor,
2026-08-11 01:29:18,0954344426,10,499,emperor,
2026-08-11 01:29:18,0954344462,10,499,emperor,
2026-08-11 01:29:18,0957651119,10,499,emperor,
2026-08-11 01:29:18,0967816664,10,499,emperor,
2026-08-11 01:29:19,0963456661,14,699,universal,
2026-08-11 01:29:19,0952344442,14,899,universal,
2026-08-11 01:29:19,0832105333,14,499,rahu,
2026-08-11 01:29:19,0967654446,14,499,emperor,
2026-08-11 01:29:19,0957654222,14,499,emperor,
2026-08-11 01:29:19,0957654442,14,499,emperor,
2026-08-11 01:29:19,0953232111,13,699,universal,
2026-08-11 01:29:19,0834621000,13,499,rahu,
2026-08-11 01:29:19,0855421000,13,499,rahu,
2026-08-11 01:29:19,0803012000,13,499,rahu,
2026-08-11 01:29:19,0959532111,13,699,naga,
2026-08-11 01:29:27,0954322223,18,1199,universal
2026-08-11 01:29:27,0832126000,13,699,rahu
2026-08-11 01:29:27,0909958000,12,499,rahu
2026-08-11 01:29:27,0956541777,10,699,universal
2026-08-11 01:29:27,0834745666,10,899,universal
2026-08-11 01:29:27,0999989621,10,699,universal
2026-08-11 01:29:27,0955765333,10,699,universal
2026-08-11 01:29:27,0963400002,10,899,universal
2026-08-11 01:29:27,0952300005,10,899,universal
2026-08-11 01:29:27,0648762666,10,899,universal
2026-08-11 01:29:27,0820125444,10,699,rahu
2026-08-11 01:29:27,0832127774,10,899,rahu
2026-08-11 01:29:27,0951366664,10,899,ajchang
2026-08-11 01:29:27,0855546012,10,499,ajchang
2026-08-11 01:29:27,0855567971,10,499,ajchang
2026-08-11 01:29:27,0839855567,10,499,ajchang
2026-08-11 01:29:29,0825432226,14,499,rahu,NEW
2026-08-11 01:29:29,0889121234,14,899,rahu,NEW
2026-08-11 01:29:29,0957654442,14,499,emperor,
2026-08-11 01:29:29,0957654222,14,499,emperor,
2026-08-11 01:29:29,0968121000,13,699,universal,
2026-08-11 01:29:29,0961611114,13,1199,universal,
2026-08-11 01:29:29,0966876000,13,499,rahu,
2026-08-11 01:29:29,0957633456,11,699,universal,
2026-08-11 01:29:29,0967654224,11,699,universal,
2026-08-11 01:29:29,0855251234,11,899,rahu,NEW
2026-08-11 01:29:29,0961123458,11,699,rahu,NEW
2026-08-11 01:29:29,0967654422,11,499,emperor,
2026-08-11 01:29:29,0967654646,11,499,emperor,
2026-08-11 01:29:29,0957654646,11,499,emperor,
2026-08-11 01:29:29,0961644443,10,899,universal,
2026-08-11 01:29:29,0956300006,10,899,universal,
2026-08-11 01:29:29,0952833336,10,899,universal,
2026-08-11 01:29:29,0953234777,10,699,universal,
2026-08-11 01:29:29,0964211110,10,899,universal,
2026-08-11 01:29:29,0956567733,10,699,universal,
2026-08-11 01:29:29,0959144447,10,1699,universal,
2026-08-11 01:29:29,0838988881,10,1199,universal,
2026-08-11 01:29:29,0967255552,10,1199,universal,
2026-08-11 01:29:29,0963765222,10,699,universal,
2026-08-11 01:29:29,0956796111,10,699,universal,
2026-08-11 01:29:29,0955434666,10,699,universal,
2026-08-11 01:29:29,0956756444,10,699,universal,
2026-08-11 01:29:29,0957255557,10,899,universal,
2026-08-11 01:29:29,0956765333,10,699,universal,
2026-08-11 01:29:29,0956755353,10,899,universal,
2026-08-11 01:29:29,0820456444,10,899,universal,
2026-08-11 01:29:29,0956741444,10,899,universal,
2026-08-11 01:29:29,0917765666,10,899,universal,
2026-08-11 01:29:29,0834526444,10,899,universal,
2026-08-11 01:29:29,0953211717,10,899,universal,
2026-08-11 01:29:29,0955754343,10,699,universal,
2026-08-11 01:29:29,0832178333,10,899,rahu,
2026-08-11 01:29:29,0962543888,10,899,rahu,
2026-08-11 01:29:29,0902678222,10,499,rahu,
2026-08-11 01:29:29,0968511110,10,499,rahu,
2026-08-11 01:29:29,0966643246,10,699,khanthep,
2026-08-11 01:29:29,0967878338,10,699,khanthep,
2026-08-11 01:29:29,0957233339,10,999,naga,
2026-08-11 01:29:29,0956499990,10,999,naga,
2026-08-11 01:29:29,0956792333,10,699,naga,
2026-08-11 01:29:29,0956755959,10,999,naga,
2026-08-11 01:29:29,0952411119,10,999,naga,
2026-08-11 01:29:29,0956794449,10,999,naga,
2026-08-11 01:29:29,0961377779,10,999,naga,
2026-08-11 01:29:29,0961766669,10,999,naga,
2026-08-11 01:29:29,0963700009,10,999,naga,
2026-08-11 01:29:29,0963144449,10,999,naga,
2026-08-11 01:29:29,0962433339,10,999,naga,
2026-08-11 01:29:29,0961788886,10,1999,ajchang,
2026-08-11 01:29:29,0961788882,10,1999,ajchang,
2026-08-11 01:29:29,0954622221,10,1999,ajchang,
2026-08-11 01:29:29,0967399992,10,899,ajchang,
2026-08-11 01:29:29,0963799994,10,899,ajchang,
2026-08-11 01:29:29,0963722229,10,899,ajchang,
2026-08-11 01:29:29,0952344422,10,899,ajchang,
2026-08-11 01:29:29,0954344426,10,899,ajchang,
2026-08-11 01:29:29,0961855567,10,499,ajchang,
2026-08-11 01:29:29,0953459222,10,499,emperor,
2026-08-11 01:29:29,0954344462,10,499,emperor,
2026-08-11 01:29:29,0957645666,10,499,emperor,
2026-08-11 01:29:29,0963165444,10,499,emperor,
2026-08-11 01:29:29,0967456999,10,499,emperor,
2026-08-11 01:29:35,0658345666,14,699,universal,
2026-08-11 01:29:35,0954323111,14,699,universal,
2026-08-11 01:29:35,0956744440,14,899,universal,
2026-08-11 01:29:35,0953211116,14,899,universal,
2026-08-11 01:29:35,0954324111,14,699,universal,
2026-08-11 01:29:35,0957655557,14,899,universal,
2026-08-11 01:29:35,0832106555,14,499,rahu,
2026-08-11 01:29:35,0829123444,14,899,rahu,
2026-08-11 01:29:35,0956788777,14,1199,rahu,
2026-08-11 01:29:35,0826012333,14,699,rahu,
2026-08-11 01:29:35,0954329222,14,999,naga,
2026-08-11 01:29:35,0955543218,14,499,ajchang,
2026-08-11 01:29:35,0963456661,14,499,emperor,
2026-08-11 01:29:35,0967654446,14,499,emperor,
2026-08-11 01:29:35,0957654222,14,499,emperor,
2026-08-11 01:29:35,0957654442,14,499,emperor,
2026-08-11 01:29:35,0954363666,13,1199,universal,
2026-08-11 01:29:35,0956567555,13,699,universal,
2026-08-11 01:29:35,0955545435,13,899,universal,
2026-08-11 01:29:35,0829432000,13,499,rahu,
2026-08-11 01:29:35,0839789000,13,499,rahu,
2026-08-11 01:29:35,0941987000,13,499,rahu,
2026-08-11 01:29:35,0858678000,13,699,rahu,
2026-08-11 01:29:35,0958021000,13,499,rahu,
2026-08-11 01:29:35,0909522234,13,499,ajchang,
2026-08-11 01:29:35,0918765454,11,699,universal,
2026-08-11 01:29:35,0954424567,11,699,universal,
2026-08-11 01:29:35,0966543443,11,899,universal,
2026-08-11 01:29:35,0837706789,11,499,rahu,NEW
2026-08-11 01:29:35,0646543838,11,899,rahu,
2026-08-11 01:29:35,0855206789,11,499,rahu,NEW
2026-08-11 01:29:35,0803811234,11,699,rahu,NEW
2026-08-11 01:29:35,0858594567,11,699,rahu,
2026-08-11 01:29:35,0638830123,11,699,rahu,
2026-08-11 01:29:35,0966543579,11,699,naga,
2026-08-11 01:29:35,0953456822,11,499,emperor,
2026-08-11 01:29:35,0967654646,11,499,emperor,
2026-08-11 01:29:35,0957654646,11,499,emperor,
2026-08-11 01:29:35,0967654664,11,499,emperor,
2026-08-11 01:29:35,0967654422,11,499,emperor,
2026-08-11 01:29:35,0967654224,11,499,emperor,
2026-08-11 01:29:35,0955477774,10,1199,universal,
2026-08-11 01:29:35,0973215888,10,699,universal,
2026-08-11 01:29:35,0957322225,10,899,universal,
2026-08-11 01:29:35,0961632111,10,699,universal,
2026-08-11 01:29:35,0962321666,10,699,universal,
2026-08-11 01:29:35,0953677772,10,899,universal,
2026-08-11 01:29:35,0832172666,10,699,universal,
2026-08-11 01:29:35,0957233334,10,899,universal,
2026-08-11 01:29:35,0957567444,10,699,universal,
2026-08-11 01:29:35,0952377776,10,899,universal,
2026-08-11 01:29:35,0957766661,10,1199,universal,
2026-08-11 01:29:35,0958761888,10,699,universal,
2026-08-11 01:29:35,0951622227,10,899,universal,
2026-08-11 01:29:35,0967312333,10,699,universal,
2026-08-11 01:29:35,0954375777,10,899,universal,
2026-08-11 01:29:35,0832599996,10,1199,universal,
2026-08-11 01:29:35,0957422229,10,1199,universal,
2026-08-11 01:29:35,0951366664,10,899,universal,
2026-08-11 01:29:35,0963677772,10,899,universal,
2026-08-11 01:29:35,0966876767,10,899,universal,
2026-08-11 01:29:35,0962466667,10,899,universal,
2026-08-11 01:29:35,0637466663,10,1199,universal,
2026-08-11 01:29:35,0955600007,10,899,universal,
2026-08-11 01:29:35,0963522227,10,899,universal,
2026-08-11 01:29:35,0967255557,10,899,universal,
2026-08-11 01:29:35,0834432626,10,699,universal,
2026-08-11 01:29:35,0963219333,10,699,universal,
2026-08-11 01:29:35,0956344449,10,899,universal,
2026-08-11 01:29:35,0953211122,10,1199,universal,
2026-08-11 01:29:35,0957244441,10,899,universal,
2026-08-11 01:29:35,0967500002,10,899,universal,
2026-08-11 01:29:35,0964123666,10,699,universal,
2026-08-11 01:29:35,0963215552,10,699,universal,
2026-08-11 01:29:35,0961366661,10,899,universal,
2026-08-11 01:29:35,0967477773,10,1199,universal,
2026-08-11 01:29:35,0966321555,10,699,universal,
2026-08-11 01:29:35,0964166667,10,899,universal,
2026-08-11 01:29:35,0957122225,10,899,universal,
2026-08-11 01:29:35,0952432333,10,899,universal,
2026-08-11 01:29:35,0889678222,10,699,universal,
2026-08-11 01:29:35,0962743222,10,699,universal,
2026-08-11 01:29:35,0961311117,10,1199,universal,
2026-08-11 01:29:35,0953215333,10,699,universal,
2026-08-11 01:29:35,0956727111,10,699,universal,
2026-08-11 01:29:35,0957766669,10,1199,universal,
2026-08-11 01:29:35,0954711115,10,899,universal,
2026-08-11 01:29:35,0955672777,10,899,universal,
2026-08-11 01:29:35,0641678666,10,699,universal,
2026-08-11 01:29:35,0644988882,10,1499,universal,
2026-08-11 01:29:35,0641321666,10,699,universal,
2026-08-11 01:29:35,0951377774,10,899,universal,
2026-08-11 01:29:35,0956736111,10,699,universal,
2026-08-11 01:29:35,0956724111,10,699,universal,
2026-08-11 01:29:35,0958366661,10,1199,universal,
2026-08-11 01:29:35,0956762227,10,699,universal,
2026-08-11 01:29:35,0964100002,10,899,universal,
2026-08-11 01:29:35,0952566660,10,899,universal,
2026-08-11 01:29:35,0951700009,10,899,universal,
2026-08-11 01:29:35,0826321666,10,499,rahu,
2026-08-11 01:29:35,0832342228,10,899,rahu,
2026-08-11 01:29:35,0825765111,10,499,rahu,
2026-08-11 01:29:35,0837034555,10,499,rahu,
2026-08-11 01:29:35,0839123339,10,899,rahu,
2026-08-11 01:29:35,0967828277,10,699,rahu,
2026-08-11 01:29:35,0855054343,10,499,rahu,
2026-08-11 01:29:35,0958244447,10,1199,rahu,
2026-08-11 01:29:35,0829321444,10,499,rahu,
2026-08-11 01:29:35,0646812333,10,899,rahu,
2026-08-11 01:29:35,0838210444,10,699,rahu,
2026-08-11 01:29:35,0954381116,10,499,rahu,
2026-08-11 01:29:35,0958366663,10,1199,rahu,
2026-08-11 01:29:35,0938321888,10,899,rahu,
2026-08-11 01:29:35,0955388881,10,1199,rahu,
2026-08-11 01:29:35,0957188886,10,499,rahu,
2026-08-11 01:29:35,0963877771,10,1199,khanthep,
2026-08-11 01:29:35,0954364777,10,699,khanthep,
2026-08-11 01:29:35,0966643246,10,699,khanthep,
2026-08-11 01:29:35,0961788882,10,1199,khanthep,
2026-08-11 01:29:35,0967855151,10,1199,khanthep,
2026-08-11 01:29:35,0967422228,10,1199,khanthep,
2026-08-11 01:29:35,0956388883,10,1199,khanthep,
2026-08-11 01:29:35,0967466663,10,1199,khanthep,
2026-08-11 01:29:35,0962833335,10,1199,khanthep,
2026-08-11 01:29:35,0961511116,10,1199,khanthep,
2026-08-11 01:29:35,0955512353,10,699,khanthep,
2026-08-11 01:29:35,0957422228,10,1199,khanthep,
2026-08-11 01:29:35,0962733339,10,999,naga,
2026-08-11 01:29:35,0957499993,10,999,naga,
2026-08-11 01:29:35,0955593321,10,999,naga,
2026-08-11 01:29:35,0954391222,10,699,naga,
2026-08-11 01:29:35,0953211919,10,999,naga,
2026-08-11 01:29:35,0953411119,10,999,naga,
2026-08-11 01:29:35,0964100009,10,999,naga,
2026-08-11 01:29:35,0963211191,10,999,naga,
2026-08-11 01:29:35,0956549777,10,699,naga,
2026-08-11 01:29:35,0961711119,10,999,naga,
2026-08-11 01:29:35,0964122229,10,999,naga,
2026-08-11 01:29:35,0953212229,10,999,naga,
2026-08-11 01:29:35,0962347779,10,699,naga,
2026-08-11 01:29:35,0956722999,10,999,naga,
2026-08-11 01:29:35,0953499996,10,999,naga,
2026-08-11 01:29:35,0956795553,10,699,naga,
2026-08-11 01:29:35,0956793777,10,699,naga,
2026-08-11 01:29:35,0957199992,10,999,naga,
2026-08-11 01:29:35,0954397666,10,699,naga,
2026-08-11 01:29:35,0951600009,10,999,naga,
2026-08-11 01:29:35,0962533339,10,999,naga,
2026-08-11 01:29:35,0956711193,10,699,naga,
2026-08-11 01:29:35,0962744449,10,999,naga,
2026-08-11 01:29:35,0967733339,10,999,naga,
2026-08-11 01:29:35,0951633339,10,999,naga,
2026-08-11 01:29:35,0967244449,10,999,naga,
2026-08-11 01:29:35,0966377779,10,999,naga,
2026-08-11 01:29:35,0954133339,10,999,naga,
2026-08-11 01:29:35,0956769666,10,999,naga,
2026-08-11 01:29:35,0967277779,10,999,naga,
2026-08-11 01:29:35,0953459111,10,699,naga,
2026-08-11 01:29:35,0963733339,10,999,naga,
2026-08-11 01:29:35,0953214999,10,699,naga,
2026-08-11 01:29:35,0956795777,10,699,naga,
2026-08-11 01:29:35,0956759666,10,699,naga,
2026-08-11 01:29:35,0956433339,10,999,naga,
2026-08-11 01:29:35,0963611114,10,1999,ajchang,
2026-08-11 01:29:35,0834544141,10,1499,ajchang,
2026-08-11 01:29:35,0963765556,10,899,ajchang,
2026-08-11 01:29:35,0956766262,10,899,ajchang,
2026-08-11 01:29:35,0954232111,10,599,ajchang,
2026-08-11 01:29:35,0834611123,10,499,ajchang,
2026-08-11 01:29:35,0955567473,10,499,ajchang,
2026-08-11 01:29:35,0961678884,10,499,ajchang,
2026-08-11 01:29:35,0835210222,10,499,ajchang,
2026-08-11 01:29:35,0803455594,10,499,ajchang,
2026-08-11 01:29:35,0953688882,10,1999,ajchang,
2026-08-11 01:29:35,0961211116,10,1999,ajchang,
2026-08-11 01:29:35,0967852444,10,1199,ajchang,
2026-08-11 01:29:35,0957644449,10,899,ajchang,
2026-08-11 01:29:35,0963451666,10,899,ajchang,
2026-08-11 01:29:35,0956746661,10,899,ajchang,
2026-08-11 01:29:35,0855513211,10,499,ajchang,
2026-08-11 01:29:35,0839188876,10,499,ajchang,
2026-08-11 01:29:35,0962144449,10,1999,ajchang,
2026-08-11 01:29:35,0953611115,10,1999,ajchang,
2026-08-11 01:29:35,0954311666,10,899,ajchang,
2026-08-11 01:29:35,0963166662,10,899,ajchang,
2026-08-11 01:29:35,0962311115,10,899,ajchang,
2026-08-11 01:29:35,0955543675,10,499,ajchang,
2026-08-11 01:29:35,0963455583,10,499,ajchang,
2026-08-11 01:29:35,0961211115,10,1999,ajchang,
2026-08-11 01:29:35,0952411119,10,1999,ajchang,
2026-08-11 01:29:35,0967388881,10,599,ajchang,
2026-08-11 01:29:35,0967599992,10,899,ajchang,
2026-08-11 01:29:35,0953166664,10,899,ajchang,
2026-08-11 01:29:35,0956744646,10,899,ajchang,
2026-08-11 01:29:35,0956755151,10,899,ajchang,
2026-08-11 01:29:35,0954366111,10,899,ajchang,
2026-08-11 01:29:35,0962765111,10,899,ajchang,
2026-08-11 01:29:35,0962876222,10,599,ajchang,
2026-08-11 01:29:35,0956754445,10,899,ajchang,
2026-08-11 01:29:35,0955722234,10,499,ajchang,
2026-08-11 01:29:35,0955543872,10,499,ajchang,
2026-08-11 01:29:35,0838766615,10,499,ajchang,
2026-08-11 01:29:35,0838766643,10,499,ajchang,
2026-08-11 01:29:35,0855543947,10,499,ajchang,
2026-08-11 01:29:35,0967456999,10,499,emperor,
2026-08-11 01:29:35,0957651119,10,499,emperor,
2026-08-11 01:29:35,0953459222,10,499,emperor,
2026-08-11 01:29:35,0963165444,10,499,emperor,
2026-08-11 01:29:35,0967816664,10,499,emperor,
2026-08-11 01:29:35,0954344426,10,499,emperor,
2026-08-11 01:29:35,0953211159,10,499,emperor,
2026-08-11 01:29:35,0954311165,10,499,emperor,
2026-08-11 01:29:35,0954344462,10,499,emperor,
2026-08-11 01:29:35,0957645666,10,499,emperor,
2026-08-11 01:29:39,0963633334,13,1199,universal
2026-08-11 01:29:39,0957433456,11,699,universal
2026-08-11 01:29:39,0955123459,11,999,naga
2026-08-11 01:29:39,0956544428,10,1499,universal
2026-08-11 01:29:39,0639155550,10,1499,universal
2026-08-11 01:29:39,0955543334,10,899,universal
2026-08-11 01:29:39,0951700001,10,899,universal
2026-08-11 01:29:39,0962712333,10,699,universal
2026-08-11 01:29:39,0956766363,10,899,universal
2026-08-11 01:29:39,0951644440,10,1499,universal
2026-08-11 01:29:39,0910128111,10,699,rahu
2026-08-11 01:29:39,0839870555,10,499,rahu
2026-08-11 01:29:39,0855210222,10,499,rahu
2026-08-11 01:29:39,0638210888,10,699,rahu
2026-08-11 01:29:39,0820923444,10,499,rahu
2026-08-11 01:29:40,0832101555,14,499,rahu,
2026-08-11 01:29:40,0957654442,14,499,emperor,
2026-08-11 01:29:40,0963456661,14,499,emperor,
2026-08-11 01:29:40,0909611123,13,499,ajchang,
2026-08-11 01:29:40,0835352000,12,499,rahu,
2026-08-11 01:29:40,0967654224,11,499,emperor,
2026-08-11 01:29:40,0967654646,11,499,emperor,
2026-08-11 01:29:40,0953456822,11,499,emperor,
2026-08-11 01:29:40,0961277771,10,899,universal,
2026-08-11 01:29:40,0962677771,10,899,universal,
2026-08-11 01:29:40,0954314777,10,699,universal,
2026-08-11 01:29:40,0941876222,10,699,universal,
2026-08-11 01:29:40,0966733336,10,899,universal,
2026-08-11 01:29:40,0968700002,10,499,rahu,
2026-08-11 01:29:40,0610128887,10,699,rahu,
2026-08-11 01:29:40,0834324443,10,499,rahu,
2026-08-11 01:29:40,0820987770,10,499,rahu,
2026-08-11 01:29:40,0658587667,10,899,rahu,
2026-08-11 01:29:40,0961633336,10,1199,khanthep,
2026-08-11 01:29:40,0967199993,10,999,naga,
2026-08-11 01:29:40,0956794443,10,699,naga,
2026-08-11 01:29:40,0954722229,10,999,naga,
2026-08-11 01:29:40,0963700009,10,999,naga,
2026-08-11 01:29:40,0953219111,10,999,naga,
2026-08-11 01:29:40,0954379666,10,699,naga,
2026-08-11 01:29:40,0955611114,10,1999,ajchang,
2026-08-11 01:29:40,0961255551,10,1999,ajchang,
2026-08-11 01:29:40,0966545111,10,1699,ajchang,
2026-08-11 01:29:40,0953755556,10,899,ajchang,
2026-08-11 01:29:40,0967366662,10,899,ajchang,
2026-08-11 01:29:40,0955567573,10,499,ajchang,
2026-08-11 01:29:40,0826788890,10,499,ajchang,
2026-08-11 01:29:40,0954311165,10,499,emperor,
2026-08-11 01:29:40,0963165444,10,499,emperor,
2026-08-11 01:29:40,0967456999,10,499,emperor,
2026-08-11 01:29:40,0953459222,10,499,emperor,
2026-08-11 01:29:40,0967816664,10,499,emperor,
2026-08-11 01:29:40,0954344462,10,499,emperor,
2026-08-11 01:29:40,0953459111,10,499,emperor,
2026-08-11 01:29:40,0957651119,10,499,emperor,
2026-08-11 01:29:40,0954344426,10,499,emperor,
2026-08-11 01:29:44,0958765550,14,499,rahu,
2026-08-11 01:29:44,0956733339,14,999,naga,
2026-08-11 01:29:44,0812344457,14,499,ajchang,
2026-08-11 01:29:44,0956711114,14,899,ajchang,
2026-08-11 01:29:44,0957654222,14,499,emperor,
2026-08-11 01:29:44,0957654442,14,499,emperor,
2026-08-11 01:29:44,0967654446,14,499,emperor,
2026-08-11 01:29:44,0963456661,14,499,emperor,
2026-08-11 01:29:44,0963633335,13,1199,universal,
2026-08-11 01:29:44,0938388886,13,1199,universal,
2026-08-11 01:29:44,0803212000,13,499,rahu,
2026-08-11 01:29:44,0967823000,13,499,rahu,
2026-08-11 01:29:44,0638763000,13,499,rahu,
2026-08-11 01:29:44,0658789000,13,499,rahu,
2026-08-11 01:29:44,0826921000,13,499,rahu,
2026-08-11 01:29:44,0941987000,13,699,naga,
2026-08-11 01:29:44,0968769000,13,699,naga,
2026-08-11 01:29:49,0645679922,11,699,universal
2026-08-11 01:29:49,0963432121,11,699,universal
2026-08-11 01:29:49,0832633456,11,499,rahu
2026-08-11 01:29:49,0658511234,11,899,rahu
2026-08-11 01:29:49,0855861234,11,899,rahu
2026-08-11 01:29:49,0963477776,10,899,universal
2026-08-11 01:29:49,0962711115,10,899,universal
2026-08-11 01:29:49,0834545562,10,1199,universal
2026-08-11 01:29:49,0957455552,10,1199,universal
2026-08-11 01:29:49,0954374333,10,699,universal
2026-08-11 01:29:49,0955511231,10,699,universal
2026-08-11 01:29:49,0832340333,10,499,rahu
2026-08-11 01:29:49,0963455111,10,899,ajchang
2026-08-11 01:29:51,0834562221,14,499,rahu,
2026-08-11 01:29:51,0953211112,14,899,ajchang,
2026-08-11 01:29:51,0956788840,14,499,ajchang,
2026-08-11 01:29:51,0967654446,14,499,emperor,
2026-08-11 01:29:51,0963456661,14,499,emperor,
2026-08-11 01:29:51,0957654222,14,499,emperor,
2026-08-11 01:29:51,0855864567,11,699,rahu,
2026-08-11 01:29:51,0938633456,11,499,rahu,NEW
2026-08-11 01:29:51,0889421234,11,499,rahu,NEW
2026-08-11 01:29:51,0969123434,11,699,naga,
2026-08-11 01:29:51,0967654224,11,499,emperor,
2026-08-11 01:29:51,0967654646,11,499,emperor,
2026-08-11 01:29:51,0957654466,11,499,emperor,
2026-08-11 01:29:51,0966711110,10,899,universal,
2026-08-11 01:29:51,0954353331,10,699,universal,
2026-08-11 01:29:51,0951355557,10,899,universal,
2026-08-11 01:29:51,0963577779,10,899,universal,
2026-08-11 01:29:51,0962532111,10,699,universal,
2026-08-11 01:29:51,0956797666,10,699,universal,
2026-08-11 01:29:51,0963499990,10,899,universal,
2026-08-11 01:29:51,0963453336,10,699,universal,
2026-08-11 01:29:51,0955344441,10,899,universal,
2026-08-11 01:29:51,0961754333,10,699,universal,
2026-08-11 01:29:51,0958188884,10,1199,universal,
2026-08-11 01:29:51,0967144443,10,899,universal,
2026-08-11 01:29:51,0967878338,10,699,universal,
2026-08-11 01:29:51,0954352333,10,699,universal,
2026-08-11 01:29:51,0963166661,10,1199,universal,
2026-08-11 01:29:51,0954374111,10,699,universal,
2026-08-11 01:29:51,0966533332,10,899,universal,
2026-08-11 01:29:51,0961644440,10,1499,universal,
2026-08-11 01:29:51,0953123666,10,699,universal,
2026-08-11 01:29:51,0953216661,10,899,universal,
2026-08-11 01:29:51,0967311116,10,899,universal,
2026-08-11 01:29:51,0967288881,10,1199,rahu,
2026-08-11 01:29:51,0638387789,10,699,rahu,
2026-08-11 01:29:51,0855723444,10,499,rahu,
2026-08-11 01:29:51,0858654777,10,899,rahu,
2026-08-11 01:29:51,0825287666,10,899,rahu,
2026-08-11 01:29:51,0838123330,10,699,rahu,
2026-08-11 01:29:51,0966612383,10,699,rahu,
2026-08-11 01:29:51,0961288887,10,1199,rahu,
2026-08-11 01:29:51,0966612364,10,699,khanthep,
2026-08-11 01:29:51,0961633336,10,1199,khanthep,
2026-08-11 01:29:51,0962477778,10,1199,khanthep,
2026-08-11 01:29:51,0956344449,10,999,naga,
2026-08-11 01:29:51,0967611119,10,999,naga,
2026-08-11 01:29:51,0961300009,10,999,naga,
2026-08-11 01:29:51,0957659666,10,699,naga,
2026-08-11 01:29:51,0967533339,10,999,naga,
2026-08-11 01:29:51,0962347779,10,699,naga,
2026-08-11 01:29:51,0958322228,10,899,ajchang,
2026-08-11 01:29:51,0967188881,10,599,ajchang,
2026-08-11 01:29:51,0961344449,10,899,ajchang,
2026-08-11 01:29:51,0956726222,10,899,ajchang,
2026-08-11 01:29:51,0956345558,10,899,ajchang,
2026-08-11 01:29:51,0967366664,10,899,ajchang,
2026-08-11 01:29:51,0967176555,10,599,ajchang,
2026-08-11 01:29:51,0836844456,10,499,ajchang,
2026-08-11 01:29:51,0855567065,10,499,ajchang,
2026-08-11 01:29:51,0957645666,10,499,emperor,
2026-08-11 01:29:51,0953211159,10,499,emperor,
2026-08-11 01:29:51,0954311165,10,499,emperor,
2026-08-11 01:29:51,0953459111,10,499,emperor,
2026-08-11 01:29:51,0953459222,10,499,emperor,
2026-08-11 01:29:51,0963165444,10,499,emperor,
2026-08-11 01:29:51,0954344426,10,499,emperor,
2026-08-11 01:29:59,0826161000,12,499,rahu
2026-08-11 01:29:59,0858578000,12,699,rahu
2026-08-11 01:29:59,0957543232,11,699,universal
2026-08-11 01:29:59,0886851234,11,899,rahu
2026-08-11 01:29:59,0951432119,11,599,ajchang
2026-08-11 01:29:59,0961700006,10,899,universal
2026-08-11 01:29:59,0957623444,10,699,universal
2026-08-11 01:29:59,0966744447,10,1199,universal
2026-08-11 01:29:59,0961723444,10,699,universal
2026-08-11 01:29:59,0955600004,10,899,universal
2026-08-11 01:29:59,0962346777,10,699,universal
2026-08-11 01:29:59,0967577771,10,1199,universal
2026-08-11 01:29:59,0971845666,10,699,universal
2026-08-11 01:29:59,0963422220,10,899,universal
2026-08-11 01:29:59,0962744446,10,899,universal
2026-08-11 01:29:59,0966782111,10,499,rahu
2026-08-11 01:29:59,0967388880,10,499,rahu
2026-08-11 01:29:59,0958767771,10,499,rahu
2026-08-11 01:29:59,0968177772,10,499,rahu
2026-08-11 01:29:59,0820687666,10,499,rahu
2026-08-11 01:29:59,0956711150,10,499,ajchang
2026-08-11 01:29:59,0953211163,10,499,ajchang
2026-08-11 01:30:03,0832101444,14,499,rahu,
2026-08-11 01:30:03,0954322211,14,899,ajchang,
2026-08-11 01:30:03,0812344472,14,499,ajchang,
2026-08-11 01:30:03,0957654222,14,499,emperor,
2026-08-11 01:30:03,0967654446,14,499,emperor,
2026-08-11 01:30:03,0832021000,13,499,rahu,
2026-08-11 01:30:03,0832327000,12,499,rahu,
2026-08-11 01:30:03,0825500123,11,699,rahu,
2026-08-11 01:30:03,0967654664,11,499,emperor,
2026-08-11 01:30:03,0967654422,11,499,emperor,
2026-08-11 01:30:03,0957654646,11,499,emperor,
2026-08-11 01:30:03,0957423444,10,699,universal,NEW
2026-08-11 01:30:03,0967155550,10,899,universal,
2026-08-11 01:30:03,0829355551,10,1699,universal,
2026-08-11 01:30:03,0966733334,10,899,universal,
2026-08-11 01:30:03,0964144432,10,899,universal,
2026-08-11 01:30:03,0953451777,10,699,universal,
2026-08-11 01:30:03,0961344449,10,899,universal,
2026-08-11 01:30:03,0967188887,10,1199,rahu,
2026-08-11 01:30:03,0834582227,10,899,rahu,NEW
2026-08-11 01:30:03,0967155551,10,1199,khanthep,
2026-08-11 01:30:03,0967166663,10,1199,khanthep,
2026-08-11 01:30:03,0963511117,10,1199,khanthep,
2026-08-11 01:30:03,0963877774,10,1199,khanthep,
2026-08-11 01:30:03,0961733339,10,999,naga,
2026-08-11 01:30:03,0956795111,10,699,naga,
2026-08-11 01:30:03,0956749111,10,699,naga,
2026-08-11 01:30:03,0957611119,10,999,naga,
2026-08-11 01:30:03,0954349222,10,699,naga,
2026-08-11 01:30:03,0957411119,10,899,ajchang,
2026-08-11 01:30:03,0967366664,10,899,ajchang,
2026-08-11 01:30:03,0951755552,10,899,ajchang,
2026-08-11 01:30:03,0967255551,10,899,ajchang,
2026-08-11 01:30:03,0956724111,10,899,ajchang,
2026-08-11 01:30:03,0954374111,10,599,ajchang,
2026-08-11 01:30:03,0967432999,10,599,ajchang,
2026-08-11 01:30:03,0955567573,10,499,ajchang,
2026-08-11 01:30:03,0802911123,10,499,ajchang,
2026-08-11 01:30:03,0955567033,10,499,ajchang,
2026-08-11 01:30:03,0954344462,10,499,emperor,
2026-08-11 01:30:03,0954344426,10,499,emperor,
2026-08-11 01:30:03,0967456999,10,499,emperor,
2026-08-11 01:30:03,0953211159,10,499,emperor,
2026-08-11 01:30:03,0953459222,10,499,emperor,
2026-08-11 01:30:03,0954311165,10,499,emperor,
2026-08-11 01:30:03,0957651119,10,499,emperor,
2026-08-11 01:30:03,0963165444,10,499,emperor,
2026-08-11 01:30:09,0954327555,14,699,universal
2026-08-11 01:30:09,0858566789,14,899,rahu
2026-08-11 01:30:09,0958765500,11,499,rahu
2026-08-11 01:30:09,0826603456,11,499,rahu
2026-08-11 01:30:09,0966789128,11,699,rahu
2026-08-11 01:30:09,0956769777,10,699,universal
2026-08-11 01:30:09,0961366667,10,899,universal
2026-08-11 01:30:09,0953452666,10,699,universal
2026-08-11 01:30:09,0953453777,10,699,universal
2026-08-11 01:30:09,0952567111,10,699,universal
2026-08-11 01:30:09,0961476555,10,699,universal
2026-08-11 01:30:09,0957177775,10,1199,universal
2026-08-11 01:30:09,0961722223,10,899,universal
2026-08-11 01:30:09,0832171116,10,499,rahu
2026-08-11 01:30:09,0953833335,10,1199,rahu
2026-08-11 01:30:09,0825430222,10,499,rahu
2026-08-11 01:30:09,0834508777,10,499,rahu
2026-08-11 01:30:09,0966632178,10,699,khanthep
2026-08-11 01:30:09,0957411119,10,999,naga
2026-08-11 01:30:09,0956764666,10,899,ajchang
2026-08-11 01:30:09,0962344401,10,499,ajchang
2026-08-11 01:30:09,0903211157,10,499,ajchang
2026-08-11 01:30:09,0964123444,14,699,universal,
2026-08-11 01:30:09,0938345666,14,699,universal,
2026-08-11 01:30:09,0648456777,14,499,rahu,
2026-08-11 01:30:09,0955433339,14,999,naga,
2026-08-11 01:30:09,0967655552,14,899,ajchang,
2026-08-11 01:30:09,0963456661,14,499,emperor,
2026-08-11 01:30:09,0967654446,14,499,emperor,
2026-08-11 01:30:09,0957654442,14,499,emperor,
2026-08-11 01:30:09,0957654222,14,499,emperor,
2026-08-11 01:30:09,0967678222,13,699,universal,
2026-08-11 01:30:09,0961611114,13,1999,ajchang,
2026-08-11 01:30:09,0963232111,13,599,ajchang,
2026-08-11 01:30:14,0648456777,14,499,rahu,
2026-08-11 01:30:14,0962432111,14,599,ajchang,
2026-08-11 01:30:14,0967654446,14,499,emperor,
2026-08-11 01:30:14,0957654442,14,499,emperor,
2026-08-11 01:30:14,0957654222,14,499,emperor,
2026-08-11 01:30:14,0966543443,11,899,universal,
2026-08-11 01:30:14,0835010123,11,699,rahu,
2026-08-11 01:30:14,0834471234,11,899,rahu,NEW
2026-08-11 01:30:14,0638380123,11,699,rahu,
2026-08-11 01:30:14,0838544567,11,699,rahu,
2026-08-11 01:30:14,0954325335,11,699,khanthep,
2026-08-11 01:30:14,0955345679,11,999,naga,
2026-08-11 01:30:14,0957654646,11,499,emperor,
2026-08-11 01:30:14,0967654646,11,499,emperor,
2026-08-11 01:30:14,0967654224,11,499,emperor,
2026-08-11 01:30:14,0957654466,11,499,emperor,
2026-08-11 01:30:14,0967654422,11,499,emperor,
2026-08-11 01:30:14,0960965444,10,899,universal,
2026-08-11 01:30:14,0641311118,10,1199,universal,
2026-08-11 01:30:14,0954374555,10,699,universal,
2026-08-11 01:30:14,0953453777,10,699,universal,
2026-08-11 01:30:14,0956721333,10,699,universal,
2026-08-11 01:30:14,0639466661,10,1699,universal,
2026-08-11 01:30:14,0956122220,10,899,universal,
2026-08-11 01:30:14,0955321212,10,899,universal,
2026-08-11 01:30:14,0955644440,10,1499,universal,
2026-08-11 01:30:14,0952377770,10,899,universal,
2026-08-11 01:30:14,0953166660,10,899,universal,
2026-08-11 01:30:14,0957652226,10,699,universal,
2026-08-11 01:30:14,0962876222,10,899,rahu,
2026-08-11 01:30:14,0834572220,10,499,rahu,
2026-08-11 01:30:14,0938377789,10,699,rahu,
2026-08-11 01:30:14,0826781114,10,499,rahu,
2026-08-11 01:30:14,0967871115,10,699,khanthep,
2026-08-11 01:30:14,0956792333,10,699,naga,
2026-08-11 01:30:14,0967411119,10,999,naga,
2026-08-11 01:30:14,0963211129,10,999,naga,
2026-08-11 01:30:14,0954611115,10,1999,ajchang,
2026-08-11 01:30:14,0956211119,10,1999,ajchang,
2026-08-11 01:30:14,0952488883,10,1999,ajchang,
2026-08-11 01:30:14,0956769111,10,899,ajchang,
2026-08-11 01:30:14,0956345558,10,899,ajchang,
2026-08-11 01:30:14,0641755543,10,499,ajchang,
2026-08-11 01:30:14,0955505435,10,499,ajchang,
2026-08-11 01:30:14,0826788843,10,499,ajchang,
2026-08-11 01:30:14,0953211159,10,499,emperor,
2026-08-11 01:30:14,0954311165,10,499,emperor,
2026-08-11 01:30:14,0963165444,10,499,emperor,
2026-08-11 01:30:14,0954344462,10,499,emperor,
2026-08-11 01:30:14,0967456999,10,499,emperor,
2026-08-11 01:30:15,0963211113,14,899,universal,
2026-08-11 01:30:15,0643211666,14,899,universal,
2026-08-11 01:30:15,0956733339,14,999,naga,
2026-08-11 01:30:15,0953211119,14,999,naga,
2026-08-11 01:30:15,0967654446,14,499,emperor,
2026-08-11 01:30:15,0963456661,14,499,emperor,
2026-08-11 01:30:15,0957654442,14,499,emperor,
2026-08-11 01:30:15,0957654222,14,499,emperor,
2026-08-11 01:30:15,0967834000,13,699,universal,
2026-08-11 01:30:15,0963212111,13,1199,universal,
2026-08-11 01:30:15,0838376555,13,699,universal,
2026-08-11 01:30:15,0858768000,13,699,rahu,
2026-08-11 01:30:15,0643238000,13,499,rahu,
2026-08-11 01:30:15,0953533338,13,1199,rahu,
2026-08-11 01:30:15,0968769000,13,499,rahu,
2026-08-11 01:30:15,0997821000,13,499,rahu,
2026-08-11 01:30:15,0959532111,13,699,naga,
2026-08-11 01:30:15,0826161000,12,499,rahu,
2026-08-11 01:30:15,0829595000,12,499,rahu,
2026-08-11 01:30:15,0838392000,12,699,rahu,
2026-08-11 01:30:15,0967711234,11,699,universal,
2026-08-11 01:30:15,0961343456,11,699,universal,
2026-08-11 01:30:15,0961211234,11,899,universal,
2026-08-11 01:30:15,0645676611,11,699,universal,
2026-08-11 01:30:15,0957373456,11,699,universal,
2026-08-11 01:30:15,0966543215,11,1199,universal,
2026-08-11 01:30:15,0967654664,11,699,universal,
2026-08-11 01:30:15,0886850123,11,699,rahu,
2026-08-11 01:30:15,0855206789,11,499,rahu,NEW
2026-08-11 01:30:15,0838346789,11,899,rahu,NEW
2026-08-11 01:30:15,0886381234,11,899,rahu,NEW
2026-08-11 01:30:15,0834044567,11,499,rahu,
2026-08-11 01:30:15,0858571234,11,899,rahu,NEW
2026-08-11 01:30:15,0953833456,11,899,rahu,
2026-08-11 01:30:15,0838890123,11,699,rahu,
2026-08-11 01:30:15,0955194567,11,699,naga,
2026-08-11 01:30:15,0957654466,11,499,emperor,
2026-08-11 01:30:15,0967654646,11,499,emperor,
2026-08-11 01:30:15,0957654646,11,499,emperor,
2026-08-11 01:30:15,0953456822,11,499,emperor,
2026-08-11 01:30:15,0967654224,11,499,emperor,
2026-08-11 01:30:15,0967654422,11,499,emperor,
2026-08-11 01:30:15,0957377776,10,1199,universal,
2026-08-11 01:30:15,0956741444,10,899,universal,
2026-08-11 01:30:15,0963411114,10,1199,universal,
2026-08-11 01:30:15,0953411119,10,899,universal,
2026-08-11 01:30:15,0954341777,10,699,universal,
2026-08-11 01:30:15,0956745557,10,699,universal,
2026-08-11 01:30:15,0953633338,10,1199,universal,
2026-08-11 01:30:15,0963211777,10,899,universal,
2026-08-11 01:30:15,0953233337,10,1199,universal,
2026-08-11 01:30:15,0658788884,10,1199,universal,
2026-08-11 01:30:15,0956724555,10,699,universal,
2026-08-11 01:30:15,0967399994,10,899,universal,
2026-08-11 01:30:15,0963433331,10,1199,universal,
2026-08-11 01:30:15,0962343443,10,1199,universal,
2026-08-11 01:30:15,0834522444,10,1199,universal,
2026-08-11 01:30:15,0956549333,10,699,universal,
2026-08-11 01:30:15,0954373555,10,699,universal,
2026-08-11 01:30:15,0967511113,10,899,universal,
2026-08-11 01:30:15,0956747555,10,699,universal,
2026-08-11 01:30:15,0953433331,10,1199,universal,
2026-08-11 01:30:15,0963212229,10,699,universal,
2026-08-11 01:30:15,0953211133,10,899,universal,
2026-08-11 01:30:15,0643544440,10,899,universal,
2026-08-11 01:30:15,0956731666,10,699,universal,
2026-08-11 01:30:15,0956546111,10,699,universal,
2026-08-11 01:30:15,0954377272,10,899,universal,
2026-08-11 01:30:15,0999982622,10,1499,universal,
2026-08-11 01:30:15,0956746664,10,899,universal,
2026-08-11 01:30:15,0967512333,10,699,universal,
2026-08-11 01:30:15,0953477776,10,899,universal,
2026-08-11 01:30:15,0953266660,10,899,universal,
2026-08-11 01:30:15,0957765333,10,699,universal,
2026-08-11 01:30:15,0962343335,10,699,universal,
2026-08-11 01:30:15,0962588887,10,899,universal,
2026-08-11 01:30:15,0969044447,10,1499,universal,
2026-08-11 01:30:15,0961655550,10,1499,universal,
2026-08-11 01:30:15,0959655553,10,1699,universal,
2026-08-11 01:30:15,0956711444,10,899,universal,
2026-08-11 01:30:15,0954133335,10,899,universal,
2026-08-11 01:30:15,0962788881,10,899,universal,
2026-08-11 01:30:15,0842455552,10,1499,universal,
2026-08-11 01:30:15,0955422220,10,899,universal,
2026-08-11 01:30:15,0967456999,10,899,universal,
2026-08-11 01:30:15,0955765777,10,699,universal,
2026-08-11 01:30:15,0834545593,10,1199,universal,
2026-08-11 01:30:15,0963755556,10,899,universal,
2026-08-11 01:30:15,0825674888,10,699,universal,
2026-08-11 01:30:15,0959678555,10,699,universal,
2026-08-11 01:30:15,0956751116,10,699,universal,
2026-08-11 01:30:15,0658388884,10,1199,universal,
2026-08-11 01:30:15,0951377773,10,1199,universal,
2026-08-11 01:30:15,0961255550,10,899,universal,
2026-08-11 01:30:15,0642455551,10,1999,universal,
2026-08-11 01:30:15,0958123339,10,899,rahu,
2026-08-11 01:30:15,0961466668,10,499,rahu,
2026-08-11 01:30:15,0639872228,10,499,rahu,
2026-08-11 01:30:15,0968543331,10,499,rahu,
2026-08-11 01:30:15,0961288883,10,1199,rahu,
2026-08-11 01:30:15,0902678222,10,499,rahu,
2026-08-11 01:30:15,0825254334,10,499,rahu,
2026-08-11 01:30:15,0952488883,10,499,rahu,
2026-08-11 01:30:15,0967288881,10,1199,rahu,
2026-08-11 01:30:15,0834582227,10,899,rahu,NEW
2026-08-11 01:30:15,0952833336,10,1199,rahu,
2026-08-11 01:30:15,0968511110,10,499,rahu,
2026-08-11 01:30:15,0832178333,10,899,rahu,
2026-08-11 01:30:15,0955688887,10,1199,rahu,
2026-08-11 01:30:15,0834528777,10,899,rahu,
2026-08-11 01:30:15,0886782333,10,499,rahu,
2026-08-11 01:30:15,0638377789,10,699,rahu,
2026-08-11 01:30:15,0825501222,10,699,rahu,
2026-08-11 01:30:15,0839932121,10,899,rahu,
2026-08-11 01:30:15,0803123111,10,499,rahu,
2026-08-11 01:30:15,0967835333,10,1199,rahu,
2026-08-11 01:30:15,0962788886,10,1199,rahu,
2026-08-11 01:30:15,0832165333,10,499,rahu,
2026-08-11 01:30:15,0967815111,10,1199,khanthep,
2026-08-11 01:30:15,0957422224,10,1199,khanthep,
2026-08-11 01:30:15,0967871115,10,699,khanthep,
2026-08-11 01:30:15,0967811616,10,1199,khanthep,
2026-08-11 01:30:15,0963833335,10,1199,khanthep,
2026-08-11 01:30:15,0966647432,10,699,khanthep,
2026-08-11 01:30:15,0961511117,10,1199,khanthep,
2026-08-11 01:30:15,0967871114,10,699,khanthep,
2026-08-11 01:30:15,0953822229,10,999,naga,
2026-08-11 01:30:15,0954600009,10,999,naga,
2026-08-11 01:30:15,0964100009,10,999,naga,
2026-08-11 01:30:15,0956711193,10,699,naga,
2026-08-11 01:30:15,0956793777,10,699,naga,
2026-08-11 01:30:15,0956759111,10,699,naga,
2026-08-11 01:30:15,0957644449,10,999,naga,
2026-08-11 01:30:15,0967244449,10,999,naga,
2026-08-11 01:30:15,0955593345,10,999,naga,
2026-08-11 01:30:15,0956797666,10,699,naga,
2026-08-11 01:30:15,0954391333,10,699,naga,
2026-08-11 01:30:15,0956749222,10,699,naga,
2026-08-11 01:30:15,0956794666,10,699,naga,
2026-08-11 01:30:15,0956749333,10,699,naga,
2026-08-11 01:30:15,0956433339,10,999,naga,
2026-08-11 01:30:15,0952533339,10,999,naga,
2026-08-11 01:30:15,0966744449,10,999,naga,
2026-08-11 01:30:15,0954433339,10,999,naga,
2026-08-11 01:30:15,0957133339,10,999,naga,
2026-08-11 01:30:15,0956311119,10,999,naga,
2026-08-11 01:30:15,0967399990,10,999,naga,
2026-08-11 01:30:15,0954393111,10,699,naga,
2026-08-11 01:30:15,0967133339,10,999,naga,
2026-08-11 01:30:15,0954393222,10,699,naga,
2026-08-11 01:30:15,0963499990,10,999,naga,
2026-08-11 01:30:15,0967411119,10,999,naga,
2026-08-11 01:30:15,0954133339,10,999,naga,
2026-08-11 01:30:15,0966722229,10,999,naga,
2026-08-11 01:30:15,0955679222,10,699,naga,
2026-08-11 01:30:15,0956719666,10,699,naga,
2026-08-11 01:30:15,0956792333,10,699,naga,
2026-08-11 01:30:15,0954369222,10,699,naga,
2026-08-11 01:30:15,0953219333,10,699,naga,
2026-08-11 01:30:15,0964211112,10,2199,ajchang,
2026-08-11 01:30:15,0954211115,10,1999,ajchang,
2026-08-11 01:30:15,0961711112,10,1999,ajchang,
2026-08-11 01:30:15,0962388881,10,599,ajchang,
2026-08-11 01:30:15,0953211124,10,899,ajchang,
2026-08-11 01:30:15,0956711616,10,899,ajchang,
2026-08-11 01:30:15,0963744441,10,899,ajchang,
2026-08-11 01:30:15,0953755556,10,899,ajchang,
2026-08-11 01:30:15,0963166662,10,899,ajchang,
2026-08-11 01:30:15,0967732121,10,599,ajchang,
2026-08-11 01:30:15,0849855567,10,499,ajchang,
2026-08-11 01:30:15,0842544432,10,499,ajchang,
2026-08-11 01:30:15,0855567133,10,499,ajchang,
2026-08-11 01:30:15,0964122226,10,1999,ajchang,
2026-08-11 01:30:15,0965412224,10,1699,ajchang,
2026-08-11 01:30:15,0956741112,10,899,ajchang,
2026-08-11 01:30:15,0962344415,10,899,ajchang,
2026-08-11 01:30:15,0855567099,10,499,ajchang,
2026-08-11 01:30:15,0956122225,10,1999,ajchang,
2026-08-11 01:30:15,0961766664,10,899,ajchang,
2026-08-11 01:30:15,0955679444,10,899,ajchang,
2026-08-11 01:30:15,0955543735,10,499,ajchang,
2026-08-11 01:30:15,0812355576,10,499,ajchang,
2026-08-11 01:30:15,0955560121,10,499,ajchang,
2026-08-11 01:30:15,0957211119,10,899,ajchang,
2026-08-11 01:30:15,0952344949,10,899,ajchang,
2026-08-11 01:30:15,0963765556,10,899,ajchang,
2026-08-11 01:30:15,0957566662,10,899,ajchang,
2026-08-11 01:30:15,0962766661,10,899,ajchang,
2026-08-11 01:30:15,0962346664,10,899,ajchang,
2026-08-11 01:30:15,0967366661,10,899,ajchang,
2026-08-11 01:30:15,0956761444,10,899,ajchang,
2026-08-11 01:30:15,0954341666,10,899,ajchang,
2026-08-11 01:30:15,0956711150,10,499,ajchang,
2026-08-11 01:30:15,0961422221,10,1999,ajchang,
2026-08-11 01:30:15,0953211125,10,899,ajchang,
2026-08-11 01:30:15,0963766662,10,899,ajchang,
2026-08-11 01:30:15,0957655514,10,499,ajchang,
2026-08-11 01:30:15,0955567284,10,499,ajchang,
2026-08-11 01:30:15,0967816664,10,499,emperor,
2026-08-11 01:30:15,0953459111,10,499,emperor,
2026-08-11 01:30:15,0954344462,10,499,emperor,
2026-08-11 01:30:15,0953211159,10,499,emperor,
2026-08-11 01:30:15,0953459222,10,499,emperor,
2026-08-11 01:30:15,0957651119,10,499,emperor,
2026-08-11 01:30:15,0963165444,10,499,emperor,
2026-08-11 01:30:15,0954344426,10,499,emperor,
2026-08-11 01:30:15,0954311165,10,499,emperor,
2026-08-11 01:30:15,0957645666,10,499,emperor,
2026-08-11 01:30:19,0956456777,14,699,universal
2026-08-11 01:30:19,0855432666,14,699,universal
2026-08-11 01:30:19,0954366667,14,899,universal
2026-08-11 01:30:19,0832138000,13,699,rahu
2026-08-11 01:30:19,0967411234,11,699,universal
2026-08-11 01:30:19,0834560011,11,499,rahu
2026-08-11 01:30:19,0809981234,11,499,rahu
2026-08-11 01:30:19,0967533336,10,899,universal
2026-08-11 01:30:19,0953211144,10,899,universal
2026-08-11 01:30:19,0961200007,10,899,universal
2026-08-11 01:30:19,0954352223,10,699,universal
2026-08-11 01:30:19,0952622227,10,1199,universal
2026-08-11 01:30:19,0955722227,10,1199,universal
2026-08-11 01:30:19,0803678222,10,499,rahu
2026-08-11 01:30:19,0838762333,10,899,rahu
2026-08-11 01:30:19,0955541012,10,499,ajchang
2026-08-11 01:30:29,0956788840,14,499,ajchang
2026-08-11 01:30:29,0641266789,11,499,rahu
2026-08-11 01:30:29,0839432888,10,699,universal
2026-08-11 01:30:29,0967366663,10,1199,universal
2026-08-11 01:30:29,0956726333,10,699,universal
2026-08-11 01:30:29,0959744442,10,1699,universal
2026-08-11 01:30:29,0961632111,10,699,universal
2026-08-11 01:30:29,0825671666,10,499,rahu
2026-08-11 01:30:29,0645682225,10,499,rahu
2026-08-11 01:30:29,0966784111,10,499,rahu
2026-08-11 01:30:29,0963722229,10,999,naga
2026-08-11 01:30:29,0955611116,10,2199,ajchang
2026-08-11 01:30:29,0953411114,10,899,ajchang
2026-08-11 01:30:29,0962311115,10,899,ajchang
2026-08-11 01:30:29,0826288876,10,499,ajchang
2026-08-11 01:30:31,0957654222,14,499,emperor,
2026-08-11 01:30:31,0967654446,14,499,emperor,
2026-08-11 01:30:31,0968678000,13,499,rahu,
2026-08-11 01:30:31,0954543339,13,699,naga,
2026-08-11 01:30:31,0964133456,11,699,universal,
2026-08-11 01:30:31,0938855678,11,699,rahu,
2026-08-11 01:30:31,0838833456,11,899,rahu,
2026-08-11 01:30:31,0967654646,11,499,emperor,
2026-08-11 01:30:31,0953456822,11,499,emperor,
2026-08-11 01:30:31,0967654224,11,499,emperor,
2026-08-11 01:30:31,0967654664,11,499,emperor,
2026-08-11 01:30:31,0967654422,11,499,emperor,
2026-08-11 01:30:31,0963766669,10,899,universal,
2026-08-11 01:30:31,0842455552,10,1499,universal,
2026-08-11 01:30:31,0956732111,10,699,universal,
2026-08-11 01:30:31,0955366667,10,899,universal,
2026-08-11 01:30:31,0964133334,10,899,universal,
2026-08-11 01:30:31,0829566654,10,1199,universal,
2026-08-11 01:30:31,0956753666,10,699,universal,
2026-08-11 01:30:31,0967344441,10,899,universal,
2026-08-11 01:30:31,0956744141,10,899,universal,
2026-08-11 01:30:31,0918769666,10,899,universal,
2026-08-11 01:30:31,0962347222,10,699,universal,
2026-08-11 01:30:31,0956756111,10,699,universal,
2026-08-11 01:30:31,0964133330,10,899,universal,
2026-08-11 01:30:31,0956724666,10,699,universal,
2026-08-11 01:30:31,0826234440,10,499,rahu,
2026-08-11 01:30:31,0839822234,10,699,rahu,
2026-08-11 01:30:31,0961433338,10,1199,rahu,
2026-08-11 01:30:31,0832127111,10,899,rahu,
2026-08-11 01:30:31,0953822224,10,1199,khanthep,
2026-08-11 01:30:31,0953833335,10,1199,khanthep,
2026-08-11 01:30:31,0966639871,10,699,khanthep,
2026-08-11 01:30:31,0967177774,10,1199,khanthep,
2026-08-11 01:30:31,0954394333,10,699,naga,
2026-08-11 01:30:31,0956744493,10,699,naga,
2026-08-11 01:30:31,0964122226,10,1999,ajchang,
2026-08-11 01:30:31,0963211166,10,899,ajchang,
2026-08-11 01:30:31,0954765222,10,899,ajchang,
2026-08-11 01:30:31,0955671444,10,899,ajchang,
2026-08-11 01:30:31,0826788891,10,499,ajchang,
2026-08-11 01:30:31,0962311123,10,499,ajchang,
2026-08-11 01:30:31,0953459222,10,499,emperor,
2026-08-11 01:30:31,0953211159,10,499,emperor,
2026-08-11 01:30:31,0963165444,10,499,emperor,
2026-08-11 01:30:31,0954311165,10,499,emperor,
2026-08-11 01:30:31,0967456999,10,499,emperor,
2026-08-11 01:30:31,0957651119,10,499,emperor,
2026-08-11 01:30:31,0957645666,10,499,emperor,
2026-08-11 01:30:33,0953123444,14,699,universal,
2026-08-11 01:30:33,0967655552,14,899,ajchang,
2026-08-11 01:30:33,0967654446,14,499,emperor,
2026-08-11 01:30:33,0957654442,14,499,emperor,
2026-08-11 01:30:33,0957654222,14,499,emperor,
2026-08-11 01:30:33,0963456661,14,499,emperor,
2026-08-11 01:30:33,0820876000,13,499,rahu,
2026-08-11 01:30:33,0967827000,13,499,rahu,
2026-08-11 01:30:39,0954321133,11,699,universal
2026-08-11 01:30:39,0820036789,11,499,rahu
2026-08-11 01:30:39,0956715333,10,699,universal
2026-08-11 01:30:39,0962543888,10,699,universal
2026-08-11 01:30:39,0955154343,10,699,universal
2026-08-11 01:30:39,0957344443,10,1199,universal
2026-08-11 01:30:39,0962456333,10,699,universal
2026-08-11 01:30:39,0972678222,10,699,universal
2026-08-11 01:30:39,0826781114,10,499,rahu
2026-08-11 01:30:39,0954392111,10,699,naga
2026-08-11 01:30:39,0955611112,10,1999,ajchang
2026-08-11 01:30:39,0954122224,10,1999,ajchang
2026-08-11 01:30:39,0962611117,10,1999,ajchang
2026-08-11 01:30:39,0952311116,10,899,ajchang
2026-08-11 01:30:39,0637144432,10,499,ajchang
2026-08-11 01:30:42,0955433334,14,1199,universal,
2026-08-11 01:30:42,0963455557,14,899,universal,
2026-08-11 01:30:42,0963211112,14,899,ajchang,
2026-08-11 01:30:42,0643211102,14,499,ajchang,
2026-08-11 01:30:42,0967654446,14,499,emperor,
2026-08-11 01:30:42,0963456661,14,499,emperor,
2026-08-11 01:30:42,0957654442,14,499,emperor,
2026-08-11 01:30:42,0838389000,12,699,rahu,
2026-08-11 01:30:42,0829298000,12,499,rahu,
2026-08-11 01:30:42,0954733456,11,699,universal,
2026-08-11 01:30:42,0803391234,11,499,rahu,NEW
2026-08-11 01:30:42,0967654664,11,499,emperor,
2026-08-11 01:30:42,0957654646,11,499,emperor,
2026-08-11 01:30:42,0967654422,11,499,emperor,
2026-08-11 01:30:42,0961355559,10,899,universal,
2026-08-11 01:30:42,0963277772,10,1199,universal,
2026-08-11 01:30:42,0954375777,10,899,universal,
2026-08-11 01:30:42,0954311616,10,899,universal,
2026-08-11 01:30:42,0967300004,10,899,universal,
2026-08-11 01:30:42,0962400007,10,899,universal,
2026-08-11 01:30:42,0955679222,10,699,universal,
2026-08-11 01:30:42,0955177771,10,1199,universal,
2026-08-11 01:30:42,0956744474,10,1199,universal,
2026-08-11 01:30:42,0956715777,10,699,universal,
2026-08-11 01:30:42,0957233332,10,1199,universal,
2026-08-11 01:30:42,0954383666,10,1199,rahu,
2026-08-11 01:30:42,0967388881,10,1199,rahu,
2026-08-11 01:30:42,0820243222,10,499,rahu,
2026-08-11 01:30:42,0834502111,10,499,rahu,
2026-08-11 01:30:42,0832196668,10,499,rahu,
2026-08-11 01:30:42,0968744447,10,1199,khanthep,
2026-08-11 01:30:42,0953459222,10,699,naga,
2026-08-11 01:30:42,0963211191,10,999,naga,
2026-08-11 01:30:42,0967234999,10,699,naga,
2026-08-11 01:30:42,0967733339,10,999,naga,
2026-08-11 01:30:42,0963411119,10,999,naga,
2026-08-11 01:30:42,0961711119,10,999,naga,
2026-08-11 01:30:42,0956711193,10,699,naga,
2026-08-11 01:30:42,0963677779,10,999,naga,
2026-08-11 01:30:42,0956729777,10,699,naga,
2026-08-11 01:30:42,0961466668,10,1999,ajchang,
2026-08-11 01:30:42,0964211115,10,1999,ajchang,
2026-08-11 01:30:42,0964122225,10,1999,ajchang,
2026-08-11 01:30:42,0967811616,10,899,ajchang,
2026-08-11 01:30:42,0967545666,10,899,ajchang,
2026-08-11 01:30:42,0955675444,10,599,ajchang,
2026-08-11 01:30:42,0832344478,10,499,ajchang,
2026-08-11 01:30:42,0954811123,10,499,ajchang,
2026-08-11 01:30:42,0954344426,10,499,emperor,
2026-08-11 01:30:42,0954344462,10,499,emperor,
2026-08-11 01:30:42,0954311165,10,499,emperor,
2026-08-11 01:30:42,0957645666,10,499,emperor,
2026-08-11 01:30:42,0967456999,10,499,emperor,
2026-08-11 01:30:42,0963165444,10,499,emperor,
2026-08-11 01:30:49,0962344440,14,899,universal
2026-08-11 01:30:49,0956744446,14,899,ajchang
2026-08-11 01:30:49,0812344457,14,499,ajchang
2026-08-11 01:30:49,0829876161,11,499,rahu
2026-08-11 01:30:49,0858543210,11,699,rahu
2026-08-11 01:30:49,0956533335,10,1199,universal
2026-08-11 01:30:49,0952633335,10,899,universal
2026-08-11 01:30:49,0962744440,10,899,universal
2026-08-11 01:30:49,0826355550,10,1499,universal
2026-08-11 01:30:49,0955643222,10,699,universal
2026-08-11 01:30:49,0832756777,10,499,rahu
2026-08-11 01:30:49,0967833373,10,1199,rahu
2026-08-11 01:30:49,0834527774,10,499,rahu
2026-08-11 01:30:49,0962321222,10,899,ajchang
2026-08-11 01:30:49,0953211109,10,499,ajchang
2026-08-11 01:30:49,0956855543,10,499,ajchang
2026-08-11 01:30:49,0855501218,10,499,ajchang
2026-08-11 01:30:49,0954311129,10,499,ajchang
2026-08-11 01:30:52,0954322323,14,1199,universal,
2026-08-11 01:30:52,0956788777,14,1199,universal,
2026-08-11 01:30:52,0961233331,14,899,universal,
2026-08-11 01:30:52,0961432111,14,699,universal,
2026-08-11 01:30:52,0964123444,14,699,universal,
2026-08-11 01:30:52,0963456222,14,699,universal,
2026-08-11 01:30:52,0961233335,14,899,universal,
2026-08-11 01:30:52,0963211119,14,999,naga,
2026-08-11 01:30:52,0955543202,14,499,ajchang,
2026-08-11 01:30:52,0812344472,14,499,ajchang,
2026-08-11 01:30:52,0963456661,14,499,emperor,
2026-08-11 01:30:52,0967654446,14,499,emperor,
2026-08-11 01:30:52,0957654222,14,499,emperor,
2026-08-11 01:30:52,0957654442,14,499,emperor,
2026-08-11 01:30:52,0838366668,13,899,universal,
2026-08-11 01:30:52,0967825000,13,499,rahu,
2026-08-11 01:30:52,0953533338,13,1199,rahu,
2026-08-11 01:30:52,0835234000,13,499,rahu,
2026-08-11 01:30:52,0658763000,13,499,rahu,
2026-08-11 01:30:52,0826234000,13,499,rahu,
2026-08-11 01:30:52,0952522226,13,1999,ajchang,
2026-08-11 01:30:52,0909958000,12,499,rahu,
2026-08-11 01:30:52,0967722345,11,699,universal,
2026-08-11 01:30:52,0917654646,11,699,universal,
2026-08-11 01:30:52,0855283456,11,899,rahu,NEW
2026-08-11 01:30:52,0832566789,11,499,rahu,NEW
2026-08-11 01:30:52,0855391234,11,899,rahu,NEW
2026-08-11 01:30:52,0858766789,11,899,rahu,NEW
2026-08-11 01:30:52,0820800123,11,699,rahu,
2026-08-11 01:30:52,0825678228,11,899,rahu,
2026-08-11 01:30:52,0834471234,11,899,rahu,NEW
2026-08-11 01:30:52,0838894567,11,699,rahu,
2026-08-11 01:30:52,0938855678,11,699,rahu,
2026-08-11 01:30:52,0839876060,11,499,rahu,
2026-08-11 01:30:52,0837511234,11,899,rahu,NEW
2026-08-11 01:30:52,0834564343,11,499,rahu,
2026-08-11 01:30:52,0826600123,11,699,rahu,
2026-08-11 01:30:52,0886351234,11,499,rahu,NEW
2026-08-11 01:30:52,0954325335,11,699,khanthep,
2026-08-11 01:30:52,0954322461,11,699,khanthep,
2026-08-11 01:30:52,0969123434,11,699,naga,
2026-08-11 01:30:52,0955123459,11,999,naga,
2026-08-11 01:30:52,0967654646,11,499,emperor,
2026-08-11 01:30:52,0967654664,11,499,emperor,
2026-08-11 01:30:52,0967654224,11,499,emperor,
2026-08-11 01:30:52,0957654466,11,499,emperor,
2026-08-11 01:30:52,0953456822,11,499,emperor,
2026-08-11 01:30:52,0967654422,11,499,emperor,
2026-08-11 01:30:52,0957654646,11,499,emperor,
2026-08-11 01:30:52,0962677773,10,899,universal,
2026-08-11 01:30:52,0954700005,10,899,universal,
2026-08-11 01:30:52,0963144449,10,899,universal,
2026-08-11 01:30:52,0961677773,10,899,universal,
2026-08-11 01:30:52,0956233335,10,899,universal,
2026-08-11 01:30:52,0955546546,10,1499,universal,
2026-08-11 01:30:52,0957166665,10,1199,universal,
2026-08-11 01:30:52,0954369777,10,699,universal,
2026-08-11 01:30:52,0956719333,10,699,universal,
2026-08-11 01:30:52,0973522228,10,1199,universal,
2026-08-11 01:30:52,0954377272,10,899,universal,
2026-08-11 01:30:52,0955321777,10,699,universal,
2026-08-11 01:30:52,0964133335,10,899,universal,
2026-08-11 01:30:52,0956766464,10,899,universal,
2026-08-11 01:30:52,0956746111,10,699,universal,
2026-08-11 01:30:52,0964211116,10,899,universal,
2026-08-11 01:30:52,0962432777,10,699,universal,
2026-08-11 01:30:52,0961766661,10,899,universal,
2026-08-11 01:30:52,0956311119,10,899,universal,
2026-08-11 01:30:52,0643275888,10,699,universal,
2026-08-11 01:30:52,0825044441,10,1499,universal,
2026-08-11 01:30:52,0953744447,10,1199,universal,
2026-08-11 01:30:52,0953411114,10,1199,universal,
2026-08-11 01:30:52,0956721444,10,699,universal,
2026-08-11 01:30:52,0956724777,10,699,universal,
2026-08-11 01:30:52,0955400009,10,899,universal,
2026-08-11 01:30:52,0963144443,10,899,universal,
2026-08-11 01:30:52,0956755566,10,899,universal,
2026-08-11 01:30:52,0962343443,10,1199,universal,
2026-08-11 01:30:52,0956499990,10,1499,universal,
2026-08-11 01:30:52,0963453332,10,699,universal,
2026-08-11 01:30:52,0967411112,10,899,universal,
2026-08-11 01:30:52,0956729777,10,699,universal,
2026-08-11 01:30:52,0953822229,10,1499,universal,
2026-08-11 01:30:52,0963700004,10,899,universal,
2026-08-11 01:30:52,0803965444,10,899,universal,
2026-08-11 01:30:52,0956233330,10,899,universal,
2026-08-11 01:30:52,0956717555,10,699,universal,
2026-08-11 01:30:52,0966587676,10,699,universal,
2026-08-11 01:30:52,0961123737,10,699,universal,
2026-08-11 01:30:52,0825439666,10,699,universal,
2026-08-11 01:30:52,0955377771,10,899,universal,
2026-08-11 01:30:52,0956719222,10,699,universal,
2026-08-11 01:30:52,0952765111,10,699,universal,
2026-08-11 01:30:52,0962312333,10,699,universal,
2026-08-11 01:30:52,0941876222,10,699,universal,
2026-08-11 01:30:52,0645045666,10,1199,universal,
2026-08-11 01:30:52,0967377772,10,1199,universal,
2026-08-11 01:30:52,0832423444,10,499,rahu,
2026-08-11 01:30:52,0825567778,10,499,rahu,
2026-08-11 01:30:52,0820127779,10,699,rahu,
2026-08-11 01:30:52,0837156777,10,499,rahu,
2026-08-11 01:30:52,0963533338,10,1199,rahu,
2026-08-11 01:30:52,0638387789,10,699,rahu,
2026-08-11 01:30:52,0832124666,10,899,rahu,
2026-08-11 01:30:52,0839987774,10,499,rahu,
2026-08-11 01:30:52,0855567717,10,499,rahu,
2026-08-11 01:30:52,0968760333,10,499,rahu,
2026-08-11 01:30:52,0967823444,10,499,rahu,
2026-08-11 01:30:52,0803678222,10,499,rahu,
2026-08-11 01:30:52,0825543338,10,899,rahu,
2026-08-11 01:30:52,0960812333,10,499,rahu,
2026-08-11 01:30:52,0968543331,10,499,rahu,
2026-08-11 01:30:52,0838210444,10,699,rahu,
2026-08-11 01:30:52,0958543337,10,899,rahu,
2026-08-11 01:30:52,0955788881,10,1199,rahu,
2026-08-11 01:30:52,0826781117,10,499,rahu,
2026-08-11 01:30:52,0832196668,10,499,rahu,
2026-08-11 01:30:52,0967838332,10,699,rahu,
2026-08-11 01:30:52,0968366661,10,1199,rahu,
2026-08-11 01:30:52,0832120005,10,699,rahu,
2026-08-11 01:30:52,0832124447,10,899,rahu,
2026-08-11 01:30:52,0967871116,10,699,khanthep,
2026-08-11 01:30:52,0966612364,10,699,khanthep,
2026-08-11 01:30:52,0967871114,10,699,khanthep,
2026-08-11 01:30:52,0963833335,10,1199,khanthep,
2026-08-11 01:30:52,0966646123,10,1199,khanthep,
2026-08-11 01:30:52,0958711116,10,1199,khanthep,
2026-08-11 01:30:52,0966632151,10,699,khanthep,
2026-08-11 01:30:52,0966616321,10,1199,khanthep,
2026-08-11 01:30:52,0954364777,10,699,khanthep,
2026-08-11 01:30:52,0967433339,10,999,naga,
2026-08-11 01:30:52,0956792111,10,699,naga,
2026-08-11 01:30:52,0955567779,10,699,naga,
2026-08-11 01:30:52,0954369222,10,699,naga,
2026-08-11 01:30:52,0953677779,10,999,naga,
2026-08-11 01:30:52,0967456999,10,699,naga,
2026-08-11 01:30:52,0954393666,10,699,naga,
2026-08-11 01:30:52,0956739777,10,699,naga,
2026-08-11 01:30:52,0967199993,10,999,naga,
2026-08-11 01:30:52,0954394222,10,699,naga,
2026-08-11 01:30:52,0967211119,10,999,naga,
2026-08-11 01:30:52,0954391222,10,699,naga,
2026-08-11 01:30:52,0955515679,10,999,naga,
2026-08-11 01:30:52,0951377779,10,999,naga,
2026-08-11 01:30:52,0956729666,10,699,naga,
2026-08-11 01:30:52,0964100009,10,999,naga,
2026-08-11 01:30:52,0967633339,10,999,naga,
2026-08-11 01:30:52,0953500009,10,999,naga,
2026-08-11 01:30:52,0962349333,10,699,naga,
2026-08-11 01:30:52,0956794777,10,699,naga,
2026-08-11 01:30:52,0963411119,10,999,naga,
2026-08-11 01:30:52,0957651119,10,699,naga,
2026-08-11 01:30:52,0953200009,10,999,naga,
2026-08-11 01:30:52,0963211191,10,999,naga,
2026-08-11 01:30:52,0956791777,10,699,naga,
2026-08-11 01:30:52,0962377779,10,999,naga,
2026-08-11 01:30:52,0954319222,10,699,naga,
2026-08-11 01:30:52,0953766669,10,999,naga,
2026-08-11 01:30:52,0967599990,10,999,naga,
2026-08-11 01:30:52,0963219333,10,699,naga,
2026-08-11 01:30:52,0956796777,10,699,naga,
2026-08-11 01:30:52,0955300009,10,999,naga,
2026-08-11 01:30:52,0962533339,10,999,naga,
2026-08-11 01:30:52,0957199992,10,999,naga,
2026-08-11 01:30:52,0956759222,10,699,naga,
2026-08-11 01:30:52,0953654448,10,1699,ajchang,
2026-08-11 01:30:52,0967166668,10,1499,ajchang,
2026-08-11 01:30:52,0961788881,10,599,ajchang,
2026-08-11 01:30:52,0954312666,10,899,ajchang,
2026-08-11 01:30:52,0956711142,10,899,ajchang,
2026-08-11 01:30:52,0957266664,10,899,ajchang,
2026-08-11 01:30:52,0855546012,10,499,ajchang,
2026-08-11 01:30:52,0834511129,10,499,ajchang,
2026-08-11 01:30:52,0963611117,10,1999,ajchang,
2026-08-11 01:30:52,0951611119,10,1999,ajchang,
2026-08-11 01:30:52,0967851116,10,1199,ajchang,
2026-08-11 01:30:52,0961322221,10,899,ajchang,
2026-08-11 01:30:52,0962321222,10,899,ajchang,
2026-08-11 01:30:52,0967765252,10,899,ajchang,
2026-08-11 01:30:52,0956714111,10,899,ajchang,
2026-08-11 01:30:52,0957655858,10,899,ajchang,
2026-08-11 01:30:52,0967522221,10,899,ajchang,
2026-08-11 01:30:52,0855501218,10,499,ajchang,
2026-08-11 01:30:52,0917655537,10,499,ajchang,
2026-08-11 01:30:52,0955543317,10,499,ajchang,
2026-08-11 01:30:52,0855567411,10,499,ajchang,
2026-08-11 01:30:52,0955567129,10,499,ajchang,
2026-08-11 01:30:52,0963622221,10,1999,ajchang,
2026-08-11 01:30:52,0967822292,10,1499,ajchang,
2026-08-11 01:30:52,0957411119,10,899,ajchang,
2026-08-11 01:30:52,0956726111,10,899,ajchang,
2026-08-11 01:30:52,0956345558,10,899,ajchang,
2026-08-11 01:30:52,0954356111,10,899,ajchang,
2026-08-11 01:30:52,0953455151,10,899,ajchang,
2026-08-11 01:30:52,0954311555,10,899,ajchang,
2026-08-11 01:30:52,0953432666,10,599,ajchang,
2026-08-11 01:30:52,0963811123,10,499,ajchang,
2026-08-11 01:30:52,0956744408,10,499,ajchang,
2026-08-11 01:30:52,0953211135,10,499,ajchang,
2026-08-11 01:30:52,0825811123,10,499,ajchang,
2026-08-11 01:30:52,0956722999,10,899,ajchang,
2026-08-11 01:30:52,0963455525,10,899,ajchang,
2026-08-11 01:30:52,0962766662,10,899,ajchang,
2026-08-11 01:30:52,0962711118,10,899,ajchang,
2026-08-11 01:30:52,0967321118,10,899,ajchang,
2026-08-11 01:30:52,0955679444,10,899,ajchang,
2026-08-11 01:30:52,0954345222,10,899,ajchang,
2026-08-11 01:30:52,0938744432,10,499,ajchang,
2026-08-11 01:30:52,0643122234,10,499,ajchang,
2026-08-11 01:30:52,0955534876,10,499,ajchang,
2026-08-11 01:30:52,0955611112,10,1999,ajchang,
2026-08-11 01:30:52,0961211117,10,1999,ajchang,
2026-08-11 01:30:52,0956544484,10,1999,ajchang,
2026-08-11 01:30:52,0962511117,10,1999,ajchang,
2026-08-11 01:30:52,0961788886,10,1999,ajchang,
2026-08-11 01:30:52,0966545111,10,1699,ajchang,
2026-08-11 01:30:52,0961654111,10,1699,ajchang,
2026-08-11 01:30:52,0956762111,10,899,ajchang,
2026-08-11 01:30:52,0956744466,10,899,ajchang,
2026-08-11 01:30:52,0962744442,10,899,ajchang,
2026-08-11 01:30:52,0956769111,10,899,ajchang,
2026-08-11 01:30:52,0643455517,10,499,ajchang,
2026-08-11 01:30:52,0954344426,10,499,emperor,
2026-08-11 01:30:52,0953211159,10,499,emperor,
2026-08-11 01:30:52,0953459111,10,499,emperor,
2026-08-11 01:30:52,0967816664,10,499,emperor,
2026-08-11 01:30:52,0963165444,10,499,emperor,
2026-08-11 01:30:52,0954344462,10,499,emperor,
2026-08-11 01:30:52,0954311165,10,499,emperor,
2026-08-11 01:30:52,0953459222,10,499,emperor,
2026-08-11 01:30:54,0954366665,14,899,ajchang,
2026-08-11 01:30:54,0962345552,14,899,ajchang,
2026-08-11 01:30:54,0954322275,14,499,ajchang,
2026-08-11 01:30:54,0643211149,14,499,ajchang,
2026-08-11 01:30:54,0963456661,14,499,emperor,
2026-08-11 01:30:54,0957654222,14,499,emperor,
2026-08-11 01:30:54,0839345000,13,499,rahu,
2026-08-11 01:30:54,0953456776,11,699,universal,
2026-08-11 01:30:54,0938383456,11,899,rahu,
2026-08-11 01:30:54,0902282345,11,699,rahu,
2026-08-11 01:30:54,0953456822,11,499,emperor,
2026-08-11 01:30:54,0967654664,11,499,emperor,
2026-08-11 01:30:54,0967654646,11,499,emperor,
2026-08-11 01:30:54,0963454447,10,699,universal,
2026-08-11 01:30:54,0961277779,10,899,universal,
2026-08-11 01:30:54,0956311119,10,899,universal,
2026-08-11 01:30:54,0951432228,10,699,universal,
2026-08-11 01:30:54,0953422221,10,899,universal,
2026-08-11 01:30:54,0961233373,10,899,universal,
2026-08-11 01:30:54,0658976555,10,699,universal,
2026-08-11 01:30:54,0955622227,10,899,universal,
2026-08-11 01:30:54,0825676555,10,699,universal,
2026-08-11 01:30:54,0829266663,10,1699,universal,
2026-08-11 01:30:54,0840465444,10,1199,universal,
2026-08-11 01:30:54,0957655353,10,899,universal,
2026-08-11 01:30:54,0956716111,10,899,universal,
2026-08-11 01:30:54,0956797333,10,699,universal,
2026-08-11 01:30:54,0956311117,10,899,universal,
2026-08-11 01:30:54,0967833737,10,899,universal,
2026-08-11 01:30:54,0834517222,10,499,rahu,
2026-08-11 01:30:54,0962543338,10,899,rahu,
2026-08-11 01:30:54,0967765558,10,499,rahu,
2026-08-11 01:30:54,0832340111,10,499,rahu,
2026-08-11 01:30:54,0966784111,10,499,rahu,
2026-08-11 01:30:54,0832124666,10,899,rahu,
2026-08-11 01:30:54,0952488883,10,499,rahu,
2026-08-11 01:30:54,0966639871,10,699,khanthep,
2026-08-11 01:30:54,0956749777,10,699,naga,
2026-08-11 01:30:54,0953100009,10,999,naga,
2026-08-11 01:30:54,0961300009,10,999,naga,
2026-08-11 01:30:54,0956749111,10,699,naga,
2026-08-11 01:30:54,0953766669,10,999,naga,
2026-08-11 01:30:54,0967277779,10,999,naga,
2026-08-11 01:30:54,0967188881,10,599,ajchang,
2026-08-11 01:30:54,0967145666,10,1199,ajchang,
2026-08-11 01:30:54,0953499996,10,899,ajchang,
2026-08-11 01:30:54,0956766262,10,899,ajchang,
2026-08-11 01:30:54,0963455111,10,899,ajchang,
2026-08-11 01:30:54,0967456999,10,899,ajchang,
2026-08-11 01:30:54,0967366664,10,899,ajchang,
2026-08-11 01:30:54,0955567284,10,499,ajchang,
2026-08-11 01:30:54,0855516783,10,499,ajchang,
2026-08-11 01:30:54,0802911123,10,499,ajchang,
2026-08-11 01:30:54,0802644432,10,499,ajchang,
2026-08-11 01:30:54,0802344471,10,499,ajchang,
2026-08-11 01:30:54,0839855567,10,499,ajchang,
2026-08-11 01:30:54,0639722210,10,499,ajchang,
2026-08-11 01:30:54,0855567700,10,499,ajchang,
2026-08-11 01:30:54,0967816664,10,499,emperor,
2026-08-11 01:30:54,0953211159,10,499,emperor,
2026-08-11 01:30:54,0953459111,10,499,emperor,
2026-08-11 01:30:54,0953459222,10,499,emperor,
2026-08-11 01:30:54,0957645666,10,499,emperor,
2026-08-11 01:30:54,0954344462,10,499,emperor,
2026-08-11 01:30:54,0957651119,10,499,emperor,
2026-08-11 01:30:57,0961233335,14,899,universal,
2026-08-11 01:30:57,0648456777,14,699,universal,
2026-08-11 01:30:57,0643211666,14,899,universal,
2026-08-11 01:30:57,0954311110,14,899,universal,
2026-08-11 01:30:57,0954329222,14,899,ajchang,
2026-08-11 01:30:57,0963456661,14,499,emperor,
2026-08-11 01:30:57,0957654442,14,499,emperor,
2026-08-11 01:30:57,0967654446,14,499,emperor,
2026-08-11 01:30:57,0839345000,13,499,rahu,
2026-08-11 01:30:57,0968769000,13,499,rahu,
2026-08-11 01:30:57,0963633335,13,1199,khanthep,
2026-08-11 01:30:57,0838351000,12,699,rahu,
2026-08-11 01:30:57,0838391000,12,699,rahu,
2026-08-11 01:30:59,0969678222,13,699,universal
2026-08-11 01:30:59,0829678000,13,499,rahu
2026-08-11 01:30:59,0954121234,11,699,universal
2026-08-11 01:30:59,0886351234,11,499,rahu
2026-08-11 01:30:59,0644083456,11,499,rahu
2026-08-11 01:30:59,0963700004,10,899,universal
2026-08-11 01:30:59,0961677771,10,899,universal
2026-08-11 01:30:59,0961566662,10,1699,universal
2026-08-11 01:30:59,0961788881,10,899,universal
2026-08-11 01:30:59,0955122225,10,899,universal
2026-08-11 01:30:59,0963733332,10,1199,universal
2026-08-11 01:30:59,0962543332,10,699,universal
2026-08-11 01:30:59,0963766660,10,899,universal
2026-08-11 01:30:59,0968511113,10,499,rahu
2026-08-11 01:30:59,0967166663,10,1199,khanthep
2026-08-11 01:30:59,0966765151,10,899,ajchang
2026-08-11 01:30:59,0961232111,10,599,ajchang
2026-08-11 01:31:05,0955654333,14,699,universal,
2026-08-11 01:31:05,0957654442,14,499,emperor,
2026-08-11 01:31:05,0963456661,14,499,emperor,
2026-08-11 01:31:05,0957654222,14,499,emperor,
2026-08-11 01:31:05,0643238000,13,499,rahu,
2026-08-11 01:31:05,0838351000,12,699,rahu,
2026-08-11 01:31:05,0638011234,11,699,rahu,NEW
2026-08-11 01:31:05,0809711234,11,499,rahu,NEW
2026-08-11 01:31:05,0967654664,11,499,emperor,
2026-08-11 01:31:05,0967654646,11,499,emperor,
2026-08-11 01:31:05,0957654646,11,499,emperor,
2026-08-11 01:31:05,0956546111,10,699,universal,
2026-08-11 01:31:05,0957311116,10,899,universal,
2026-08-11 01:31:05,0648745666,10,899,universal,
2026-08-11 01:31:05,0968244447,10,1199,universal,
2026-08-11 01:31:05,0954342777,10,699,universal,
2026-08-11 01:31:05,0956722444,10,899,universal,
2026-08-11 01:31:05,0955511765,10,699,universal,
2026-08-11 01:31:05,0952477776,10,899,universal,
2026-08-11 01:31:05,0802244456,10,1199,universal,
2026-08-11 01:31:05,0961766669,10,899,universal,
2026-08-11 01:31:05,0954393555,10,699,universal,
2026-08-11 01:31:05,0832210777,10,499,rahu,
2026-08-11 01:31:05,0963877771,10,1199,rahu,
2026-08-11 01:31:05,0855578958,10,699,rahu,
2026-08-11 01:31:05,0957658887,10,499,rahu,
2026-08-11 01:31:05,0832012444,10,699,rahu,
2026-08-11 01:31:05,0968744447,10,1199,khanthep,
2026-08-11 01:31:05,0967177774,10,1199,khanthep,
2026-08-11 01:31:05,0956739111,10,699,naga,
2026-08-11 01:31:05,0956759777,10,699,naga,
2026-08-11 01:31:05,0967544449,10,999,naga,
2026-08-11 01:31:05,0954393666,10,699,naga,
2026-08-11 01:31:05,0967733339,10,999,naga,
2026-08-11 01:31:05,0954211112,10,2199,ajchang,
2026-08-11 01:31:05,0964122225,10,1999,ajchang,
2026-08-11 01:31:05,0967722225,10,899,ajchang,
2026-08-11 01:31:05,0962722226,10,899,ajchang,
2026-08-11 01:31:05,0962342111,10,899,ajchang,
2026-08-11 01:31:05,0963744441,10,899,ajchang,
2026-08-11 01:31:05,0820122247,10,499,ajchang,
2026-08-11 01:31:05,0956744405,10,499,ajchang,
2026-08-11 01:31:05,0954311129,10,499,ajchang,
2026-08-11 01:31:05,0637655576,10,499,ajchang,
2026-08-11 01:31:05,0802911123,10,499,ajchang,
2026-08-11 01:31:05,0954344462,10,499,emperor,
2026-08-11 01:31:05,0953211159,10,499,emperor,
2026-08-11 01:31:05,0963165444,10,499,emperor,
2026-08-11 01:31:05,0957651119,10,499,emperor,
2026-08-11 01:31:05,0953459222,10,499,emperor,
2026-08-11 01:31:05,0953459111,10,499,emperor,
2026-08-11 01:31:05,0967816664,10,499,emperor,
2026-08-11 01:31:05,0967456999,10,499,emperor,
2026-08-11 01:31:05,0954311165,10,499,emperor,
2026-08-11 01:31:09,0963432111,14,699,universal
2026-08-11 01:31:09,0834587000,13,699,rahu
2026-08-11 01:31:09,0957753456,11,699,universal
2026-08-11 01:31:09,0967763456,11,699,universal
2026-08-11 01:31:09,0886381234,11,899,rahu
2026-08-11 01:31:09,0957321333,10,699,universal
2026-08-11 01:31:09,0953234443,10,899,universal
2026-08-11 01:31:09,0957133336,10,899,universal
2026-08-11 01:31:09,0966781113,10,699,universal
2026-08-11 01:31:09,0829366664,10,1699,universal
2026-08-11 01:31:09,0838745666,10,1499,universal
2026-08-11 01:31:09,0954123222,10,899,universal
2026-08-11 01:31:09,0839932121,10,899,rahu
2026-08-11 01:31:09,0834502666,10,499,rahu
2026-08-11 01:31:09,0966464324,10,1199,khanthep
2026-08-11 01:31:09,0961488885,10,1999,ajchang
2026-08-11 01:31:09,0955788881,10,599,ajchang
2026-08-11 01:31:09,0962765666,10,899,ajchang
2026-08-11 01:31:09,0963432666,10,599,ajchang
2026-08-11 01:31:09,0955543714,10,499,ajchang
2026-08-11 01:31:09,0953211150,10,499,ajchang
2026-08-11 01:31:16,0641345666,14,699,universal,
2026-08-11 01:31:16,0963456661,14,499,emperor,
2026-08-11 01:31:16,0967654446,14,499,emperor,
2026-08-11 01:31:16,0959588882,13,899,universal,
2026-08-11 01:31:16,0834621000,13,499,rahu,
2026-08-11 01:31:16,0643238000,13,499,rahu,
2026-08-11 01:31:16,0638133456,11,499,rahu,NEW
2026-08-11 01:31:16,0961123458,11,699,rahu,NEW
2026-08-11 01:31:16,0957654466,11,499,emperor,
2026-08-11 01:31:16,0967654646,11,499,emperor,
2026-08-11 01:31:16,0967654664,11,499,emperor,
2026-08-11 01:31:16,0957654646,11,499,emperor,
2026-08-11 01:31:16,0967654422,11,499,emperor,
2026-08-11 01:31:16,0955711117,10,1199,universal,
2026-08-11 01:31:16,0955133331,10,1199,universal,
2026-08-11 01:31:16,0956744434,10,899,universal,
2026-08-11 01:31:16,0962300005,10,899,universal,
2026-08-11 01:31:16,0955676444,10,699,universal,
2026-08-11 01:31:16,0855045666,10,899,universal,
2026-08-11 01:31:16,0964177772,10,899,universal,
2026-08-11 01:31:16,0951700006,10,899,universal,
2026-08-11 01:31:16,0962511113,10,899,universal,
2026-08-11 01:31:16,0966547555,10,699,universal,
2026-08-11 01:31:16,0951711116,10,1199,universal,
2026-08-11 01:31:16,0967466662,10,1199,universal,
2026-08-11 01:31:16,0957255557,10,899,universal,
2026-08-11 01:31:16,0951622220,10,899,universal,
2026-08-11 01:31:16,0644466782,10,499,rahu,
2026-08-11 01:31:16,0957833337,10,1199,rahu,
2026-08-11 01:31:16,0834587111,10,899,rahu,
2026-08-11 01:31:16,0825543338,10,899,rahu,
2026-08-11 01:31:16,0855565457,10,499,rahu,
2026-08-11 01:31:16,0967871222,10,699,khanthep,
2026-08-11 01:31:16,0967411119,10,999,naga,
2026-08-11 01:31:16,0954397111,10,699,naga,
2026-08-11 01:31:16,0956719222,10,699,naga,
2026-08-11 01:31:16,0966744449,10,999,naga,
2026-08-11 01:31:16,0963211191,10,999,naga,
2026-08-11 01:31:16,0954397666,10,699,naga,
2026-08-11 01:31:16,0951633339,10,999,naga,
2026-08-11 01:31:16,0955439111,10,699,naga,
2026-08-11 01:31:16,0953211919,10,999,naga,
2026-08-11 01:31:16,0957766669,10,899,ajchang,
2026-08-11 01:31:16,0962755559,10,899,ajchang,
2026-08-11 01:31:16,0956741112,10,899,ajchang,
2026-08-11 01:31:16,0952321112,10,899,ajchang,
2026-08-11 01:31:16,0963214111,10,899,ajchang,
2026-08-11 01:31:16,0956732444,10,599,ajchang,
2026-08-11 01:31:16,0855501218,10,499,ajchang,
2026-08-11 01:31:16,0954344426,10,499,emperor,
2026-08-11 01:31:16,0953459111,10,499,emperor,
2026-08-11 01:31:16,0967456999,10,499,emperor,
2026-08-11 01:31:16,0957645666,10,499,emperor,
2026-08-11 01:31:16,0954344462,10,499,emperor,
2026-08-11 01:31:20,0644583456,11,899,rahu
2026-08-11 01:31:20,0953454441,10,699,universal
2026-08-11 01:31:20,0968511110,10,899,universal
2026-08-11 01:31:20,0963244443,10,899,universal
2026-08-11 01:31:20,0953722221,10,899,universal
2026-08-11 01:31:20,0968744447,10,1199,khanthep
2026-08-11 01:31:20,0956749111,10,699,naga
2026-08-11 01:31:20,0952300009,10,999,naga
2026-08-11 01:31:20,0956755566,10,899,ajchang
2026-08-11 01:31:20,0955567572,10,499,ajchang
2026-08-11 01:31:21,0643211116,18,899,universal,
2026-08-11 01:31:21,0953211116,14,899,universal,
2026-08-11 01:31:21,0832108777,14,499,rahu,
2026-08-11 01:31:21,0838987666,14,899,rahu,
2026-08-11 01:31:21,0836012333,14,699,rahu,
2026-08-11 01:31:21,0954322275,14,499,ajchang,
2026-08-11 01:31:21,0967654446,14,499,emperor,
2026-08-11 01:31:21,0957654222,14,499,emperor,
2026-08-11 01:31:21,0963456661,14,499,emperor,
2026-08-11 01:31:21,0957654442,14,499,emperor,
2026-08-11 01:31:21,0839789000,13,499,rahu,
2026-08-11 01:31:21,0954543339,13,699,naga,
2026-08-11 01:31:21,0829595000,12,499,rahu,
2026-08-11 01:31:27,0953456663,14,699,universal,
2026-08-11 01:31:27,0955765444,14,699,universal,
2026-08-11 01:31:27,0963211119,14,999,naga,
2026-08-11 01:31:27,0957654442,14,499,emperor,
2026-08-11 01:31:27,0957654222,14,499,emperor,
2026-08-11 01:31:27,0967654446,14,499,emperor,
2026-08-11 01:31:27,0963456661,14,499,emperor,
2026-08-11 01:31:27,0967511234,11,699,universal,
2026-08-11 01:31:27,0966789128,11,699,rahu,NEW
2026-08-11 01:31:27,0855341234,11,899,rahu,NEW
2026-08-11 01:31:27,0855961234,11,899,rahu,NEW
2026-08-11 01:31:27,0826161234,11,899,rahu,
2026-08-11 01:31:27,0640080123,11,499,rahu,
2026-08-11 01:31:27,0803343210,11,499,rahu,
2026-08-11 01:31:27,0957654466,11,899,ajchang,
2026-08-11 01:31:27,0953456822,11,499,emperor,
2026-08-11 01:31:27,0646144440,10,1499,universal,
2026-08-11 01:31:27,0956791777,10,699,universal,
2026-08-11 01:31:27,0809144440,10,1499,universal,
2026-08-11 01:31:27,0963611113,10,899,universal,
2026-08-11 01:31:27,0641944447,10,1699,universal,
2026-08-11 01:31:27,0956311119,10,899,universal,
2026-08-11 01:31:27,0951377779,10,899,universal,
2026-08-11 01:31:27,0954371777,10,899,universal,
2026-08-11 01:31:27,0955345111,10,699,universal,
2026-08-11 01:31:27,0964123332,10,899,universal,
2026-08-11 01:31:27,0834530222,10,499,rahu,
2026-08-11 01:31:27,0839822234,10,699,rahu,
2026-08-11 01:31:27,0968533337,10,499,rahu,
2026-08-11 01:31:27,0835210333,10,499,rahu,
2026-08-11 01:31:27,0961700009,10,999,naga,
2026-08-11 01:31:27,0957644449,10,999,naga,
2026-08-11 01:31:27,0956793777,10,699,naga,
2026-08-11 01:31:27,0962744449,10,999,naga,
2026-08-11 01:31:27,0956794666,10,699,naga,
2026-08-11 01:31:27,0954391555,10,699,naga,
2026-08-11 01:31:27,0956719666,10,699,naga,
2026-08-11 01:31:27,0962311119,10,999,naga,
2026-08-11 01:31:27,0954397666,10,699,naga,
2026-08-11 01:31:27,0954122224,10,1999,ajchang,
2026-08-11 01:31:27,0956544484,10,1999,ajchang,
2026-08-11 01:31:27,0967166664,10,1499,ajchang,
2026-08-11 01:31:27,0963211222,10,899,ajchang,
2026-08-11 01:31:27,0953499992,10,899,ajchang,
2026-08-11 01:31:27,0956755522,10,899,ajchang,
2026-08-11 01:31:27,0959022210,10,499,ajchang,
2026-08-11 01:31:27,0826788891,10,499,ajchang,
2026-08-11 01:31:27,0855567065,10,499,ajchang,
2026-08-11 01:31:27,0957655508,10,499,ajchang,
2026-08-11 01:31:27,0953459111,10,499,emperor,
2026-08-11 01:31:27,0954311165,10,499,emperor,
2026-08-11 01:31:27,0967816664,10,499,emperor,
2026-08-11 01:31:27,0967456999,10,499,emperor,
2026-08-11 01:31:27,0957645666,10,499,emperor,
2026-08-11 01:31:27,0963165444,10,499,emperor,
2026-08-11 01:31:27,0953459222,10,499,emperor,
2026-08-11 01:31:31,0962345111,14,699,universal
2026-08-11 01:31:31,0834562221,14,499,rahu
2026-08-11 01:31:31,0658769000,13,499,rahu
2026-08-11 01:31:31,0967826000,13,499,rahu
2026-08-11 01:31:31,0967211234,11,699,universal
2026-08-11 01:31:31,0855041234,11,699,rahu
2026-08-11 01:31:31,0957234554,11,599,ajchang
2026-08-11 01:31:31,0955644440,10,1499,universal
2026-08-11 01:31:31,0886145666,10,899,universal
2026-08-11 01:31:31,0832160555,10,499,rahu
2026-08-11 01:31:31,0968760333,10,499,rahu
2026-08-11 01:31:31,0958355552,10,1199,khanthep
2026-08-11 01:31:31,0954391222,10,699,naga
2026-08-11 01:31:31,0963211919,10,999,naga
2026-08-11 01:31:31,0956716999,10,899,ajchang
2026-08-11 01:31:31,0955567137,10,499,ajchang
2026-08-11 01:31:31,0855543796,10,499,ajchang
2026-08-11 01:31:31,0802344415,10,499,ajchang
2026-08-11 01:31:38,0957654442,14,499,emperor,
2026-08-11 01:31:38,0855836789,11,899,rahu,NEW
2026-08-11 01:31:38,0967654224,11,499,emperor,
2026-08-11 01:31:38,0953456822,11,499,emperor,
2026-08-11 01:31:38,0967654664,11,499,emperor,
2026-08-11 01:31:38,0952346222,10,699,universal,
2026-08-11 01:31:38,0955611117,10,899,universal,
2026-08-11 01:31:38,0963455111,10,899,universal,
2026-08-11 01:31:38,0955122225,10,899,universal,
2026-08-11 01:31:38,0969254333,10,699,universal,
2026-08-11 01:31:38,0963212227,10,699,universal,
2026-08-11 01:31:38,0953766662,10,899,universal,
2026-08-11 01:31:38,0855811116,10,899,universal,
2026-08-11 01:31:38,0962344484,10,499,rahu,
2026-08-11 01:31:38,0966783131,10,899,rahu,
2026-08-11 01:31:38,0957655858,10,499,rahu,
2026-08-11 01:31:38,0838327789,10,699,rahu,
2026-08-11 01:31:38,0954387111,10,699,khanthep,
2026-08-11 01:31:38,0953199990,10,999,naga,
2026-08-11 01:31:38,0962311119,10,999,naga,
2026-08-11 01:31:38,0956791119,10,999,naga,
2026-08-11 01:31:38,0962400009,10,999,naga,
2026-08-11 01:31:38,0961711115,10,1999,ajchang,
2026-08-11 01:31:38,0966545111,10,1699,ajchang,
2026-08-11 01:31:38,0953654448,10,1699,ajchang,
2026-08-11 01:31:38,0953211212,10,899,ajchang,
2026-08-11 01:31:38,0961344449,10,899,ajchang,
2026-08-11 01:31:38,0951755552,10,899,ajchang,
2026-08-11 01:31:38,0957652666,10,899,ajchang,
2026-08-11 01:31:38,0967544441,10,899,ajchang,
2026-08-11 01:31:38,0638455567,10,499,ajchang,
2026-08-11 01:31:38,0963165444,10,499,emperor,
2026-08-11 01:31:38,0954344462,10,499,emperor,
2026-08-11 01:31:38,0953459222,10,499,emperor,
2026-08-11 01:31:38,0967816664,10,499,emperor,
2026-08-11 01:31:38,0957651119,10,499,emperor,
2026-08-11 01:31:38,0953459111,10,499,emperor,
2026-08-11 01:31:38,0954344426,10,499,emperor,
2026-08-11 01:31:41,0961233331,14,899,universal
2026-08-11 01:31:41,0832108777,14,499,rahu
2026-08-11 01:31:41,0838389000,12,699,rahu
2026-08-11 01:31:41,0658871234,11,899,rahu
2026-08-11 01:31:41,0938266789,11,899,rahu
2026-08-11 01:31:41,0961955553,10,1699,universal
2026-08-11 01:31:41,0955733330,10,899,universal
2026-08-11 01:31:41,0641311118,10,1199,universal
2026-08-11 01:31:41,0886987874,10,699,universal
2026-08-11 01:31:41,0829543332,10,499,rahu
2026-08-11 01:31:41,0957500009,10,999,naga
2026-08-11 01:31:41,0972965444,10,1199,ajchang
2026-08-11 01:31:41,0903211139,10,499,ajchang
2026-08-11 01:31:41,0956799930,10,499,ajchang
2026-08-11 01:31:45,0955654333,14,699,universal,
2026-08-11 01:31:45,0832108777,14,499,rahu,
2026-08-11 01:31:45,0643211149,14,499,ajchang,
2026-08-11 01:31:45,0967654446,14,899,ajchang,
2026-08-11 01:31:45,0962432111,14,599,ajchang,
2026-08-11 01:31:45,0957654222,14,499,emperor,
2026-08-11 01:31:45,0957654442,14,499,emperor,
2026-08-11 01:31:45,0658763000,13,499,rahu,
2026-08-11 01:31:45,0837821000,13,699,rahu,
2026-08-11 01:31:49,0957654442,14,899,ajchang,
2026-08-11 01:31:49,0957654222,14,499,emperor,
2026-08-11 01:31:49,0999981814,13,699,universal,
2026-08-11 01:31:49,0646987000,13,699,universal,
2026-08-11 01:31:49,0959532111,13,699,universal,
2026-08-11 01:31:49,0955545431,13,899,universal,
2026-08-11 01:31:49,0647821000,13,499,rahu,
2026-08-11 01:31:49,0826264000,12,499,rahu,
2026-08-11 01:31:49,0855206789,11,499,rahu,NEW
2026-08-11 01:31:49,0889491234,11,499,rahu,NEW
2026-08-11 01:31:49,0957654466,11,499,emperor,
2026-08-11 01:31:49,0967654664,11,499,emperor,
2026-08-11 01:31:49,0967654422,11,499,emperor,
2026-08-11 01:31:49,0967654224,11,499,emperor,
2026-08-11 01:31:49,0957433334,10,1199,universal,
2026-08-11 01:31:49,0963423444,10,699,universal,
2026-08-11 01:31:49,0803965444,10,899,universal,
2026-08-11 01:31:49,0967488880,10,899,universal,
2026-08-11 01:31:49,0967133336,10,899,universal,
2026-08-11 01:31:49,0954211115,10,899,universal,
2026-08-11 01:31:49,0956726222,10,899,universal,
2026-08-11 01:31:49,0956765222,10,699,universal,
2026-08-11 01:31:49,0938788885,10,1199,universal,
2026-08-11 01:31:49,0956746222,10,699,universal,
2026-08-11 01:31:49,0954211113,10,899,universal,
2026-08-11 01:31:49,0963611117,10,899,universal,
2026-08-11 01:31:49,0826012228,10,699,rahu,
2026-08-11 01:31:49,0938377789,10,699,rahu,
2026-08-11 01:31:49,0966587676,10,899,rahu,
2026-08-11 01:31:49,0963211178,10,699,rahu,NEW
2026-08-11 01:31:49,0963733339,10,999,naga,
2026-08-11 01:31:49,0967600009,10,999,naga,
2026-08-11 01:31:49,0951633339,10,999,naga,
2026-08-11 01:31:49,0962347779,10,699,naga,
2026-08-11 01:31:49,0956719222,10,699,naga,
2026-08-11 01:31:49,0954394777,10,699,naga,
2026-08-11 01:31:49,0963677779,10,999,naga,
2026-08-11 01:31:49,0962400009,10,999,naga,
2026-08-11 01:31:49,0963411119,10,999,naga,
2026-08-11 01:31:49,0956733391,10,699,naga,
2026-08-11 01:31:49,0956545111,10,1699,ajchang,
2026-08-11 01:31:49,0961788881,10,599,ajchang,
2026-08-11 01:31:49,0953219222,10,899,ajchang,
2026-08-11 01:31:49,0966755551,10,899,ajchang,
2026-08-11 01:31:49,0963216662,10,899,ajchang,
2026-08-11 01:31:49,0952576555,10,599,ajchang,
2026-08-11 01:31:49,0855543796,10,499,ajchang,
2026-08-11 01:31:49,0855567133,10,499,ajchang,
2026-08-11 01:31:49,0855543023,10,499,ajchang,
2026-08-11 01:31:49,0825811123,10,499,ajchang,
2026-08-11 01:31:49,0957651119,10,499,emperor,
2026-08-11 01:31:49,0953211159,10,499,emperor,
2026-08-11 01:31:49,0954344426,10,499,emperor,
2026-08-11 01:31:49,0957645666,10,499,emperor,
2026-08-11 01:31:49,0963165444,10,499,emperor,
2026-08-11 01:31:49,0953459222,10,499,emperor,
2026-08-11 01:31:49,0967816664,10,499,emperor,
2026-08-11 01:31:49,0953459111,10,499,emperor,
2026-08-11 01:31:51,0956744447,14,1199,universal
2026-08-11 01:31:51,0812344417,14,499,ajchang
2026-08-11 01:31:51,0968678000,13,699,universal
2026-08-11 01:31:51,0963212777,10,699,universal
2026-08-11 01:31:51,0952611110,10,899,universal
2026-08-11 01:31:51,0957651222,10,699,universal
2026-08-11 01:31:51,0961232444,10,699,universal
2026-08-11 01:31:51,0837156777,10,499,rahu
2026-08-11 01:31:51,0966377779,10,999,naga
2026-08-11 01:31:51,0826411123,10,499,ajchang
2026-08-11 01:31:51,0954311170,10,499,ajchang
2026-08-11 01:32:00,0967765444,14,899,ajchang,
2026-08-11 01:32:00,0963456661,14,499,emperor,
2026-08-11 01:32:00,0963411234,11,699,universal,
2026-08-11 01:32:00,0858570123,11,699,rahu,
2026-08-11 01:32:00,0918121234,11,899,rahu,NEW
2026-08-11 01:32:00,0967654646,11,499,emperor,
2026-08-11 01:32:00,0967654224,11,499,emperor,
2026-08-11 01:32:00,0967654422,11,499,emperor,
2026-08-11 01:32:00,0957654646,11,499,emperor,
2026-08-11 01:32:00,0955437444,10,699,universal,
2026-08-11 01:32:00,0955675444,10,699,universal,
2026-08-11 01:32:00,0956757557,10,1199,universal,
2026-08-11 01:32:00,0959366661,10,1699,universal,
2026-08-11 01:32:00,0962655550,10,1499,universal,
2026-08-11 01:32:00,0955744443,10,899,universal,
2026-08-11 01:32:00,0829155553,10,1699,universal,
2026-08-11 01:32:00,0645765666,10,899,universal,
2026-08-11 01:32:00,0855354343,10,499,rahu,
2026-08-11 01:32:00,0825567775,10,499,rahu,
2026-08-11 01:32:00,0644466782,10,499,rahu,
2026-08-11 01:32:00,0966632161,10,699,khanthep,
2026-08-11 01:32:00,0961711116,10,1199,khanthep,
2026-08-11 01:32:00,0967871114,10,699,khanthep,
2026-08-11 01:32:00,0962533338,10,1199,khanthep,
2026-08-11 01:32:00,0957644449,10,999,naga,
2026-08-11 01:32:00,0956791119,10,999,naga,
2026-08-11 01:32:00,0966711119,10,999,naga,
2026-08-11 01:32:00,0957511119,10,999,naga,
2026-08-11 01:32:00,0962733339,10,999,naga,
2026-08-11 01:32:00,0953822225,10,1999,ajchang,
2026-08-11 01:32:00,0966546111,10,1699,ajchang,
2026-08-11 01:32:00,0951654111,10,1699,ajchang,
2026-08-11 01:32:00,0956541222,10,1699,ajchang,
2026-08-11 01:32:00,0963211166,10,899,ajchang,
2026-08-11 01:32:00,0963766662,10,899,ajchang,
2026-08-11 01:32:00,0644487012,10,499,ajchang,
2026-08-11 01:32:00,0802344471,10,499,ajchang,
2026-08-11 01:32:00,0953211163,10,499,ajchang,
2026-08-11 01:32:00,0954344426,10,499,emperor,
2026-08-11 01:32:00,0967456999,10,499,emperor,
2026-08-11 01:32:00,0957645666,10,499,emperor,
2026-08-11 01:32:00,0957651119,10,499,emperor,
2026-08-11 01:32:00,0954311165,10,499,emperor,
2026-08-11 01:32:01,0956543777,14,699,universal
2026-08-11 01:32:01,0839874000,13,499,rahu
2026-08-11 01:32:01,0803611234,11,499,rahu
2026-08-11 01:32:01,0956577775,10,1199,universal
2026-08-11 01:32:01,0956744477,10,1199,universal
2026-08-11 01:32:01,0958766655,10,899,universal
2026-08-11 01:32:01,0646321888,10,699,universal
2026-08-11 01:32:01,0962655557,10,899,universal
2026-08-11 01:32:01,0963577775,10,1199,universal
2026-08-11 01:32:01,0963234447,10,699,universal
2026-08-11 01:32:01,0963244440,10,899,universal
2026-08-11 01:32:01,0956713222,10,699,universal
2026-08-11 01:32:01,0954314333,10,699,universal
2026-08-11 01:32:01,0957400003,10,899,universal
2026-08-11 01:32:01,0658087666,10,499,rahu
2026-08-11 01:32:01,0967144441,10,1999,ajchang
2026-08-11 01:32:08,0963432111,14,699,universal,
2026-08-11 01:32:08,0829432111,14,499,rahu,
2026-08-11 01:32:08,0963211119,14,999,naga,
2026-08-11 01:32:08,0957654442,14,499,emperor,
2026-08-11 01:32:08,0963456661,14,499,emperor,
2026-08-11 01:32:08,0957654222,14,499,emperor,
2026-08-11 01:32:08,0832321116,13,499,rahu,
2026-08-11 01:32:08,0858563000,12,699,rahu,
2026-08-11 01:32:11,0963456663,14,699,universal,
2026-08-11 01:32:11,0855532103,14,499,ajchang,
2026-08-11 01:32:11,0957654222,14,499,emperor,
2026-08-11 01:32:11,0967654446,14,499,emperor,
2026-08-11 01:32:11,0855434000,13,499,rahu,
2026-08-11 01:32:11,0832321444,13,499,rahu,
2026-08-11 01:32:11,0909758000,12,499,rahu,
2026-08-11 01:32:11,0961433456,11,699,universal,
2026-08-11 01:32:11,0956782823,11,699,rahu,
2026-08-11 01:32:11,0956543993,11,699,naga,
2026-08-11 01:32:11,0957654646,11,499,emperor,
2026-08-11 01:32:11,0967654422,11,499,emperor,
2026-08-11 01:32:11,0966547474,10,1699,universal,
2026-08-11 01:32:11,0966654783,10,899,universal,
2026-08-11 01:32:11,0967566662,10,899,universal,
2026-08-11 01:32:11,0957123111,10,699,universal,
2026-08-11 01:32:11,0967829111,10,699,universal,
2026-08-11 01:32:11,0963765111,10,699,universal,
2026-08-11 01:32:11,0643280009,10,499,rahu,
2026-08-11 01:32:11,0832151777,10,499,rahu,
2026-08-11 01:32:11,0829054333,10,499,rahu,
2026-08-11 01:32:11,0658243222,10,899,rahu,
2026-08-11 01:32:11,0858761444,10,899,rahu,
2026-08-11 01:32:11,0646678222,10,499,rahu,
2026-08-11 01:32:11,0967878338,10,699,khanthep,
2026-08-11 01:32:11,0954397666,10,699,naga,
2026-08-11 01:32:11,0955679444,10,699,naga,
2026-08-11 01:32:11,0966377779,10,999,naga,
2026-08-11 01:32:11,0962344439,10,999,naga,
2026-08-11 01:32:11,0955567779,10,699,naga,
2026-08-11 01:32:11,0953211129,10,999,naga,
2026-08-11 01:32:11,0963567779,10,699,naga,
2026-08-11 01:32:11,0956749222,10,699,naga,
2026-08-11 01:32:11,0956549111,10,699,naga,
2026-08-11 01:32:11,0962744445,10,899,ajchang,
2026-08-11 01:32:11,0962765666,10,899,ajchang,
2026-08-11 01:32:11,0956711616,10,899,ajchang,
2026-08-11 01:32:11,0955543157,10,499,ajchang,
2026-08-11 01:32:11,0954311165,10,499,emperor,
2026-08-11 01:32:11,0953459111,10,499,emperor,
2026-08-11 01:32:13,0855586789,14,899,rahu
2026-08-11 01:32:13,0953234666,10,699,universal
2026-08-11 01:32:13,0954176555,10,699,universal
2026-08-11 01:32:13,0967244447,10,899,universal
2026-08-11 01:32:13,0962323443,10,699,universal
2026-08-11 01:32:13,0952676555,10,699,universal
2026-08-11 01:32:13,0825254334,10,499,rahu
2026-08-11 01:32:13,0952877772,10,1199,rahu
2026-08-11 01:32:13,0836012224,10,699,rahu
2026-08-11 01:32:13,0954211115,10,1999,ajchang
2026-08-11 01:32:13,0826788891,10,499,ajchang
2026-08-11 01:32:22,0963456663,14,699,universal,
2026-08-11 01:32:22,0967654446,14,499,emperor,
2026-08-11 01:32:22,0957654222,14,499,emperor,
2026-08-11 01:32:22,0957654442,14,499,emperor,
2026-08-11 01:32:22,0963456661,14,499,emperor,
2026-08-11 01:32:22,0820654000,13,499,rahu,
2026-08-11 01:32:22,0858591234,11,899,rahu,NEW
2026-08-11 01:32:22,0957654646,11,499,emperor,
2026-08-11 01:32:22,0967654422,11,499,emperor,
2026-08-11 01:32:22,0961766667,10,1199,universal,
2026-08-11 01:32:22,0961344447,10,899,universal,
2026-08-11 01:32:22,0956727227,10,1199,universal,
2026-08-11 01:32:22,0963411117,10,899,universal,
2026-08-11 01:32:22,0958768884,10,699,universal,
2026-08-11 01:32:22,0954388282,10,899,universal,
2026-08-11 01:32:22,0953654448,10,499,rahu,
2026-08-11 01:32:22,0825321114,10,499,rahu,
2026-08-11 01:32:22,0834575556,10,499,rahu,
2026-08-11 01:32:22,0834572221,10,499,rahu,
2026-08-11 01:32:22,0967388881,10,1199,rahu,
2026-08-11 01:32:22,0967422225,10,1199,khanthep,
2026-08-11 01:32:22,0961533335,10,1199,khanthep,
2026-08-11 01:32:22,0966321515,10,699,khanthep,
2026-08-11 01:32:22,0956795777,10,699,naga,
2026-08-11 01:32:22,0956759111,10,699,naga,
2026-08-11 01:32:22,0967432999,10,699,naga,
2026-08-11 01:32:22,0961366669,10,999,naga,
2026-08-11 01:32:22,0954543993,10,699,naga,
2026-08-11 01:32:22,0954393666,10,699,naga,
2026-08-11 01:32:22,0953500009,10,999,naga,
2026-08-11 01:32:22,0962611117,10,1999,ajchang,
2026-08-11 01:32:22,0951711116,10,1999,ajchang,
2026-08-11 01:32:22,0967144446,10,1499,ajchang,
2026-08-11 01:32:22,0957188886,10,1499,ajchang,
2026-08-11 01:32:22,0962722226,10,899,ajchang,
2026-08-11 01:32:22,0956725666,10,899,ajchang,
2026-08-11 01:32:22,0963744441,10,899,ajchang,
2026-08-11 01:32:22,0956754445,10,899,ajchang,
2026-08-11 01:32:22,0955584568,10,499,ajchang,
2026-08-11 01:32:22,0955567066,10,499,ajchang,
2026-08-11 01:32:22,0938744432,10,499,ajchang,
2026-08-11 01:32:22,0957655514,10,499,ajchang,
2026-08-11 01:32:22,0967456999,10,499,emperor,
2026-08-11 01:32:22,0957645666,10,499,emperor,
2026-08-11 01:32:22,0953459111,10,499,emperor,
2026-08-11 01:32:22,0954311165,10,499,emperor,
2026-08-11 01:32:22,0957651119,10,499,emperor,
2026-08-11 01:32:22,0954344462,10,499,emperor,
2026-08-11 01:32:22,0967816664,10,499,emperor,
2026-08-11 01:32:22,0963165444,10,499,emperor,
2026-08-11 01:32:23,0834621000,13,499,rahu
2026-08-11 01:32:23,0889541234,11,499,rahu
2026-08-11 01:32:23,0855293456,11,499,rahu
2026-08-11 01:32:23,0967890600,11,499,rahu
2026-08-11 01:32:23,0954177775,10,899,universal
2026-08-11 01:32:23,0951656777,10,699,universal
2026-08-11 01:32:23,0954373331,10,699,universal
2026-08-11 01:32:23,0972876444,10,699,universal
2026-08-11 01:32:23,0832188444,10,899,universal
2026-08-11 01:32:23,0954319666,10,699,naga
2026-08-11 01:32:31,0956543222,14,699,universal,
2026-08-11 01:32:31,0834561115,14,499,rahu,
2026-08-11 01:32:31,0955433339,14,999,naga,
2026-08-11 01:32:31,0967655552,14,899,ajchang,
2026-08-11 01:32:31,0957654222,14,499,emperor,
2026-08-11 01:32:31,0957654442,14,499,emperor,
2026-08-11 01:32:31,0963456661,14,499,emperor,
2026-08-11 01:32:31,0967654446,14,499,emperor,
2026-08-11 01:32:31,0958021000,13,499,rahu,
2026-08-11 01:32:31,0834586000,13,699,rahu,
2026-08-11 01:32:31,0832146000,13,499,rahu,
2026-08-11 01:32:33,0967654446,14,499,emperor,
2026-08-11 01:32:33,0966543217,11,1199,universal,
2026-08-11 01:32:33,0889611234,11,499,rahu,NEW
2026-08-11 01:32:33,0826010123,11,699,rahu,
2026-08-11 01:32:33,0967654646,11,499,emperor,
2026-08-11 01:32:33,0967654224,11,499,emperor,
2026-08-11 01:32:33,0957654646,11,499,emperor,
2026-08-11 01:32:33,0953456822,11,499,emperor,
2026-08-11 01:32:33,0952349111,10,699,universal,
2026-08-11 01:32:33,0967836663,10,899,universal,
2026-08-11 01:32:33,0953711117,10,1199,universal,
2026-08-11 01:32:33,0641544447,10,1699,universal,
2026-08-11 01:32:33,0967765554,10,699,universal,
2026-08-11 01:32:33,0956764333,10,699,universal,
2026-08-11 01:32:33,0957345444,10,899,universal,
2026-08-11 01:32:33,0832152223,10,499,rahu,
2026-08-11 01:32:33,0955788883,10,1199,rahu,
2026-08-11 01:32:33,0961388880,10,499,rahu,
2026-08-11 01:32:33,0961711116,10,1199,khanthep,
2026-08-11 01:32:33,0961722229,10,999,naga,
2026-08-11 01:32:33,0953177779,10,999,naga,
2026-08-11 01:32:33,0954533339,10,999,naga,
2026-08-11 01:32:33,0954543399,10,699,naga,
2026-08-11 01:32:33,0956749333,10,699,naga,
2026-08-11 01:32:33,0967199993,10,999,naga,
2026-08-11 01:32:33,0956799923,10,699,naga,
2026-08-11 01:32:33,0954600009,10,999,naga,
2026-08-11 01:32:33,0963211129,10,999,naga,
2026-08-11 01:32:33,0963700009,10,999,naga,
2026-08-11 01:32:33,0954393111,10,699,naga,
2026-08-11 01:32:33,0961511117,10,1999,ajchang,
2026-08-11 01:32:33,0952488883,10,1999,ajchang,
2026-08-11 01:32:33,0967455554,10,899,ajchang,
2026-08-11 01:32:33,0963711116,10,899,ajchang,
2026-08-11 01:32:33,0842166678,10,499,ajchang,
2026-08-11 01:32:33,0643255590,10,499,ajchang,
2026-08-11 01:32:33,0644487672,10,499,ajchang,
2026-08-11 01:32:33,0903211178,10,499,ajchang,
2026-08-11 01:32:33,0957651119,10,499,emperor,
2026-08-11 01:32:33,0954344462,10,499,emperor,
2026-08-11 01:32:33,0953459222,10,499,emperor,
2026-08-11 01:32:33,0953211159,10,499,emperor,
2026-08-11 01:32:33,0967456999,10,499,emperor,
2026-08-11 01:32:33,0963165444,10,499,emperor,
2026-08-11 01:32:33,0954311165,10,499,emperor,
2026-08-11 01:32:34,0834561115,14,499,rahu
2026-08-11 01:32:34,0809711234,11,499,rahu
2026-08-11 01:32:34,0829010123,11,699,rahu
2026-08-11 01:32:34,0963217333,10,699,universal
2026-08-11 01:32:34,0956433339,10,899,universal
2026-08-11 01:32:34,0646832111,10,899,rahu
2026-08-11 01:32:34,0832140666,10,499,rahu
2026-08-11 01:32:34,0825567778,10,499,rahu
2026-08-11 01:32:34,0902108555,10,499,rahu
2026-08-11 01:32:34,0902678333,10,499,rahu
2026-08-11 01:32:34,0956411112,10,1999,ajchang
2026-08-11 01:32:34,0957545666,10,899,ajchang
2026-08-11 01:32:34,0855516788,10,499,ajchang
2026-08-11 01:32:34,0834322265,10,499,ajchang
2026-08-11 01:32:34,0955578767,10,499,ajchang
2026-08-11 01:32:34,0839044432,10,499,ajchang
2026-08-11 01:32:44,0967144443,10,899,universal
2026-08-11 01:32:44,0643258666,10,699,universal
2026-08-11 01:32:44,0953622227,10,899,universal
2026-08-11 01:32:44,0957433330,10,899,universal
2026-08-11 01:32:44,0963765556,10,899,universal
2026-08-11 01:32:44,0955377770,10,899,universal
2026-08-11 01:32:44,0954352333,10,699,universal
2026-08-11 01:32:44,0954711115,10,899,universal
2026-08-11 01:32:44,0886544426,10,699,universal
2026-08-11 01:32:44,0970565444,10,899,universal
2026-08-11 01:32:44,0962644440,10,1499,universal
2026-08-11 01:32:44,0963466660,10,899,universal
2026-08-11 01:32:44,0967200003,10,899,universal
2026-08-11 01:32:44,0956567227,10,699,universal
2026-08-11 01:32:44,0967823444,10,499,rahu
2026-08-11 01:32:44,0963211178,10,699,rahu
2026-08-11 01:32:44,0953166662,10,899,ajchang
2026-08-11 01:32:44,0954318882,10,499,ajchang
2026-08-11 01:32:44,0802344406,10,499,ajchang
2026-08-11 01:32:44,0829321000,17,499,rahu,
2026-08-11 01:32:44,0956711114,14,899,ajchang,
2026-08-11 01:32:44,0812344417,14,499,ajchang,
2026-08-11 01:32:44,0963456661,14,499,emperor,
2026-08-11 01:32:44,0967654446,14,499,emperor,
2026-08-11 01:32:44,0957654442,14,499,emperor,
2026-08-11 01:32:44,0957654222,14,499,emperor,
2026-08-11 01:32:44,0962828000,12,699,rahu,
2026-08-11 01:32:44,0954323377,11,699,universal,
2026-08-11 01:32:44,0954321771,11,699,universal,
2026-08-11 01:32:44,0855123458,11,699,rahu,NEW
2026-08-11 01:32:44,0838346789,11,899,rahu,NEW
2026-08-11 01:32:44,0958836789,11,899,rahu,NEW
2026-08-11 01:32:44,0953456822,11,499,emperor,
2026-08-11 01:32:44,0967654422,11,499,emperor,
2026-08-11 01:32:44,0967654646,11,499,emperor,
2026-08-11 01:32:44,0967654664,11,499,emperor,
2026-08-11 01:32:44,0918376555,10,699,universal,
2026-08-11 01:32:44,0957366660,10,899,universal,
2026-08-11 01:32:44,0955477776,10,899,universal,
2026-08-11 01:32:44,0964200006,10,899,universal,
2026-08-11 01:32:44,0961755554,10,899,universal,
2026-08-11 01:32:44,0952312333,10,699,universal,
2026-08-11 01:32:44,0952343555,10,699,universal,
2026-08-11 01:32:44,0963567111,10,699,universal,
2026-08-11 01:32:44,0964100009,10,899,universal,
2026-08-11 01:32:44,0953214441,10,899,universal,
2026-08-11 01:32:44,0967100008,10,899,universal,
2026-08-11 01:32:44,0953411117,10,899,universal,
2026-08-11 01:32:44,0967577772,10,1199,universal,
2026-08-11 01:32:44,0858321666,10,699,universal,
2026-08-11 01:32:44,0967200008,10,499,rahu,
2026-08-11 01:32:44,0646782111,10,499,rahu,
2026-08-11 01:32:44,0837567772,10,499,rahu,
2026-08-11 01:32:44,0955177771,10,1199,khanthep,
2026-08-11 01:32:44,0957166661,10,1199,khanthep,
2026-08-11 01:32:44,0967399990,10,999,naga,
2026-08-11 01:32:44,0957499993,10,999,naga,
2026-08-11 01:32:44,0963677779,10,999,naga,
2026-08-11 01:32:44,0954319777,10,699,naga,
2026-08-11 01:32:44,0963200009,10,999,naga,
2026-08-11 01:32:44,0956311119,10,999,naga,
2026-08-11 01:32:44,0957651119,10,699,naga,
2026-08-11 01:32:44,0961633339,10,999,naga,
2026-08-11 01:32:44,0955591432,10,999,naga,
2026-08-11 01:32:44,0957722229,10,999,naga,
2026-08-11 01:32:44,0953499996,10,999,naga,
2026-08-11 01:32:44,0952511112,10,1999,ajchang,
2026-08-11 01:32:44,0967166664,10,1499,ajchang,
2026-08-11 01:32:44,0963122221,10,899,ajchang,
2026-08-11 01:32:44,0957322224,10,899,ajchang,
2026-08-11 01:32:44,0956721444,10,899,ajchang,
2026-08-11 01:32:44,0961432999,10,599,ajchang,
2026-08-11 01:32:44,0967411116,10,899,ajchang,
2026-08-11 01:32:44,0953766662,10,899,ajchang,
2026-08-11 01:32:44,0835210222,10,499,ajchang,
2026-08-11 01:32:44,0849855567,10,499,ajchang,
2026-08-11 01:32:44,0643288870,10,499,ajchang,
2026-08-11 01:32:44,0955567033,10,499,ajchang,
2026-08-11 01:32:44,0648544432,10,499,ajchang,
2026-08-11 01:32:44,0840122256,10,499,ajchang,
2026-08-11 01:32:44,0953211159,10,499,emperor,
2026-08-11 01:32:44,0954344426,10,499,emperor,
2026-08-11 01:32:44,0963165444,10,499,emperor,
2026-08-11 01:32:44,0957645666,10,499,emperor,
2026-08-11 01:32:44,0953459111,10,499,emperor,
2026-08-11 01:32:55,0961654333,14,699,universal,
2026-08-11 01:32:55,0956543222,14,699,universal,
2026-08-11 01:32:55,0834566671,14,499,ajchang,
2026-08-11 01:32:55,0956788840,14,499,ajchang,
2026-08-11 01:32:55,0957654442,14,499,emperor,
2026-08-11 01:32:55,0957654222,14,499,emperor,
2026-08-11 01:32:55,0963456661,14,499,emperor,
2026-08-11 01:32:55,0967654446,14,499,emperor,
2026-08-11 01:32:55,0834721000,13,499,rahu,
2026-08-11 01:32:55,0826121000,13,699,rahu,
2026-08-11 01:32:55,0967825000,13,499,rahu,
2026-08-11 01:32:55,0909522234,13,499,ajchang,
2026-08-11 01:32:56,0951654333,14,699,universal
2026-08-11 01:32:56,0855540123,14,699,rahu
2026-08-11 01:32:56,0840499995,10,1499,universal
2026-08-11 01:32:56,0953655550,10,1499,universal
2026-08-11 01:32:56,0802465444,10,1199,universal
2026-08-11 01:32:56,0952342333,10,699,universal
2026-08-11 01:32:56,0963477770,10,899,universal
2026-08-11 01:32:56,0610128887,10,699,rahu
2026-08-11 01:32:56,0966612383,10,699,rahu
2026-08-11 01:32:56,0967366662,10,899,ajchang
2026-08-11 01:32:56,0968766621,10,899,ajchang
2026-08-11 01:32:56,0834611123,10,499,ajchang
2026-08-11 01:32:56,0963456661,14,499,emperor,
2026-08-11 01:32:56,0967654446,14,499,emperor,
2026-08-11 01:32:56,0957654442,14,499,emperor,
2026-08-11 01:32:56,0832138000,13,699,rahu,
2026-08-11 01:32:56,0825858000,12,699,rahu,
2026-08-11 01:32:56,0855861234,11,899,rahu,NEW
2026-08-11 01:32:56,0858570123,11,699,rahu,
2026-08-11 01:32:56,0837133456,11,499,rahu,NEW
2026-08-11 01:32:56,0886351234,11,499,rahu,NEW
2026-08-11 01:32:56,0957654646,11,499,emperor,
2026-08-11 01:32:56,0967654224,11,499,emperor,
2026-08-11 01:32:56,0953456822,11,499,emperor,
2026-08-11 01:32:56,0967654646,11,499,emperor,
2026-08-11 01:32:56,0956233335,10,899,universal,
2026-08-11 01:32:56,0957455552,10,1199,universal,
2026-08-11 01:32:56,0957345444,10,899,universal,
2026-08-11 01:32:56,0970422229,10,899,universal,
2026-08-11 01:32:56,0954342777,10,699,universal,
2026-08-11 01:32:56,0955344440,10,899,universal,
2026-08-11 01:32:56,0956721222,10,899,universal,
2026-08-11 01:32:56,0953321313,10,699,universal,
2026-08-11 01:32:56,0826355550,10,1499,universal,
2026-08-11 01:32:56,0963214441,10,899,universal,
2026-08-11 01:32:56,0954433337,10,1199,universal,
2026-08-11 01:32:56,0967659444,10,699,universal,
2026-08-11 01:32:56,0954233337,10,899,universal,
2026-08-11 01:32:56,0953122227,10,899,universal,
2026-08-11 01:32:56,0967123777,10,699,universal,
2026-08-11 01:32:56,0955543777,10,699,universal,
2026-08-11 01:32:56,0838123330,10,699,rahu,
2026-08-11 01:32:56,0855187666,10,499,rahu,
2026-08-11 01:32:56,0855354343,10,499,rahu,
2026-08-11 01:32:56,0963611117,10,1199,khanthep,
2026-08-11 01:32:56,0963833335,10,1199,khanthep,
2026-08-11 01:32:56,0954364777,10,699,khanthep,
2026-08-11 01:32:56,0956733391,10,699,naga,
2026-08-11 01:32:56,0962377779,10,999,naga,
2026-08-11 01:32:56,0962533339,10,999,naga,
2026-08-11 01:32:56,0962733339,10,999,naga,
2026-08-11 01:32:56,0967399992,10,999,naga,
2026-08-11 01:32:56,0961422225,10,1999,ajchang,
2026-08-11 01:32:56,0968566661,10,1999,ajchang,
2026-08-11 01:32:56,0645615444,10,1699,ajchang,
2026-08-11 01:32:56,0953466664,10,899,ajchang,
2026-08-11 01:32:56,0953219222,10,899,ajchang,
2026-08-11 01:32:56,0952341444,10,899,ajchang,
2026-08-11 01:32:56,0966765151,10,899,ajchang,
2026-08-11 01:32:56,0966876161,10,599,ajchang,
2026-08-11 01:32:56,0961734555,10,599,ajchang,
2026-08-11 01:32:56,0903211108,10,499,ajchang,
2026-08-11 01:32:56,0643452111,10,499,ajchang,
2026-08-11 01:32:56,0954344462,10,499,emperor,
2026-08-11 01:32:56,0953211159,10,499,emperor,
2026-08-11 01:32:56,0963165444,10,499,emperor,
2026-08-11 01:32:56,0953459222,10,499,emperor,
2026-08-11 01:32:56,0967456999,10,499,emperor,
2026-08-11 01:32:56,0953459111,10,499,emperor,
2026-08-11 01:32:56,0957651119,10,499,emperor,
2026-08-11 01:32:56,0967816664,10,499,emperor,
2026-08-11 01:32:56,0954311165,10,499,emperor,
2026-08-11 01:32:56,0954344426,10,499,emperor,
2026-08-11 01:32:56,0957645666,10,499,emperor,
2026-08-11 01:33:06,0886471234,11,499,rahu
2026-08-11 01:33:06,0837706789,11,499,rahu
2026-08-11 01:33:06,0961123737,10,699,universal
2026-08-11 01:33:06,0951366667,10,899,universal
2026-08-11 01:33:06,0963455525,10,899,universal
2026-08-11 01:33:06,0952733331,10,899,universal
2026-08-11 01:33:06,0957543334,10,899,universal
2026-08-11 01:33:06,0956711717,10,1199,universal
2026-08-11 01:33:06,0967765252,10,699,universal
2026-08-11 01:33:06,0959254333,10,699,universal
2026-08-11 01:33:06,0953211121,10,1199,universal
2026-08-11 01:33:06,0963277771,10,899,universal
2026-08-11 01:33:06,0954200006,10,899,universal
2026-08-11 01:33:06,0959366662,10,1699,universal
2026-08-11 01:33:06,0967244443,10,899,universal
2026-08-11 01:33:06,0834065444,10,499,rahu
2026-08-11 01:33:06,0963211128,10,699,rahu
2026-08-11 01:33:06,0832567111,10,499,rahu
2026-08-11 01:33:06,0889601222,10,499,rahu
2026-08-11 01:33:06,0840122265,10,499,ajchang
2026-08-11 01:33:06,0954678884,10,499,ajchang
2026-08-11 01:33:07,0954322666,14,899,universal,
2026-08-11 01:33:07,0832105444,14,499,rahu,
2026-08-11 01:33:07,0957654222,14,499,emperor,
2026-08-11 01:33:07,0957654442,14,499,emperor,
2026-08-11 01:33:07,0967826000,13,499,rahu,
2026-08-11 01:33:07,0953533338,13,1199,khanthep,
2026-08-11 01:33:07,0962722345,11,699,universal,
2026-08-11 01:33:07,0820833456,11,699,rahu,NEW
2026-08-11 01:33:07,0968543232,11,499,rahu,
2026-08-11 01:33:07,0973394321,11,699,naga,
2026-08-11 01:33:07,0967654422,11,499,emperor,
2026-08-11 01:33:07,0967654646,11,499,emperor,
2026-08-11 01:33:07,0957654466,11,499,emperor,
2026-08-11 01:33:07,0967654224,11,499,emperor,
2026-08-11 01:33:07,0953456822,11,499,emperor,
2026-08-11 01:33:07,0956533334,10,899,universal,
2026-08-11 01:33:07,0954369666,10,899,universal,
2026-08-11 01:33:07,0967732121,10,699,universal,
2026-08-11 01:33:07,0953211414,10,899,universal,
2026-08-11 01:33:07,0962322221,10,1199,universal,
2026-08-11 01:33:07,0838654666,10,699,universal,
2026-08-11 01:33:07,0812352333,10,499,rahu,
2026-08-11 01:33:07,0645683332,10,499,rahu,
2026-08-11 01:33:07,0967344448,10,499,rahu,
2026-08-11 01:33:07,0957833337,10,1199,rahu,
2026-08-11 01:33:07,0958987772,10,499,rahu,
2026-08-11 01:33:07,0820128777,10,699,rahu,
2026-08-11 01:33:07,0953833336,10,1199,khanthep,
2026-08-11 01:33:07,0961612336,10,699,khanthep,
2026-08-11 01:33:07,0966464324,10,1199,khanthep,
2026-08-11 01:33:07,0963877771,10,1199,khanthep,
2026-08-11 01:33:07,0961311119,10,999,naga,
2026-08-11 01:33:07,0956797779,10,999,naga,
2026-08-11 01:33:07,0956400009,10,999,naga,
2026-08-11 01:33:07,0962799993,10,999,naga,
2026-08-11 01:33:07,0961633339,10,999,naga,
2026-08-11 01:33:07,0954600009,10,999,naga,
2026-08-11 01:33:07,0957155554,10,1499,ajchang,
2026-08-11 01:33:07,0952344949,10,899,ajchang,
2026-08-11 01:33:07,0958768884,10,899,ajchang,
2026-08-11 01:33:07,0967355556,10,899,ajchang,
2026-08-11 01:33:07,0956719666,10,899,ajchang,
2026-08-11 01:33:07,0956345558,10,899,ajchang,
2026-08-11 01:33:07,0956345111,10,899,ajchang,
2026-08-11 01:33:07,0962342226,10,899,ajchang,
2026-08-11 01:33:07,0963476555,10,599,ajchang,
2026-08-11 01:33:07,0955578767,10,499,ajchang,
2026-08-11 01:33:07,0954311165,10,499,emperor,
2026-08-11 01:33:07,0954344426,10,499,emperor,
2026-08-11 01:33:07,0957651119,10,499,emperor,
2026-08-11 01:33:07,0967456999,10,499,emperor,
2026-08-11 01:33:07,0953211159,10,499,emperor,
2026-08-11 01:33:07,0957645666,10,499,emperor,
2026-08-11 01:33:07,0953459222,10,499,emperor,
2026-08-11 01:33:07,0954344462,10,499,emperor,
2026-08-11 01:33:16,0963212111,13,1199,universal
2026-08-11 01:33:16,0954733456,11,699,universal
2026-08-11 01:33:16,0834471234,11,899,rahu
2026-08-11 01:33:16,0969123434,11,699,naga
2026-08-11 01:33:16,0956546667,10,699,universal
2026-08-11 01:33:16,0957755552,10,1199,universal
2026-08-11 01:33:16,0953216555,10,699,universal
2026-08-11 01:33:16,0954156777,10,699,universal
2026-08-11 01:33:16,0957677765,10,1199,universal
2026-08-11 01:33:16,0918788881,10,1199,universal
2026-08-11 01:33:16,0962354333,10,699,universal
2026-08-11 01:33:16,0962388887,10,1199,rahu
2026-08-11 01:33:16,0967355554,10,899,ajchang
2026-08-11 01:33:16,0967765551,10,899,ajchang
2026-08-11 01:33:16,0966732111,10,599,ajchang
2026-08-11 01:33:18,0954366665,14,899,ajchang,
2026-08-11 01:33:18,0957654222,14,499,emperor,
2026-08-11 01:33:18,0967654446,14,499,emperor,
2026-08-11 01:33:18,0963456661,14,499,emperor,
2026-08-11 01:33:18,0855898765,11,699,rahu,
2026-08-11 01:33:18,0835100123,11,699,rahu,
2026-08-11 01:33:18,0855146789,11,499,rahu,NEW
2026-08-11 01:33:18,0957654466,11,499,emperor,
2026-08-11 01:33:18,0953456822,11,499,emperor,
2026-08-11 01:33:18,0967654422,11,499,emperor,
2026-08-11 01:33:18,0956734666,10,699,universal,
2026-08-11 01:33:18,0956797779,10,1199,universal,
2026-08-11 01:33:18,0962366660,10,899,universal,
2026-08-11 01:33:18,0967365444,10,699,universal,
2026-08-11 01:33:18,0825439666,10,699,universal,
2026-08-11 01:33:18,0834505444,10,699,universal,
2026-08-11 01:33:18,0954374555,10,699,universal,
2026-08-11 01:33:18,0956766611,10,899,universal,
2026-08-11 01:33:18,0886541555,10,899,universal,
2026-08-11 01:33:18,0963212112,10,1199,universal,
2026-08-11 01:33:18,0967819555,10,699,universal,
2026-08-11 01:33:18,0956377776,10,899,universal,
2026-08-11 01:33:18,0960465444,10,899,universal,
2026-08-11 01:33:18,0967824443,10,499,rahu,
2026-08-11 01:33:18,0960121118,10,499,rahu,
2026-08-11 01:33:18,0855354343,10,499,rahu,
2026-08-11 01:33:18,0956544484,10,499,rahu,
2026-08-11 01:33:18,0955477778,10,1199,rahu,
2026-08-11 01:33:18,0957477778,10,1199,khanthep,
2026-08-11 01:33:18,0966632151,10,699,khanthep,
2026-08-11 01:33:18,0957122229,10,999,naga,
2026-08-11 01:33:18,0956792333,10,699,naga,
2026-08-11 01:33:18,0967433339,10,999,naga,
2026-08-11 01:33:18,0962433339,10,999,naga,
2026-08-11 01:33:18,0956799333,10,999,naga,
2026-08-11 01:33:18,0956795553,10,699,naga,
2026-08-11 01:33:18,0962799993,10,999,naga,
2026-08-11 01:33:18,0957766669,10,999,naga,
2026-08-11 01:33:18,0967432999,10,699,naga,
2026-08-11 01:33:18,0953219333,10,699,naga,
2026-08-11 01:33:18,0956796777,10,699,naga,
2026-08-11 01:33:18,0957299990,10,999,naga,
2026-08-11 01:33:18,0953212229,10,999,naga,
2026-08-11 01:33:18,0961411114,10,2199,ajchang,
2026-08-11 01:33:18,0962566661,10,1999,ajchang,
2026-08-11 01:33:18,0952144442,10,1999,ajchang,
2026-08-11 01:33:18,0962588887,10,1999,ajchang,
2026-08-11 01:33:18,0956741666,10,899,ajchang,
2026-08-11 01:33:18,0962346664,10,899,ajchang,
2026-08-11 01:33:18,0954311555,10,899,ajchang,
2026-08-11 01:33:18,0955675444,10,599,ajchang,
2026-08-11 01:33:18,0954374666,10,599,ajchang,
2026-08-11 01:33:18,0802344471,10,499,ajchang,
2026-08-11 01:33:18,0955520876,10,499,ajchang,
2026-08-11 01:33:18,0955567067,10,499,ajchang,
2026-08-11 01:33:18,0849855567,10,499,ajchang,
2026-08-11 01:33:18,0955567129,10,499,ajchang,
2026-08-11 01:33:18,0955576783,10,499,ajchang,
2026-08-11 01:33:18,0967816664,10,499,emperor,
2026-08-11 01:33:18,0954344426,10,499,emperor,
2026-08-11 01:33:18,0954344462,10,499,emperor,
2026-08-11 01:33:18,0957645666,10,499,emperor,
2026-08-11 01:33:18,0967456999,10,499,emperor,
2026-08-11 01:33:18,0953211159,10,499,emperor,
2026-08-11 01:33:20,0963456663,14,699,universal,
2026-08-11 01:33:20,0952543222,14,699,universal,
2026-08-11 01:33:20,0957655550,14,899,universal,
2026-08-11 01:33:20,0955123444,14,699,universal,
2026-08-11 01:33:20,0955433331,14,899,universal,
2026-08-11 01:33:20,0855567823,14,699,rahu,
2026-08-11 01:33:20,0832101444,14,499,rahu,
2026-08-11 01:33:20,0954329222,14,999,naga,
2026-08-11 01:33:20,0956788840,14,499,ajchang,
2026-08-11 01:33:20,0953432111,14,599,ajchang,
2026-08-11 01:33:20,0957654442,14,499,emperor,
2026-08-11 01:33:20,0957654222,14,499,emperor,
2026-08-11 01:33:20,0963456661,14,499,emperor,
2026-08-11 01:33:20,0967654446,14,499,emperor,
2026-08-11 01:33:20,0957577776,13,1199,universal,
2026-08-11 01:33:20,0968678000,13,699,universal,
2026-08-11 01:33:20,0938678000,13,499,rahu,
2026-08-11 01:33:20,0953533338,13,1199,khanthep,
2026-08-11 01:33:29,0832105333,14,499,rahu
2026-08-11 01:33:29,0938388886,13,1199,universal
2026-08-11 01:33:29,0955543435,13,499,ajchang
2026-08-11 01:33:29,0645676611,11,699,universal
2026-08-11 01:33:29,0953457444,10,699,universal
2026-08-11 01:33:29,0956747222,10,699,universal
2026-08-11 01:33:29,0967838338,10,1199,universal
2026-08-11 01:33:29,0954373336,10,699,universal
2026-08-11 01:33:29,0964123337,10,699,universal
2026-08-11 01:33:29,0957766663,10,1199,universal
2026-08-11 01:33:29,0953244440,10,899,universal
2026-08-11 01:33:29,0942376555,10,699,universal
2026-08-11 01:33:29,0967878338,10,899,rahu
2026-08-11 01:33:29,0955788880,10,499,rahu
2026-08-11 01:33:29,0963811123,10,499,ajchang
2026-08-11 01:33:29,0834322281,10,499,ajchang
2026-08-11 01:33:31,0955765454,14,699,universal,
2026-08-11 01:33:31,0955432444,14,699,universal,
2026-08-11 01:33:31,0956722226,14,899,ajchang,
2026-08-11 01:33:31,0963456661,14,499,emperor,
2026-08-11 01:33:31,0957654442,14,499,emperor,
2026-08-11 01:33:31,0957654222,14,499,emperor,
2026-08-11 01:33:31,0825581234,11,899,rahu,NEW
2026-08-11 01:33:31,0834560011,11,499,rahu,
2026-08-11 01:33:31,0967654422,11,499,emperor,
2026-08-11 01:33:31,0967654646,11,499,emperor,
2026-08-11 01:33:31,0967654224,11,499,emperor,
2026-08-11 01:33:31,0954277770,10,899,universal,
2026-08-11 01:33:31,0956711777,10,1199,universal,
2026-08-11 01:33:31,0834535666,10,1199,universal,
2026-08-11 01:33:31,0954633331,10,899,universal,
2026-08-11 01:33:31,0999982622,10,1499,universal,
2026-08-11 01:33:31,0961733336,10,899,universal,
2026-08-11 01:33:31,0953214999,10,699,universal,
2026-08-11 01:33:31,0961233636,10,899,universal,
2026-08-11 01:33:31,0957322226,10,899,universal,
2026-08-11 01:33:31,0963451116,10,699,universal,
2026-08-11 01:33:31,0961455550,10,1499,universal,
2026-08-11 01:33:31,0902678222,10,499,rahu,
2026-08-11 01:33:31,0958832111,10,899,rahu,
2026-08-11 01:33:31,0967188881,10,499,rahu,
2026-08-11 01:33:31,0855054343,10,499,rahu,
2026-08-11 01:33:31,0966477771,10,1199,khanthep,
2026-08-11 01:33:31,0962311119,10,999,naga,
2026-08-11 01:33:31,0962733339,10,999,naga,
2026-08-11 01:33:31,0956799937,10,699,naga,
2026-08-11 01:33:31,0956749666,10,699,naga,
2026-08-11 01:33:31,0961722229,10,999,naga,
2026-08-11 01:33:31,0954319666,10,699,naga,
2026-08-11 01:33:31,0963211149,10,699,naga,
2026-08-11 01:33:31,0957722229,10,999,naga,
2026-08-11 01:33:31,0964122225,10,1999,ajchang,
2026-08-11 01:33:31,0961654222,10,1699,ajchang,
2026-08-11 01:33:31,0957711116,10,899,ajchang,
2026-08-11 01:33:31,0961399994,10,899,ajchang,
2026-08-11 01:33:31,0956725444,10,899,ajchang,
2026-08-11 01:33:31,0967366664,10,899,ajchang,
2026-08-11 01:33:31,0955578767,10,499,ajchang,
2026-08-11 01:33:31,0903211185,10,499,ajchang,
2026-08-11 01:33:31,0644458123,10,499,ajchang,
2026-08-11 01:33:31,0954344426,10,499,emperor,
2026-08-11 01:33:31,0967456999,10,499,emperor,
2026-08-11 01:33:31,0954344462,10,499,emperor,
2026-08-11 01:33:31,0953459111,10,499,emperor,
2026-08-11 01:33:31,0963165444,10,499,emperor,
2026-08-11 01:33:31,0953459222,10,499,emperor,
2026-08-11 01:33:31,0953211159,10,499,emperor,
2026-08-11 01:33:31,0967816664,10,499,emperor,
2026-08-11 01:33:40,0955545435,13,899,universal
2026-08-11 01:33:40,0826268000,12,499,rahu
2026-08-11 01:33:40,0967433456,11,699,universal
2026-08-11 01:33:40,0938511234,11,899,rahu
2026-08-11 01:33:40,0838390123,11,699,rahu
2026-08-11 01:33:40,0802711234,11,499,rahu
2026-08-11 01:33:40,0972876888,10,699,universal
2026-08-11 01:33:40,0963466667,10,899,universal
2026-08-11 01:33:40,0955435111,10,699,universal
2026-08-11 01:33:40,0963123336,10,699,universal
2026-08-11 01:33:40,0967155550,10,899,universal
2026-08-11 01:33:40,0963722227,10,1199,universal
2026-08-11 01:33:40,0953654777,10,699,universal
2026-08-11 01:33:40,0834592220,10,499,rahu
2026-08-11 01:33:40,0832234777,10,499,rahu
2026-08-11 01:33:40,0967827111,10,499,rahu
2026-08-11 01:33:40,0954365111,10,899,ajchang
2026-08-11 01:33:40,0962765552,10,499,ajchang
2026-08-11 01:33:40,0955567487,10,499,ajchang
2026-08-11 01:33:44,0963765444,14,699,universal,
2026-08-11 01:33:44,0958766668,14,899,ajchang,
2026-08-11 01:33:44,0963456661,14,499,emperor,
2026-08-11 01:33:44,0967654446,14,499,emperor,
2026-08-11 01:33:44,0967836000,13,499,rahu,
2026-08-11 01:33:44,0658311234,11,899,rahu,NEW
2026-08-11 01:33:44,0957654646,11,899,ajchang,
2026-08-11 01:33:44,0967654224,11,499,emperor,
2026-08-11 01:33:44,0956752666,10,699,universal,
2026-08-11 01:33:44,0955343222,10,699,universal,
2026-08-11 01:33:44,0964177772,10,899,universal,
2026-08-11 01:33:44,0954766662,10,899,universal,
2026-08-11 01:33:44,0961477775,10,899,universal,
2026-08-11 01:33:44,0953123555,10,699,universal,
2026-08-11 01:33:44,0840422229,10,1199,universal,
2026-08-11 01:33:44,0966744449,10,899,universal,
2026-08-11 01:33:44,0956715777,10,699,universal,
2026-08-11 01:33:44,0956577770,10,899,universal,
2026-08-11 01:33:44,0967600007,10,899,universal,
2026-08-11 01:33:44,0953744447,10,1199,universal,
2026-08-11 01:33:44,0954393555,10,699,universal,
2026-08-11 01:33:44,0963234222,10,699,universal,
2026-08-11 01:33:44,0963744441,10,899,universal,
2026-08-11 01:33:44,0968355550,10,499,rahu,
2026-08-11 01:33:44,0963455585,10,499,rahu,
2026-08-11 01:33:44,0954387111,10,1199,rahu,
2026-08-11 01:33:44,0832127774,10,899,rahu,
2026-08-11 01:33:44,0834507333,10,499,rahu,
2026-08-11 01:33:44,0957477778,10,1199,khanthep,
2026-08-11 01:33:44,0967852444,10,699,khanthep,
2026-08-11 01:33:44,0967544449,10,999,naga,
2026-08-11 01:33:44,0956769666,10,999,naga,
2026-08-11 01:33:44,0956769111,10,699,naga,
2026-08-11 01:33:44,0956711193,10,699,naga,
2026-08-11 01:33:44,0957211119,10,999,naga,
2026-08-11 01:33:44,0962688883,10,1999,ajchang,
2026-08-11 01:33:44,0954311212,10,899,ajchang,
2026-08-11 01:33:44,0956725666,10,899,ajchang,
2026-08-11 01:33:44,0834511187,10,499,ajchang,
2026-08-11 01:33:44,0837511123,10,499,ajchang,
2026-08-11 01:33:44,0803455521,10,499,ajchang,
2026-08-11 01:33:44,0643455560,10,499,ajchang,
2026-08-11 01:33:44,0953211159,10,499,emperor,
2026-08-11 01:33:44,0954344462,10,499,emperor,
2026-08-11 01:33:44,0954311165,10,499,emperor,
2026-08-11 01:33:44,0953459222,10,499,emperor,
2026-08-11 01:33:44,0953459111,10,499,emperor,
2026-08-11 01:33:44,0954344426,10,499,emperor,
2026-08-11 01:33:44,0967816664,10,499,emperor,
2026-08-11 01:33:44,0955433336,14,899,universal,
2026-08-11 01:33:44,0855656782,14,699,rahu,
2026-08-11 01:33:44,0954329777,14,699,naga,
2026-08-11 01:33:44,0957765444,14,899,ajchang,
2026-08-11 01:33:44,0957654442,14,499,emperor,
2026-08-11 01:33:44,0967654446,14,499,emperor,
2026-08-11 01:33:44,0957654222,14,499,emperor,
2026-08-11 01:33:44,0963456661,14,499,emperor,
2026-08-11 01:33:44,0820654000,13,499,rahu,
2026-08-11 01:33:44,0826268000,12,499,rahu,
2026-08-11 01:33:50,0997821000,13,499,rahu
2026-08-11 01:33:50,0858678000,13,699,rahu
2026-08-11 01:33:50,0957433336,10,899,universal
2026-08-11 01:33:50,0957653444,10,699,universal
2026-08-11 01:33:50,0953733332,10,1199,universal
2026-08-11 01:33:50,0825439666,10,699,universal
2026-08-11 01:33:50,0956715222,10,699,universal
2026-08-11 01:33:50,0841744441,10,1499,universal
2026-08-11 01:33:50,0961455557,10,899,universal
2026-08-11 01:33:50,0954314666,10,699,universal
2026-08-11 01:33:50,0829321444,10,499,rahu
2026-08-11 01:33:50,0952987555,10,899,rahu
2026-08-11 01:33:50,0956793777,10,699,naga
2026-08-11 01:33:50,0956799937,10,699,naga
2026-08-11 01:33:50,0956791119,10,999,naga
2026-08-11 01:33:50,0961654222,10,1699,ajchang
2026-08-11 01:33:50,0956321444,10,899,ajchang
2026-08-11 01:33:50,0958766638,10,499,ajchang
2026-08-11 01:33:55,0954329222,14,999,naga,
2026-08-11 01:33:55,0953211116,14,899,ajchang,
2026-08-11 01:33:55,0957654222,14,499,emperor,
2026-08-11 01:33:55,0957654442,14,499,emperor,
2026-08-11 01:33:55,0963456661,14,499,emperor,
2026-08-11 01:33:55,0967654446,14,499,emperor,
2026-08-11 01:33:55,0803212000,13,499,rahu,
2026-08-11 01:33:55,0973394321,11,699,naga,
2026-08-11 01:33:55,0961432112,11,599,ajchang,
2026-08-11 01:33:55,0957654646,11,499,emperor,
2026-08-11 01:33:55,0967654422,11,499,emperor,
2026-08-11 01:33:55,0953456822,11,499,emperor,
2026-08-11 01:33:55,0637345999,10,699,universal,
2026-08-11 01:33:55,0960965444,10,899,universal,
2026-08-11 01:33:55,0957122221,10,1199,universal,
2026-08-11 01:33:55,0953611112,10,899,universal,
2026-08-11 01:33:55,0956751116,10,699,universal,
2026-08-11 01:33:55,0955543337,10,699,universal,
2026-08-11 01:33:55,0952733330,10,899,universal,
2026-08-11 01:33:55,0954366111,10,899,universal,
2026-08-11 01:33:55,0963734555,10,699,universal,
2026-08-11 01:33:55,0951711123,10,899,universal,
2026-08-11 01:33:55,0829366664,10,1699,universal,
2026-08-11 01:33:55,0958123339,10,899,rahu,
2026-08-11 01:33:55,0961433338,10,1199,rahu,
2026-08-11 01:33:55,0858769333,10,899,rahu,
2026-08-11 01:33:55,0820012220,10,699,rahu,
2026-08-11 01:33:55,0962788882,10,1199,rahu,
2026-08-11 01:33:55,0963987778,10,1199,khanthep,
2026-08-11 01:33:55,0954319222,10,699,naga,
2026-08-11 01:33:55,0956719777,10,699,naga,
2026-08-11 01:33:55,0956277779,10,999,naga,
2026-08-11 01:33:55,0956729666,10,699,naga,
2026-08-11 01:33:55,0961488885,10,1999,ajchang,
2026-08-11 01:33:55,0957144441,10,1999,ajchang,
2026-08-11 01:33:55,0957144449,10,1499,ajchang,
2026-08-11 01:33:55,0967299994,10,899,ajchang,
2026-08-11 01:33:55,0962765222,10,899,ajchang,
2026-08-11 01:33:55,0967134555,10,599,ajchang,
2026-08-11 01:33:55,0826788843,10,499,ajchang,
2026-08-11 01:33:55,0955581876,10,499,ajchang,
2026-08-11 01:33:55,0963165444,10,499,emperor,
2026-08-11 01:33:55,0967456999,10,499,emperor,
2026-08-11 01:33:55,0954311165,10,499,emperor,
2026-08-11 01:33:55,0953459222,10,499,emperor,
2026-08-11 01:33:55,0957645666,10,499,emperor,
2026-08-11 01:33:55,0953211159,10,499,emperor,
2026-08-11 01:33:55,0967816664,10,499,emperor,
2026-08-11 01:34:01,0645678833,11,499,rahu
2026-08-11 01:34:01,0962341115,10,699,universal
2026-08-11 01:34:01,0951723444,10,699,universal
2026-08-11 01:34:01,0953766660,10,899,universal
2026-08-11 01:34:01,0954353111,10,699,universal
2026-08-11 01:34:01,0951700003,10,899,universal
2026-08-11 01:34:01,0973214666,10,699,universal
2026-08-11 01:34:01,0961477776,10,899,universal
2026-08-11 01:34:01,0967365444,10,699,universal
2026-08-11 01:34:01,0962347774,10,899,universal
2026-08-11 01:34:01,0966787772,10,899,rahu
2026-08-11 01:34:01,0938522210,10,699,rahu
2026-08-11 01:34:01,0962322221,10,899,ajchang
2026-08-11 01:34:01,0963745666,10,899,ajchang
2026-08-11 01:34:01,0954366680,10,499,ajchang
2026-08-11 01:34:01,0953211145,10,499,ajchang
2026-08-11 01:34:06,0956744440,14,899,universal,
2026-08-11 01:34:06,0886861234,14,499,rahu,NEW
2026-08-11 01:34:06,0954329222,14,999,naga,
2026-08-11 01:34:06,0855532103,14,499,ajchang,
2026-08-11 01:34:06,0957654442,14,499,emperor,
2026-08-11 01:34:06,0963456661,14,499,emperor,
2026-08-11 01:34:06,0967836000,13,699,universal,
2026-08-11 01:34:06,0826121000,13,699,rahu,
2026-08-11 01:34:06,0968606000,12,499,rahu,
2026-08-11 01:34:06,0886271234,11,499,rahu,NEW
2026-08-11 01:34:06,0955171234,11,699,khanthep,
2026-08-11 01:34:06,0967654224,11,499,emperor,
2026-08-11 01:34:06,0967654422,11,499,emperor,
2026-08-11 01:34:06,0967654646,11,499,emperor,
2026-08-11 01:34:06,0957654646,11,499,emperor,
2026-08-11 01:34:06,0957654466,11,499,emperor,
2026-08-11 01:34:06,0967654664,11,499,emperor,
2026-08-11 01:34:06,0963212777,10,699,universal,
2026-08-11 01:34:06,0953215666,10,699,universal,
2026-08-11 01:34:06,0967532111,10,699,universal,
2026-08-11 01:34:06,0951377770,10,899,universal,
2026-08-11 01:34:06,0966464324,10,699,universal,
2026-08-11 01:34:06,0957322225,10,899,universal,
2026-08-11 01:34:06,0954311555,10,899,universal,
2026-08-11 01:34:06,0963644440,10,1499,universal,
2026-08-11 01:34:06,0959266663,10,1699,universal,
2026-08-11 01:34:06,0964123222,10,899,universal,
2026-08-11 01:34:06,0820456444,10,899,universal,
2026-08-11 01:34:06,0968366661,10,1199,universal,
2026-08-11 01:34:06,0966944448,10,899,universal,
2026-08-11 01:34:06,0952722223,10,1199,universal,
2026-08-11 01:34:06,0956722626,10,899,universal,
2026-08-11 01:34:06,0967599992,10,899,universal,
2026-08-11 01:34:06,0962344484,10,499,rahu,
2026-08-11 01:34:06,0967855151,10,1199,rahu,
2026-08-11 01:34:06,0962877773,10,1199,rahu,
2026-08-11 01:34:06,0832152223,10,499,rahu,
2026-08-11 01:34:06,0966639871,10,699,naga,
2026-08-11 01:34:06,0956729111,10,699,naga,
2026-08-11 01:34:06,0963211919,10,999,naga,
2026-08-11 01:34:06,0957611119,10,999,naga,
2026-08-11 01:34:06,0956796777,10,699,naga,
2026-08-11 01:34:06,0954533339,10,999,naga,
2026-08-11 01:34:06,0963722229,10,999,naga,
2026-08-11 01:34:06,0954211112,10,2199,ajchang,
2026-08-11 01:34:06,0954611119,10,1999,ajchang,
2026-08-11 01:34:06,0953688882,10,1999,ajchang,
2026-08-11 01:34:06,0956511117,10,1999,ajchang,
2026-08-11 01:34:06,0957355551,10,899,ajchang,
2026-08-11 01:34:06,0640122247,10,499,ajchang,
2026-08-11 01:34:06,0855567065,10,499,ajchang,
2026-08-11 01:34:06,0954344462,10,499,emperor,
2026-08-11 01:34:06,0967816664,10,499,emperor,
2026-08-11 01:34:06,0954344426,10,499,emperor,
2026-08-11 01:34:09,0938345666,14,699,universal,
2026-08-11 01:34:09,0825432226,14,499,rahu,NEW
2026-08-11 01:34:09,0826012333,14,699,rahu,
2026-08-11 01:34:09,0643213338,14,499,rahu,
2026-08-11 01:34:09,0834566671,14,499,ajchang,
2026-08-11 01:34:09,0957654442,14,499,emperor,
2026-08-11 01:34:09,0967654446,14,499,emperor,
2026-08-11 01:34:09,0963456661,14,499,emperor,
2026-08-11 01:34:09,0954363666,13,1199,universal,
2026-08-11 01:34:09,0968769000,13,699,naga,
2026-08-11 01:34:09,0909183000,12,499,rahu,
2026-08-11 01:34:11,0956744443,14,899,universal
2026-08-11 01:34:11,0643271666,10,699,universal
2026-08-11 01:34:11,0957311112,10,899,universal
2026-08-11 01:34:11,0999982922,10,1499,universal
2026-08-11 01:34:11,0951633334,10,899,universal
2026-08-11 01:34:11,0967422225,10,1199,khanthep
2026-08-11 01:34:17,0954329222,14,999,naga,
2026-08-11 01:34:17,0956733339,14,999,naga,
2026-08-11 01:34:17,0952765444,14,899,ajchang,
2026-08-11 01:34:17,0967654446,14,499,emperor,
2026-08-11 01:34:17,0957654442,14,499,emperor,
2026-08-11 01:34:17,0957654222,14,499,emperor,
2026-08-11 01:34:17,0858654000,13,699,rahu,
2026-08-11 01:34:17,0963432121,11,699,universal,
2026-08-11 01:34:17,0996789110,11,499,rahu,NEW
2026-08-11 01:34:17,0938383456,11,899,rahu,
2026-08-11 01:34:17,0886351234,11,499,rahu,NEW
2026-08-11 01:34:17,0967654422,11,499,emperor,
2026-08-11 01:34:17,0957654646,11,499,emperor,
2026-08-11 01:34:17,0951711113,10,1199,universal,
2026-08-11 01:34:17,0954394666,10,699,universal,
2026-08-11 01:34:17,0646832111,10,699,universal,
2026-08-11 01:34:17,0964133336,10,899,universal,
2026-08-11 01:34:17,0956752666,10,699,universal,
2026-08-11 01:34:17,0957711116,10,1199,universal,
2026-08-11 01:34:17,0955343222,10,699,universal,
2026-08-11 01:34:17,0834545596,10,1199,universal,
2026-08-11 01:34:17,0917658555,10,899,universal,
2026-08-11 01:34:17,0964133339,10,899,universal,
2026-08-11 01:34:17,0963217771,10,899,universal,
2026-08-11 01:34:17,0963654448,10,699,universal,
2026-08-11 01:34:17,0961288883,10,1199,rahu,
2026-08-11 01:34:17,0658760888,10,499,rahu,
2026-08-11 01:34:17,0954383334,10,899,rahu,
2026-08-11 01:34:17,0952833336,10,1199,khanthep,
2026-08-11 01:34:17,0957766669,10,999,naga,
2026-08-11 01:34:17,0956759333,10,699,naga,
2026-08-11 01:34:17,0956794449,10,999,naga,
2026-08-11 01:34:17,0964122229,10,999,naga,
2026-08-11 01:34:17,0967277779,10,999,naga,
2026-08-11 01:34:17,0955439111,10,699,naga,
2026-08-11 01:34:17,0967199990,10,999,naga,
2026-08-11 01:34:17,0962611117,10,1999,ajchang,
2026-08-11 01:34:17,0645615444,10,1699,ajchang,
2026-08-11 01:34:17,0956545111,10,1699,ajchang,
2026-08-11 01:34:17,0955711116,10,899,ajchang,
2026-08-11 01:34:17,0962355552,10,899,ajchang,
2026-08-11 01:34:17,0961755558,10,899,ajchang,
2026-08-11 01:34:17,0961766662,10,899,ajchang,
2026-08-11 01:34:17,0957655508,10,499,ajchang,
2026-08-11 01:34:17,0957645666,10,499,emperor,
2026-08-11 01:34:17,0957651119,10,499,emperor,
2026-08-11 01:34:17,0963165444,10,499,emperor,
2026-08-11 01:34:17,0953459222,10,499,emperor,
2026-08-11 01:34:17,0954344462,10,499,emperor,
2026-08-11 01:34:17,0953211159,10,499,emperor,
2026-08-11 01:34:17,0954311165,10,499,emperor,
2026-08-11 01:34:17,0967456999,10,499,emperor,
2026-08-11 01:34:17,0967816664,10,499,emperor,
